neighborhood,image_id,detected_text,confidence_score
Gangnam,1003197857963721,출과,0.6748
Gangnam,1003197857963721,듬엄B,0.5432
Gangnam,1003197857963721,2412,0.771
Gangnam,1003197857963721,다어아든,0.7904
Gangnam,1017147865355803,역삼세무서,0.9888
Gangnam,1033995711879804,104다드,0.6164
Gangnam,1046512623956941,1무다,0.5857
Gangnam,1046512623956941,NJTHANL,0.9012
Gangnam,1068146373676810,해키스어학원,0.8892
Gangnam,1068146373676810,43F,0.8657
Gangnam,1068146373676810,<Er,0.6408
Gangnam,1068146373676810,RE든,0.8168
Gangnam,1068146373676810,3변과,0.6487
Gangnam,1068146373676810,서초4동,0.9849
Gangnam,1068146373676810,주민센터,0.9899
Gangnam,1068146373676810,G,0.7784
Gangnam,1068146373676810,TESIPLF,0.8292
Gangnam,1068146373676810,가,0.9999
Gangnam,1068146373676810,3481-581,0.8662
Gangnam,1106198573208634,러,0.7397
Gangnam,1106198573208634,2F,0.8675
Gangnam,1106198573208634,소교기전문점,0.8528
Gangnam,1106198573208634,자,0.7213
Gangnam,1106198573208634,MYO,0.9351
Gangnam,1167240587835724,1,0.9925
Gangnam,1167240587835724,0107,0.9911
Gangnam,1167240587835724,673521,0.9927
Gangnam,1167240587835724,2보,0.5163
Gangnam,1167240587835724,DYOT0,0.552
Gangnam,1167240587835724,이자카야,0.9987
Gangnam,1167240587835724,삼미미국수,0.9937
Gangnam,1167240587835724,삼미비,0.7822
Gangnam,1167240587835724,국수컴,0.6112
Gangnam,1167946988139659,아이카프라자,0.8552
Gangnam,1167946988139659,간,0.5998
Gangnam,1168988617935775,1무투,0.7248
Gangnam,1168988617935775,크도,0.7203
Gangnam,1168988617935775,NU,0.6246
Gangnam,1168988617935775,10171,0.5582
Gangnam,1180103519805852,대고,0.74
Gangnam,1203170371195408,19:44고,0.7095
Gangnam,1230293508807681,R,0.9759
Gangnam,1230293508807681,COde,0.7701
Gangnam,1230293508807681,26년차자,0.6535
Gangnam,127529909395978,프교,0.8299
Gangnam,127529909395978,금층,0.5515
Gangnam,127529909395978,-,0.5451
Gangnam,1335683491446203,5,0.5695
Gangnam,1338219560547754,공금마루,0.5737
Gangnam,1338219560547754,투석,0.9812
Gangnam,1338219560547754,팥,0.5238
Gangnam,1338219560547754,TOUSJ0UR,0.8894
Gangnam,1338219560547754,Thie?G,0.76
Gangnam,1338219560547754,Goffee,0.9998
Gangnam,1338219560547754,Bean,0.999
Gangnam,1354316468286637,프리우스,0.9995
Gangnam,1354316468286637,희삼,0.5378
Gangnam,1354316468286637,101,0.9969
Gangnam,1370021100815983,구1,0.5202
Gangnam,1370021100815983,19,0.8056
Gangnam,1370021100815983,대부단부거입은,0.5573
Gangnam,138868394879795,60,0.9999
Gangnam,138868394879795,IzAirND,0.5371
Gangnam,1419427268496997,/,0.5241
Gangnam,1419427268496997,크스,0.5692
Gangnam,1419427268496997,大,0.7678
Gangnam,143474161093977,예개스어학원,0.7436
Gangnam,1623881914954644,19,0.7031
Gangnam,1623881914954644,아10마미,0.5986
Gangnam,1623881914954644,구등,0.7987
Gangnam,164615212260474,공사중,0.992
Gangnam,164615212260474,부E524옹고서험,0.7183
Gangnam,164615212260474,구께8생집/,0.6441
Gangnam,166519182068033,HLF,0.5047
Gangnam,166519182068033,[,0.8424
Gangnam,166519182068033,/,0.822
Gangnam,1670899587638335,1무,0.7974
Gangnam,1670899587638335,경하류공,0.5179
Gangnam,1670899587638335,지망,0.9838
Gangnam,1670899587638335,AGUETTE,0.9941
Gangnam,1670899587638335,9연세더무은내리의원투식자정,0.7312
Gangnam,1670899587638335,Tie Goflec Benn,0.8313
Gangnam,1708050766762428,B,0.617
Gangnam,1708050766762428,10조원,0.9949
Gangnam,1708050766762428,돌파,0.8238
Gangnam,1708050766762428,r1S,0.5577
Gangnam,173555667981008,셰좋만,0.593
Gangnam,193019259335775,3151시,0.558
Gangnam,1940698592745454,11,0.6876
Gangnam,1940698592745454,견인지,0.8198
Gangnam,1940698592745454,SE,0.7136
Gangnam,207228927632838,광남자일으누리약국,0.6866
Gangnam,209674070782234,연합,0.9586
Gangnam,209674070782234,ELEVEE,0.9076
Gangnam,209674070782234,지통,0.988
Gangnam,209674070782234,AAA,0.999
Gangnam,209674070782234,TRIPLE,0.9998
Gangnam,209674070782234,A,0.9999
Gangnam,209674070782234,COFF,0.9979
Gangnam,210308667237394,서층역상세,0.6846
Gangnam,212679907102694,제입약관,0.5326
Gangnam,212679907102694,LA0g렁,0.5772
Gangnam,2352404555144280,1무중라대1,0.5148
Gangnam,2352404555144280,BVLGAR!,0.9623
Gangnam,243829677507244,6hic,0.9877
Gangnam,243829677507244,CHICKEA,0.7649
Gangnam,243829677507244,EE터,0.6145
Gangnam,243829677507244,FLAF표,0.7194
Gangnam,245470620660804,드리국,0.5211
Gangnam,252594599991122,<시,0.6171
Gangnam,254106896499147,Ait dt루 ae,0.575
Gangnam,2588202284813026,100122967,0.6808
Gangnam,2588202284813026,긴격자,0.6638
Gangnam,2588202284813026,진려폰,0.6311
Gangnam,2588202284813026,1112111:,0.5661
Gangnam,272782937928528,M,0.8673
Gangnam,272782937928528,HOF SOJU,0.9718
Gangnam,272782937928528,피맥문,0.569
Gangnam,272782937928528,대당,0.6605
Gangnam,272782937928528,부동,0.9675
Gangnam,278761447201313,꿰면움구,0.5495
Gangnam,278761447201313,무휴,0.9995
Gangnam,278761447201313,다시,0.5644
Gangnam,278761447201313,I~g-A~A>+~1-$~4,0.5521
Gangnam,278761447201313,108006,0.5155
Gangnam,278761447201313,은,0.7289
Gangnam,278761447201313,시피,0.9969
Gangnam,278761447201313,T587-4900,0.8868
Gangnam,278761447201313,산,0.9998
Gangnam,278761447201313,대,0.9787
Gangnam,278761447201313,10,0.8222
Gangnam,278761447201313,차장,0.9992
Gangnam,278761447201313,5F,0.9907
Gangnam,278761447201313,창과,0.8998
Gangnam,279977310502977,아,0.7714
Gangnam,2813518952232588,Hr,0.5158
Gangnam,281509060308829,표레영,0.7133
Gangnam,281509060308829,ACTOR,0.9213
Gangnam,281509060308829,B1,0.5594
Gangnam,297853171917691,GALLERY,0.9374
Gangnam,3000234980209022,공간부동사50:,0.9127
Gangnam,3000234980209022,6,0.6373
Gangnam,3000234980209022,부동산,1.0
Gangnam,3000234980209022,건물뒤편,0.995
Gangnam,3000234980209022,주릇,0.658
Gangnam,3000234980209022,D든,0.9147
Gangnam,3026091144287744,본클리닉익원,0.8839
Gangnam,3026091144287744,13F사람사랑치과의원,0.9424
Gangnam,3026091144287744,12F,0.8587
Gangnam,3026091144287744,no,0.7016
Gangnam,3026091144287744,and,0.9986
Gangnam,3026091144287744,월매네즈막,0.9256
Gangnam,3026091144287744,마블정형외과의,0.7799
Gangnam,304107347922959,마이요,0.693
Gangnam,304107347922959,보스주로,0.7276
Gangnam,304107347922959,조표,0.6001
Gangnam,304107347922959,R,1.0
Gangnam,304107347922959,은5E,0.6756
Gangnam,304107347922959,이부차량,0.8767
Gangnam,304107347922959,출임금지,0.9462
Gangnam,3052140571668402, Ime,0.6847
Gangnam,3052140571668402,연크,0.5096
Gangnam,3052140571668402,중호고,0.5489
Gangnam,316260610207715,H0,0.5651
Gangnam,316260610207715,문실,0.5383
Gangnam,316260610207715,금연구역,0.9993
Gangnam,320054499490295,FFE,0.6826
Gangnam,328897188585906,울놈논,0.6914
Gangnam,3562922807344220,끄5대,0.7335
Gangnam,3562922807344220,국기원,0.9288
Gangnam,3562922807344220,30,0.9982
Gangnam,3562922807344220,LEE,0.9995
Gangnam,3562922807344220,14,0.6221
Gangnam,377306533634371,이로,0.6038
Gangnam,377306533634371,펠리스,0.8509
Gangnam,377306533634371,그,0.6023
Gangnam,389357315574252,KODFICHFUF,0.7522
Gangnam,389357315574252,BoWi,0.6224
Gangnam,389357315574252,24,0.9999
Gangnam,389357315574252,CimbingPark,0.9969
Gangnam,4097246403882948,1대부구,0.6298
Gangnam,450038932762407,M6,1.0
Gangnam,461284625142710,LLCRE,0.7406
Gangnam,464747557927388,솔이네,0.9804
Gangnam,466653334595288,은,0.7446
Gangnam,466808117956296,궁성하,0.6488
Gangnam,466808117956296,0편2,0.6057
Gangnam,473234280394929,경군,0.6884
Gangnam,473234280394929,타미,0.6939
Gangnam,473234280394929,여로,0.6156
Gangnam,473234280394929,|,0.5733
Gangnam,473234280394929,스레비크,0.8177
Gangnam,473234280394929,포닉,0.7212
Gangnam,473234280394929,2F,0.9807
Gangnam,473234280394929,24,0.9991
Gangnam,473234280394929,맛,0.8564
Gangnam,473234280394929,도,0.9128
Gangnam,473234280394929,래,1.0
Gangnam,473234280394929,418THA!,0.7201
Gangnam,473234280394929,연습장,0.92
Gangnam,473234280394929,예개립나,0.5745
Gangnam,473487340530633,개주은임,0.6879
Gangnam,473767573949272,십가,0.5643
Gangnam,473975823827983,라YH피,0.6117
Gangnam,473975823827983,은,0.6819
Gangnam,473975823827983,09,0.6476
Gangnam,473975823827983,고속터미널,0.9993
Gangnam,473975823827983,Gangnam Stn,0.9964
Gangnam,473975823827983,-,0.6302
Gangnam,473975823827983,1pe5s06,0.6223
Gangnam,473975823827983,반포C,0.9958
Gangnam,473975823827983,HarrTdegy어Br,0.7387
Gangnam,473975823827983,6트,0.6167
Gangnam,473975823827983,담명,0.5485
Gangnam,486825412771396,부산이묵,0.8599
Gangnam,486825412771396,menu,0.9028
Gangnam,486825412771396,꼬마김밥,0.9046
Gangnam,486825412771396,교기쌀국수,0.8374
Gangnam,486825412771396,KCMEWO1,0.7191
Gangnam,486825412771396,J0A구,0.7851
Gangnam,486825412771396,대학학,0.9909
Gangnam,486825412771396,커스에거,0.6682
Gangnam,486825412771396,유어원,0.5815
Gangnam,486825412771396,원기소국기님,0.5256
Gangnam,486825412771396,시,0.6205
Gangnam,488869785690582,눈스선,0.555
Gangnam,488869785690582,ELEVE,0.9933
Gangnam,488869785690582,지통,0.8779
Gangnam,488869785690582,A44,0.8324
Gangnam,488869785690582,TR!!,0.8096
Gangnam,490512138927442,은행,0.9686
Gangnam,490512138927442,그,0.588
Gangnam,490512138927442,먹,0.6548
Gangnam,490512138927442,시,0.9795
Gangnam,490512138927442,FELIZ,0.9897
Gangnam,490512138927442,유흡주점,0.8443
Gangnam,490512138927442,FELIZ,0.9874
Gangnam,490512138927442,컬리스,0.6925
Gangnam,493696601748263,공Y운,0.8006
Gangnam,493696601748263,우전방100,0.9939
Gangnam,493696601748263,2022년01,0.9208
Gangnam,493696601748263,새서울철도,0.9923
Gangnam,493696601748263,유응문운금,0.7986
Gangnam,493696601748263,[070-4163-055,0.9399
Gangnam,494893878370071,스마르정으,0.7489
Gangnam,494893878370071,가정오누정립구,0.515
Gangnam,496785152191343,NCoKr서,0.6129
Gangnam,496785152191343,고,0.8661
Gangnam,501421124313701,[,0.5454
Gangnam,507290553787748,6001,0.9991
Gangnam,507290553787748,GURUF,0.9525
Gangnam,507290553787748,COFFILUE,0.8488
Gangnam,512291619807005,베,0.8933
Gangnam,512291619807005,한국부동산,0.9957
Gangnam,521391149234008,ULLUIH!,0.6078
Gangnam,524177902069199,이트약국,0.8657
Gangnam,524177902069199,약,1.0
Gangnam,533637721348785,호연내과,0.9793
Gangnam,533637721348785,B개인PT/,0.8396
Gangnam,533637721348785,신논현,0.955
Gangnam,533637721348785,약양,0.9938
Gangnam,533637721348785,H0,0.9234
Gangnam,533637721348785,a1a,0.6408
Gangnam,544185444944107,부동산,0.9974
Gangnam,544185444944107,F4,0.8847
Gangnam,544185444944107,566-1932--,0.8357
Gangnam,574025453578844,경이,0.5004
Gangnam,574025453578844,/562,0.96
Gangnam,574025453578844,2별관,0.9989
Gangnam,574025453578844,4원,0.7442
Gangnam,574025453578844,창시요스시,0.8984
Gangnam,574025453578844,이춘복,0.9386
Gangnam,574025453578844,ARRT,0.9021
Gangnam,583315301537050,2025101,0.8077
Gangnam,598889548170584,국기원,0.9981
Gangnam,598889548170584,KUKKIWON TOCK,0.9744
Gangnam,630248063132359,무,0.8404
Gangnam,630248063132359,지하고료,0.7752
Gangnam,630248063132359,50%,0.8507
Gangnam,630248063132359,P디,0.5982
Gangnam,630248063132359,프리랜싯,0.9166
Gangnam,630248063132359,50,0.9981
Gangnam,643483748315849,친배족,0.9804
Gangnam,643483748315849,될,0.5175
Gangnam,662358099622738,1대니마무,0.5483
Gangnam,662358099622738,단,0.6642
Gangnam,674327008341035,의금로,0.5499
Gangnam,674327008341035,투석,0.9306
Gangnam,674327008341035,TOUSLJ0UJS,0.863
Gangnam,674327008341035,은,0.8452
Gangnam,674327008341035,Ghe,0.9896
Gangnam,674327008341035,GoffeeBean,0.9562
Gangnam,674755368401553,1대구대고,0.5771
Gangnam,674755368401553,BAR,0.9983
Gangnam,674755368401553,CDGLE,0.7288
Gangnam,674755368401553,전포차,0.974
Gangnam,674755368401553,Y6Gr,0.6599
Gangnam,674755368401553,2부,0.672
Gangnam,678034678038531,0마,0.6058
Gangnam,685626127340311,1는,0.5872
Gangnam,685626127340311,주정차금치,0.651
Gangnam,686660594026117,1무대,0.6259
Gangnam,686660594026117,3,0.8973
Gangnam,722549955448956,GRAZIA,0.9991
Gangnam,722549955448956,미친가,0.9848
Gangnam,722549955448956,미치게좋은,0.9106
Gangnam,722549955448956,컨텐츠,0.8432
Gangnam,722549955448956,우,0.7303
Gangnam,749439362364157,/41,0.5036
Gangnam,773902873485381,인지역,0.9957
Gangnam,773902873485381,ITWOSON,0.6256
Gangnam,792192405093719,두수선열소,0.9987
Gangnam,795928527966903,동무드,0.7026
Gangnam,796892534598647,터방,0.7888
Gangnam,803030897302415,968,0.9951
Gangnam,807321390190400,수상,0.9932
Gangnam,807321390190400,대상수상,0.9934
Gangnam,807321390190400,퓨레울,0.6586
Gangnam,807321390190400,공농은교,0.6325
Gangnam,807321390190400,최우수상,0.9982
Gangnam,807321390190400,름,0.5408
Gangnam,809001396711292,GALLERY L,0.9621
Gangnam,809001396711292,퓨올,0.5983
Gangnam,823569821600955,아색들,0.6292
Gangnam,823569821600955,재임주차장,0.8384
Gangnam,823569821600955,분주,0.6592
Gangnam,823569821600955,원주추어탕,0.8972
Gangnam,826204248302455,개,0.7682
Gangnam,827001051567296,11111191,0.8389
Gangnam,849186184027498,크,0.9222
Gangnam,849186184027498,THELAVARTOIS,0.8255
Gangnam,856982268362175,로,0.8816
Gangnam,856982268362175,재주신황코이무,0.7683
Gangnam,856982268362175,MANKEE CAADLL,0.9177
Gangnam,857675064836932,10,0.5386
Gangnam,873763403237500,452,0.9985
Gangnam,885256098722463,고/차드,0.845
Gangnam,885256098722463,이상정차,0.9624
Gangnam,885256098722463,난,0.9035
Gangnam,885256098722463,CUBE,0.8625
Gangnam,885256098722463,TO2-53[-925C,0.7586
Gangnam,885256098722463,Thie ,0.8499
Gangnam,885256098722463,Goffe,0.9754
Gangnam,885256098722463,롯데택배,0.9684
Gangnam,901425937321864,정300Z,0.7122
Gangnam,901425937321864,GBUS,0.8591
Gangnam,9267681759989497,무,0.7227
Gangnam,929017277899265,모,0.5577
Gangnam,929017277899265,현로가요,0.6216
Gangnam,929017277899265,건,0.5289
Gangnam,929017277899265,HYURDA!,0.6877
Gangnam,929017277899265,P시A지,0.5036
Gangnam,929017277899265,미드,0.743
Gangnam,929017277899265,다,0.7217
Gangnam,929017277899265,모망폰,0.6039
Gangnam,943462046420781,다,0.9977
Gangnam,943462046420781,앙고치,0.7568
Gangnam,972705143495357,조11,0.7271
Gangnam,972705143495357,/ly,0.5
Gangnam,972705143495357,Seocho,0.9506
Gangnam,9801675416562895,10:단1급,0.6436
Gangnam,9801675416562895,U0,0.5775
Gangnam,9801675416562895,국제,0.8196
Hongdae,1001417597060412,2%0,0.9171
Hongdae,1001417597060412,10%0F,0.7652
Hongdae,1001417597060412,0이,0.5141
Hongdae,1001417597060412,PARTY,0.9507
Hongdae,1001417597060412,ETUDEHOUSE,0.9718
Hongdae,1001417597060412,SeuBeneHsfOr ForeSHERS,0.6385
Hongdae,1001417597060412,부피,0.6922
Hongdae,1001417597060412,코곰,0.7872
Hongdae,1001417597060412,IRLCOLD,0.7224
Hongdae,1001417597060412,9,0.9611
Hongdae,1001417597060412,1/196,0.623
Hongdae,1001417597060412,Oreae!,0.5583
Hongdae,1001417597060412,6,0.986
Hongdae,1009066186531740,n0,0.7159
Hongdae,1009066186531740,Take,0.9997
Hongdae,1009066186531740,11113111,0.7546
Hongdae,1009066186531740,AIMITN,0.6481
Hongdae,1009066186531740,LANEIGE,0.883
Hongdae,1009066186531740,어이,0.5129
Hongdae,1009066186531740,CRIIAU!,0.7599
Hongdae,1009066186531740,WI!,0.7592
Hongdae,1009889163084856,진박서,0.8361
Hongdae,1009889163084856,둥공,0.6153
Hongdae,1009889163084856,물늘을,0.6387
Hongdae,1009889163084856,!,0.5459
Hongdae,1009889163084856,REFL,0.8828
Hongdae,1009889163084856,손분하미리고,0.6867
Hongdae,1009889163084856,에F,0.5879
Hongdae,1009889163084856,6h,0.9933
Hongdae,1009889163084856,!,0.62
Hongdae,1015045829028363,산오정,0.7697
Hongdae,1034297818890280,OOZY COFFEE,0.9712
Hongdae,1034297818890280,6,0.9234
Hongdae,1035567485376812,10-34117%9,0.6361
Hongdae,1035567485376812,공교물교,0.8239
Hongdae,1035567485376812,양장전문,0.8401
Hongdae,1035567485376812,서진든,0.8295
Hongdae,1044753917637208,래찌,0.6967
Hongdae,1044753917637208,|,0.9944
Hongdae,1044753917637208,이야F,0.8014
Hongdae,1044753917637208,호:,0.5685
Hongdae,1044753917637208,3590-5251,0.8461
Hongdae,1044753917637208,205,0.9207
Hongdae,1051051619910101,25,0.765
Hongdae,1051051619910101,자FF50,0.5917
Hongdae,1060676512713871,다,0.6452
Hongdae,1060992782644083,6a0시,0.5489
Hongdae,1060992782644083,비임,0.6906
Hongdae,1064439478472327,개,0.5121
Hongdae,1064439478472327,OFFEE,0.9102
Hongdae,1064439478472327,ESAOOFFEF,0.7514
Hongdae,1067838191342455,휴어사,0.5502
Hongdae,1073520869838237,퍼스투디오,0.7947
Hongdae,1073520869838237,나시,0.6245
Hongdae,1073520869838237,수화요리,0.8971
Hongdae,1073520869838237,이중집,0.7324
Hongdae,1074558971223315,MoTAF는,0.6429
Hongdae,1079015915841074,REPUBLIC,0.9403
Hongdae,1079015915841074,RREF,0.9244
Hongdae,1079015915841074,/044I가,0.5946
Hongdae,1079015915841074,R!,0.6432
Hongdae,1079015915841074,3I?,0.6553
Hongdae,1079015915841074,세계맥주,0.999
Hongdae,1079015915841074,6hic,0.7916
Hongdae,1079015915841074,아플,0.5648
Hongdae,1079015915841074,144-708,0.9824
Hongdae,1080128744176976,DO2Y COFFEE,0.8847
Hongdae,1080128744176976,건론~오,0.6295
Hongdae,1086065908585703,중,0.5608
Hongdae,1091437852849435,44,0.7603
Hongdae,1092023201292398,T원!:3143-0525,0.8774
Hongdae,1092023201292398,도청탐자,0.9235
Hongdae,1092023201292398,성지의,0.9784
Hongdae,1092023201292398,VOCAT,0.8857
Hongdae,1092023201292398,33-402,0.9157
Hongdae,1097222175804429,리공시,0.8055
Hongdae,1097222175804429,[2UIA,0.586
Hongdae,1104422820040926,시터더오로스,0.6605
Hongdae,1104422820040926,터요,0.6489
Hongdae,1104422820040926,호,0.97
Hongdae,111461154352710,시다리지,0.7794
Hongdae,111461154352710,허용울,0.6657
Hongdae,111461154352710,공사차랑진출입로,0.8643
Hongdae,111461154352710,민건은명콩심니다,0.5297
Hongdae,111461154352710,퓨요,0.5059
Hongdae,111461154352710,피피우,0.5292
Hongdae,1156734449507697,태음올바른스시,0.8665
Hongdae,1156734449507697,대비대무교8,0.5855
Hongdae,1213263773343789,HS:,0.7275
Hongdae,1213263773343789,공,0.7838
Hongdae,1220559815927738,GS25,0.9943
Hongdae,1220559815927738,FLSEOUL,0.7442
Hongdae,1236247831559230,338-1662,0.9721
Hongdae,1236247831559230,OL!,0.5994
Hongdae,1264887695260029,아로마,0.9767
Hongdae,1265014711662644,래짱,0.9584
Hongdae,1265014711662644,YD연!,0.6685
Hongdae,1265014711662644,이비임후과,0.8605
Hongdae,1288186333309777,002!,0.9355
Hongdae,1288186333309777,COFFEE,0.9999
Hongdae,1288186333309777,대,0.741
Hongdae,1348537002195236,운금운노과,0.6683
Hongdae,1348537002195236,교동,0.9428
Hongdae,1348537002195236,허용,0.7303
Hongdae,1348537002195236,음,0.8752
Hongdae,1348537002195236,궁포,0.6202
Hongdae,135794488544465,타복상,0.97
Hongdae,135794488544465,COFFEE,0.9998
Hongdae,135794488544465,COFFEE,0.9994
Hongdae,135794488544465,MEGA MG OCOFFEE,0.9912
Hongdae,135794488544465,VEAIMELOIFE,0.6946
Hongdae,135794488544465,도,0.7755
Hongdae,135794488544465,100%,0.9999
Hongdae,135794488544465,MAKES,1.0
Hongdae,135794488544465,FLITER26L,0.6323
Hongdae,135794488544465,PREMIUM,0.9997
Hongdae,135794488544465,EVERYTHING,0.9999
Hongdae,135794488544465,ARABICA,1.0
Hongdae,135794488544465,COFFEE,0.9997
Hongdae,135794488544465,아메리카노,0.8994
Hongdae,135794488544465,OKAYER,1.0
Hongdae,135794488544465,1500원,0.9966
Hongdae,1359957828638237,GS25,0.9994
Hongdae,1359957828638237,FCSEOUL,0.8989
Hongdae,1360172621730293,O0ZY COFFE,0.8723
Hongdae,1365667197850620,이이립기,0.6861
Hongdae,1365667197850620,F0u운F,0.5401
Hongdae,1365667197850620,S01원,0.5867
Hongdae,1365667197850620,T323-6455,0.9296
Hongdae,1367687957854906,Y,1.0
Hongdae,1367687957854906,하리공,0.6822
Hongdae,138857048180205,파매째재,0.606
Hongdae,138857048180205,공는이,0.6739
Hongdae,138857048180205,오요드스,0.6375
Hongdae,138857048180205,모고,0.8101
Hongdae,138857048180205,월장교기,0.7592
Hongdae,138857048180205,마사지후,0.9825
Hongdae,138857048180205,1411111!,0.617
Hongdae,138857048180205,구미,0.8773
Hongdae,138857048180205,157,0.5164
Hongdae,138857048180205,292,0.9999
Hongdae,1393431981012557,GB,0.9934
Hongdae,1393431981012557,아카,0.9999
Hongdae,1393431981012557,고무,0.5487
Hongdae,1393431981012557,:,0.8601
Hongdae,1393431981012557,미,0.6676
Hongdae,1393431981012557,T01:3143-9525,0.9353
Hongdae,1393431981012557,IVSOA,0.7204
Hongdae,1393431981012557,O BABEANS,0.9929
Hongdae,1396205274859776,P킨,0.6768
Hongdae,1396205274859776,OLIVE,0.9762
Hongdae,1396205274859776,5000,0.903
Hongdae,1396205274859776,구제만독,0.8022
Hongdae,1399834367052103,터o,0.6358
Hongdae,1399834367052103,호음,0.62
Hongdae,1399834367052103,에,0.9672
Hongdae,1399834367052103,1010A12525,0.8912
Hongdae,140650808051158,유금운농구르,0.5299
Hongdae,140650808051158,허용,0.578
Hongdae,140650808051158,을,0.7486
Hongdae,140650808051158,무음웅궁,0.5469
Hongdae,140650808051158,하,0.943
Hongdae,140650808051158,지피스소,0.6676
Hongdae,140650808051158,피교호,0.5498
Hongdae,140650808051158,금공CYRE,0.5382
Hongdae,1418015305897735,2동,0.9909
Hongdae,1418015305897735,OOZY COFFEE,0.9718
Hongdae,1418015305897735,무요,0.8221
Hongdae,1418015305897735,ace,0.6665
Hongdae,141878341261274,여거0크거,0.5831
Hongdae,141878341261274,내움,0.805
Hongdae,141878341261274,무교,0.6446
Hongdae,141878341261274,모상고용,0.6196
Hongdae,141878341261274,눈하Z,0.6375
Hongdae,141878341261274,피오,0.6265
Hongdae,141878341261274,이모피이,0.509
Hongdae,1426066322142040,신속중,0.6897
Hongdae,1426066322142040,Police,0.9944
Hongdae,1426066322142040,200m,0.9996
Hongdae,1428319215072201,대대,0.5053
Hongdae,1428319215072201,Caeteria,0.8648
Hongdae,1428319215072201,haea!,0.792
Hongdae,1428319215072201,소풍,0.9915
Hongdae,1428319215072201,금름,0.5126
Hongdae,1429381177423249,쇼망,0.7058
Hongdae,1429381177423249,600시2보!,0.7605
Hongdae,1435025164229669,어사승요,0.6613
Hongdae,144542961024359,MEGA,1.0
Hongdae,144542961024359,MGC,0.9991
Hongdae,144542961024359,COFFEE,1.0
Hongdae,144542961024359,아메리,0.9998
Hongdae,144542961024359,150,0.9994
Hongdae,144542961024359,추천음료:,0.8951
Hongdae,144667564307177,-!,0.6129
Hongdae,144667564307177,0,0.5044
Hongdae,144667564307177,느,0.7719
Hongdae,144667564307177,Gafe,0.9015
Hongdae,144909184283331,등,0.9707
Hongdae,144909184283331,계임,0.8162
Hongdae,144909184283331,-,0.9312
Hongdae,1449864586196781,른마트,0.7072
Hongdae,1449864586196781,금,0.9445
Hongdae,1449864586196781,함보포금의입금지진,0.5761
Hongdae,1449864586196781,무,0.6183
Hongdae,1449925118681892,나1,0.5227
Hongdae,1449925118681892,FRI,0.5068
Hongdae,1449925118681892,티미막국중,0.8119
Hongdae,1449925118681892,금,0.532
Hongdae,1449925118681892,논,0.7753
Hongdae,1449925118681892,UR,0.7412
Hongdae,1449925118681892,케임,0.757
Hongdae,1449925118681892,기,0.5229
Hongdae,1449925118681892,TORE,1.0
Hongdae,1449925118681892,A/704,0.8672
Hongdae,1449925118681892,SHOESLAB,1.0
Hongdae,1449925118681892,시,0.8781
Hongdae,1449925118681892,FOLDER,0.9134
Hongdae,1463669428400617,소풍,0.9806
Hongdae,1463669428400617,1무,0.5257
Hongdae,1463669428400617,2!,0.6245
Hongdae,1479929693447707,Pourtoi,0.8865
Hongdae,153500183411414,비회,0.5761
Hongdae,157043553093628,EGA MG,0.9993
Hongdae,157043553093628,CCOFF,0.9995
Hongdae,157043553093628,MEGA MGC,0.9446
Hongdae,157043553093628,COFFEE,1.0
Hongdae,157043553093628,COFFEE,0.9992
Hongdae,157043553093628,MAKES,1.0
Hongdae,157043553093628,EVERYTHING,0.9999
Hongdae,157043553093628,OKAYER,1.0
Hongdae,1581380272782690,-,0.9293
Hongdae,1581380272782690,T7/,0.575
Hongdae,158454946237163,CGV,0.9482
Hongdae,161867405941176,무사,0.5975
Hongdae,161867405941176,10000,0.9363
Hongdae,161867405941176,3000,0.9995
Hongdae,161924159207481,LGUC,0.8688
Hongdae,161924159207481,논미,0.6639
Hongdae,161924159207481,R,0.9989
Hongdae,161924159207481,게임,0.9927
Hongdae,162932532434911,"""OC음고",0.8225
Hongdae,162932532434911,W,0.803
Hongdae,1637454889773029,SUPER SALE,0.9502
Hongdae,1637454889773029,DMEON,0.9446
Hongdae,1637454889773029,부09구고님,0.5262
Hongdae,1637454889773029,SUPER SALE,0.9456
Hongdae,164184655636699,행보한잔,0.8761
Hongdae,164184655636699,름H피,0.8289
Hongdae,164184655636699,농굴문공,0.7826
Hongdae,164184655636699,아메로,0.7464
Hongdae,164184655636699,LOM,0.7098
Hongdae,164184655636699,15,0.9994
Hongdae,164184655636699,추현음료:,0.8509
Hongdae,167791218511198,쇼킹,0.9632
Hongdae,167791218511198,STAY,0.9478
Hongdae,167791218511198,국신역,0.5928
Hongdae,170550974989421,111,0.6071
Hongdae,170550974989421,G,0.9345
Hongdae,170550974989421,5논어마,0.7875
Hongdae,170550974989421,IAnd harEIT?,0.7214
Hongdae,170550974989421,X자남사,0.5738
Hongdae,170550974989421,2015/05,0.9806
Hongdae,171150594927326,|I[C,0.5768
Hongdae,171150594927326,쇼링노제밤,0.7406
Hongdae,171150594927326,00N2IHE,0.8329
Hongdae,171150594927326,어느다운나라',0.7491
Hongdae,171150594927326,치하,0.5498
Hongdae,171150594927326,S5A-T241SM FhNSC0 LID,0.6884
Hongdae,171150594927326,ProtG,0.8309
Hongdae,171150594927326,-,0.7755
Hongdae,171150594927326,UEPROIG,0.5814
Hongdae,171150594927326,하이트비야,0.8635
Hongdae,171150594927326,자,0.8788
Hongdae,171150594927326,가진파맛있는집,0.8746
Hongdae,171150594927326,내,0.5727
Hongdae,173149338057371,공늘하마문모,0.6547
Hongdae,173149338057371,DBABEANS,0.9057
Hongdae,1748575596052226,문소208,0.5066
Hongdae,175133904509702,용울,0.5487
Hongdae,175133904509702,공사차랑진출임로,0.8803
Hongdae,175687807783807,Out B1,0.9477
Hongdae,175687807783807,Take,0.9861
Hongdae,175687807783807,리A04에,0.5146
Hongdae,175687807783807,F십1NY1,0.6253
Hongdae,175687807783807,이,0.9889
Hongdae,175687807783807,WNM!,0.6668
Hongdae,175687807783807,애경,0.6955
Hongdae,175687807783807,NH,0.8735
Hongdae,175687807783807,1,0.8507
Hongdae,177019920978651,GB,0.9513
Hongdae,177019920978651,아카데미유,0.999
Hongdae,1773167583275202,차어사장을,0.7282
Hongdae,1836089226592761,끔치국,0.7415
Hongdae,1836089226592761,24시영업,0.997
Hongdae,1836089226592761,장치생태구도주북남골이계절병,0.7783
Hongdae,1836089226592761,자연산회해물전운,0.914
Hongdae,1836089226592761,BAR,1.0
Hongdae,1836089226592761,3AR,0.9946
Hongdae,1836089226592761,그,0.5092
Hongdae,1836089226592761,오,0.9673
Hongdae,1836089226592761,클를,0.801
Hongdae,186611656654312,대신목냉재,0.5003
Hongdae,186611656654312,가자미,0.9542
Hongdae,186611656654312,해삼,0.9272
Hongdae,186611656654312,또는,1.0
Hongdae,186611656654312,0유,0.5888
Hongdae,186611656654312,39000원,0.9999
Hongdae,186611656654312,해물모듬회,0.9947
Hongdae,186611656654312,산낙지전복멍게,0.896
Hongdae,186611656654312,해상개불광어연어,0.9528
Hongdae,186611656654312,40000원,0.9986
Hongdae,186611656654312,/정,0.9679
Hongdae,186611656654312,르는,0.8924
Hongdae,1878982212898353,사보쿠,0.6304
Hongdae,188300059816602,도청담,0.8334
Hongdae,192391109293096,는,0.9969
Hongdae,1925877344854740,실인론된,0.6601
Hongdae,1936386750534464,322-8894,0.9984
Hongdae,1936386750534464,아로마,0.9274
Hongdae,1936386750534464,U{o:,0.8389
Hongdae,1936386750534464,한,1.0
Hongdae,1936386750534464,부기가,0.6492
Hongdae,1936386750534464,이,0.6169
Hongdae,1936386750534464,전자낭,0.7649
Hongdae,1936386750534464,원,0.982
Hongdae,1938071636967586,1동,0.9179
Hongdae,1938071636967586,화어사솥을,0.5609
Hongdae,1951653035572357,201,0.7914
Hongdae,1951653035572357,YCCEKGRT,0.9219
Hongdae,1951653035572357,MEGA,0.9615
Hongdae,1951653035572357,CUFFEF,0.9158
Hongdae,2048400048652218,파담델크,0.5493
Hongdae,2048400048652218,연즈,0.5633
Hongdae,2048400048652218,MEGA,1.0
Hongdae,2048400048652218,MGC,0.9999
Hongdae,2048400048652218,COFFEE,1.0
Hongdae,2048400048652218,아메리,0.9999
Hongdae,2048400048652218,150,0.9997
Hongdae,2048400048652218,플,0.5669
Hongdae,2100919627049687,Toleli시,0.748
Hongdae,2100919627049687,OLIVE,0.9068
Hongdae,2100919627049687,YOUNG,0.9999
Hongdae,2127622504384723,CAFE GATE,0.9996
Hongdae,226644208798422,100%,0.9898
Hongdae,226644208798422,KES,0.999
Hongdae,226644208798422,PrEMiun,0.7471
Hongdae,226644208798422,ARABICA,0.9994
Hongdae,226644208798422,YIHING,0.8669
Hongdae,226644208798422,COFEE:,0.7868
Hongdae,226644208798422,YER,0.7969
Hongdae,2433839256748495,RETALLLTL,0.8029
Hongdae,2433839256748495,총대외식복협관,0.8536
Hongdae,2433839256748495,주차장,0.9961
Hongdae,2433839256748495,A2-F90,0.5957
Hongdae,2433839256748495,시,0.6342
Hongdae,2433839256748495,3009,0.6918
Hongdae,2433839256748495,종,0.5718
Hongdae,2433839256748495,10000,0.9997
Hongdae,2433839256748495,주,0.9969
Hongdae,2433839256748495,CGV,0.8453
Hongdae,2433839256748495,13000,0.9998
Hongdae,2458778047810805,이비,0.729
Hongdae,2458778047810805,통교점,0.9092
Hongdae,2458778047810805,T338-1G52,0.8762
Hongdae,2458778047810805,LIAVF,0.6191
Hongdae,250825773494457,치리이트전로,0.6382
Hongdae,250825773494457,피,0.6298
Hongdae,250825773494457,창HoUd,0.667
Hongdae,253544236522366,STAY,0.9615
Hongdae,2594681967501867,너V든,0.7663
Hongdae,2594681967501867,피TF,0.7139
Hongdae,2594681967501867,GOOK;ZINE,0.9417
Hongdae,2594681967501867,어름다운,0.9826
Hongdae,2594681967501867,SEA-TRAns$+ +fNg CO LiD',0.742
Hongdae,2594681967501867,부27510,0.7286
Hongdae,2594681967501867,ot,0.8429
Hongdae,2594681967501867,물는,0.6747
Hongdae,2594681967501867,BEER BANG,0.9564
Hongdae,2594681967501867,하이트비어,0.9594
Hongdae,2594681967501867,여말업터회학:,0.5323
Hongdae,2594681967501867,=,0.9923
Hongdae,2594681967501867,색,0.8783
Hongdae,2594681967501867,주가진까맛있는집,0.8882
Hongdae,264076782171146,큰스카이,0.8343
Hongdae,264076782171146,금시,0.612
Hongdae,264076782171146,산오쟁물이,0.7617
Hongdae,2682366168621204,밤,0.8701
Hongdae,2682366168621204,덮밤면,0.9454
Hongdae,2689372314687271,양,0.987
Hongdae,270718931466893,0%어,0.8894
Hongdae,270718931466893,이4이,0.6486
Hongdae,270718931466893,SOOHIODFE,0.6936
Hongdae,270718931466893,C00,0.5912
Hongdae,270718931466893,1/616FF1고,0.5398
Hongdae,274437467727888,00000Th12N6,0.8324
Hongdae,274437467727888,JODCSM1B5,0.7075
Hongdae,274437467727888,1A5SET8PAG,0.6741
Hongdae,274437467727888,PAR,1.0
Hongdae,274437467727888,ETUDEH,0.9595
Hongdae,274437467727888,S금시3럼,0.7214
Hongdae,274437467727888,SPECA!,0.8378
Hongdae,274437467727888,모보문는,0.6392
Hongdae,274437467727888,1,0.858
Hongdae,277398304081387,68,0.7703
Hongdae,277398304081387,VO[,0.9718
Hongdae,277398304081387,X,0.7615
Hongdae,277398304081387,DVD,0.9861
Hongdae,277398304081387,인룰H스,0.5898
Hongdae,277398304081387,사진,0.9994
Hongdae,2823945134523658,MEGA,1.0
Hongdae,2823945134523658,MGC COFFEE,0.959
Hongdae,2823945134523658,아메리,0.9999
Hongdae,2823945134523658,150,0.9996
Hongdae,2823945134523658,질몽공흥:,0.5555
Hongdae,283218776824675,헌산자포시란,0.5913
Hongdae,283218776824675,표시짐독,0.6646
Hongdae,283218776824675,어버,0.9085
Hongdae,284103366775923,곰치국,0.994
Hongdae,284103366775923,인나시영업,0.751
Hongdae,284103366775923,4호션,0.6005
Hongdae,284103366775923,BAR,0.9998
Hongdae,284103366775923,BAR,1.0
Hongdae,284103366775923,급모사거교,0.5518
Hongdae,286407269827823,이쿠은단국레위수피로단숙중,0.5521
Hongdae,2865179377058079,대,0.5339
Hongdae,2865179377058079,A-COFF!,0.8362
Hongdae,2865179377058079,|노,0.7306
Hongdae,287749216347683,성지,0.9994
Hongdae,287749216347683,약,0.9994
Hongdae,292814289061002,진박사,0.8654
Hongdae,292814289061002,60%,0.8108
Hongdae,292814289061002,CAa,0.7482
Hongdae,292814289061002,중,0.6299
Hongdae,292814289061002,REPUBLL,0.9661
Hongdae,292814289061002,RE,0.9998
Hongdae,292814289061002,Dvd?,0.6478
Hongdae,292814289061002,3,0.9986
Hongdae,292814289061002,문어,0.7405
Hongdae,292814289061002,세계맥주,0.9652
Hongdae,292814289061002,모드매담,0.6145
Hongdae,292814289061002,세,0.6511
Hongdae,292814289061002,hC,0.5929
Hongdae,292814289061002,아남,0.6699
Hongdae,297010491970875,DV,0.9673
Hongdae,297010491970875,사진,0.9987
Hongdae,299051381712647,LI/E,0.6107
Hongdae,299051381712647,SUPER SAL,0.9183
Hongdae,299051381712647,andals,0.9921
Hongdae,2994495310710706,GS25,0.8758
Hongdae,2994495310710706,FLSE,0.8749
Hongdae,299528318566105,DL0I,0.5778
Hongdae,299528318566105,3000,0.9999
Hongdae,302830228061327,Out B1,0.8773
Hongdae,302830228061327,Take,0.9922
Hongdae,302830228061327,HTVIMV,0.7393
Hongdae,302830228061327,1,0.7216
Hongdae,302830228061327,비3NV1,0.7672
Hongdae,302830228061327,러이,0.5551
Hongdae,302830228061327,10V11,0.8628
Hongdae,302830228061327,H무,0.5492
Hongdae,302830228061327,WNN!,0.7878
Hongdae,302830228061327,애장,0.8753
Hongdae,302830228061327,NDH,0.8158
Hongdae,302830228061327,어너,0.5491
Hongdae,30349338861346243,니,0.5578
Hongdae,304315221272044,CUINNESS,0.933
Hongdae,304315221272044,Beer Bang,0.9548
Hongdae,304315221272044,Grlslerg,0.8263
Hongdae,304315221272044,Hloud,0.9104
Hongdae,304315221272044,낮술,0.9999
Hongdae,304315221272044,FUPODCA,0.7601
Hongdae,304315221272044,Free,0.9804
Hongdae,304315221272044,BEERF,0.8718
Hongdae,304315221272044,BAN,0.9727
Hongdae,304315221272044,예약가능,0.9723
Hongdae,309574790554911,100%,0.9997
Hongdae,309574790554911,C,0.6037
Hongdae,309574790554911,AKES,0.9723
Hongdae,309574790554911,PREMIUN,0.9937
Hongdae,309574790554911,CAER,0.7588
Hongdae,309574790554911,ARABICA,0.9997
Hongdae,309574790554911,COFFEE,0.9954
Hongdae,31213362298262819,안마,0.9824
Hongdae,31213362298262819,결드림동점,0.5682
Hongdae,31213362298262819,헤어삼,0.8014
Hongdae,31213362298262819,관신,0.983
Hongdae,314170896867350,CAa,0.7774
Hongdae,314170896867350,CAG,0.921
Hongdae,3176549512521942,322-889,0.9629
Hongdae,3176549512521942,DPULE,0.9133
Hongdae,3176549512521942,:,0.9156
Hongdae,3176549512521942,101,0.8524
Hongdae,3176549512521942,의,0.9972
Hongdae,318990926330809,오,0.5213
Hongdae,3209557862663859,주,0.5191
Hongdae,3209557862663859,9rKO!,0.6385
Hongdae,3209557862663859,6I,0.5645
Hongdae,3209557862663859,!,0.6394
Hongdae,3209557862663859,3I3,0.7264
Hongdae,3209557862663859,세계맥주,0.9989
Hongdae,3209557862663859,109,0.826
Hongdae,3209557862663859,6hic,0.8585
Hongdae,3290520484406294,이제카록으로,0.8038
Hongdae,3290520484406294,커피주문하세요,0.9045
Hongdae,334449231692492,등,0.9684
Hongdae,334449231692492,일는,0.6127
Hongdae,334449231692492,하단,0.6348
Hongdae,334449231692492,PG,0.7357
Hongdae,334449231692492,VR,0.7347
Hongdae,335765734598472,195110156,0.6289
Hongdae,335765734598472,나스,0.5423
Hongdae,340776117384318,연주잠,0.5021
Hongdae,350210643198510,쇼킹,0.9875
Hongdae,350210643198510,G91561대1,0.6602
Hongdae,350210643198510,STAY,1.0
Hongdae,350210643198510,Cafe6AF,0.6448
Hongdae,350210643198510,국산백주,0.7991
Hongdae,350210643198510,고원,0.71
Hongdae,350210643198510,수입액주와,0.9277
Hongdae,350210643198510,맛았는안주름,0.777
Hongdae,350210643198510,느껴보서요,0.771
Hongdae,352245462903425,Take Out B1,0.9789
Hongdae,352245462903425,CCTV,0.9999
Hongdae,352245462903425,공금아플,0.6541
Hongdae,352245462903425,고공,0.6031
Hongdae,352245462903425,NLIT,0.7026
Hongdae,352245462903425,부I,0.6491
Hongdae,352245462903425,4EISE,0.6676
Hongdae,352245462903425,KRITALKS,0.6683
Hongdae,352245462903425,WMI!,0.7487
Hongdae,352245462903425,CHICKEN,0.9999
Hongdae,3526328700926377,사진박사,0.9561
Hongdae,3526328700926377,6등공,0.5585
Hongdae,3526328700926377,aAa,0.7366
Hongdae,3526328700926377,05원,0.5681
Hongdae,3526328700926377,IRE REPUBLIC,0.9064
Hongdae,3526328700926377,Dndd,0.6573
Hongdae,3526328700926377,럼,0.5682
Hongdae,3526328700926377,요푸러고,0.687
Hongdae,3526328700926377,337-3479,0.9944
Hongdae,3526328700926377,요,0.7786
Hongdae,3526328700926377,남근어,0.6186
Hongdae,3526328700926377,EAFE,0.9984
Hongdae,3526328700926377,티라미수집트,0.9089
Hongdae,3526328700926377,스터면,0.6202
Hongdae,3526328700926377,고,0.5486
Hongdae,3666644670108924,원산지,0.9984
Hongdae,3666644670108924,표시판,0.9999
Hongdae,3666644670108924,표시품목,0.9986
Hongdae,371916070888859,소링고밤,0.5294
Hongdae,371916070888859,11447A15FfPA,0.6577
Hongdae,371916070888859,T,0.5826
Hongdae,371916070888859,자,0.6536
Hongdae,371916070888859,이트비하F,0.6524
Hongdae,371916070888859,가집자무있는검,0.6336
Hongdae,373945384003380,다금,0.8061
Hongdae,376390463697510,GA MG,0.9787
Hongdae,376390463697510,CCo,0.8626
Hongdae,376390463697510,MEGA MGC COFFEE,0.9858
Hongdae,376390463697510,COFFEE,0.9991
Hongdae,376390463697510,MAKES,0.9999
Hongdae,376390463697510,EVERYTHING,0.9998
Hongdae,376390463697510,OKAYER,1.0
Hongdae,381082999854877,/ANS,0.8925
Hongdae,381082999854877,무I/,0.5709
Hongdae,381082999854877,로유오,0.648
Hongdae,381082999854877,금구가림을,0.5339
Hongdae,381082999854877,38념,0.7632
Hongdae,3951435068452346,CAFE GATE,0.9935
Hongdae,3951435068452346,1500,0.9855
Hongdae,3963407197085519,GUINNESS,0.9982
Hongdae,3963407197085519,대,0.7611
Hongdae,3963407197085519,27500,0.9999
Hongdae,3963407197085519,소주는,0.9924
Hongdae,3963407197085519,퓨표,0.5775
Hongdae,3963407197085519,리포,0.9969
Hongdae,3963407197085519,깨끗공,0.8048
Hongdae,3963407197085519,Welc,0.9999
Hongdae,3963407197085519,이터,0.7417
Hongdae,3963407197085519,자,0.6991
Hongdae,3963407197085519,BerBolig,0.5907
Hongdae,3963407197085519,Grberg,0.8152
Hongdae,3963407197085519,36500,0.9999
Hongdae,3963407197085519,Chicken,0.9914
Hongdae,3963407197085519,&,1.0
Hongdae,3963407197085519,Beer,0.9994
Hongdae,3963407197085519,55,0.6614
Hongdae,3963407197085519,낮줄,0.859
Hongdae,3963407197085519,과F,0.6709
Hongdae,3963407197085519,대완영,0.8737
Hongdae,3963407197085519,리포,0.9941
Hongdae,3963407197085519,ER,0.7719
Hongdae,3963407197085519,REERD,0.8263
Hongdae,3963407197085519,단체예약가능,0.979
Hongdae,3963407197085519,문의,0.8878
Hongdae,3963407197085519,0231411599,0.942
Hongdae,3963407197085519,이트비어뱅,0.9985
Hongdae,3963407197085519,대,0.7331
Hongdae,3963407197085519,맛있는,0.9984
Hongdae,3963407197085519,집짜,0.774
Hongdae,3963407197085519,가,0.9982
Hongdae,3963407197085519,맥주,0.9989
Hongdae,3963407197085519,클라,0.9992
Hongdae,3963407197085519,만든,0.9999
Hongdae,3963407197085519,진짜,0.9968
Hongdae,3963407197085519,제대로,0.9989
Hongdae,3973966319360458,구텔,0.5204
Hongdae,3973966319360458,Dv,0.8052
Hongdae,3973966319360458,[],0.9307
Hongdae,4012878508758957,원산지,0.9793
Hongdae,4012878508758957,표시판,0.9984
Hongdae,4012878508758957,표시품목,0.9913
Hongdae,4012878508758957,음식명,0.9681
Hongdae,4049361278725167, DOUELE,0.8472
Hongdae,4049361278725167,DUCAD,0.6151
Hongdae,4049361278725167,한이,0.5925
Hongdae,4049361278725167,POUT,0.7802
Hongdae,4055803231173743,Beer Bang,0.9941
Hongdae,4055803231173743,Grslier'g,0.7759
Hongdae,4055803231173743,낮술,0.9991
Hongdae,4055803231173743,휴식,0.9821
Hongdae,4055803231173743,대환영,0.9895
Hongdae,4055803231173743,40%,0.9287
Hongdae,4055803231173743,할믿,0.8807
Hongdae,4055803231173743,드,0.7716
Hongdae,4055803231173743,Moud,0.7674
Hongdae,4126041394131163,시다리다,0.6584
Hongdae,4230571310288867,56,0.5676
Hongdae,4230571310288867,[,0.8827
Hongdae,4230571310288867,NS,0.8097
Hongdae,4230571310288867,333,0.9962
Hongdae,4230571310288867,PT이문,0.6049
Hongdae,4230571310288867,26,0.9987
Hongdae,4230571310288867,Solb,0.97
Hongdae,4230571310288867,1,0.6108
Hongdae,4230571310288867,TIMGOLD,0.8666
Hongdae,4278526812234145,부분만,0.6717
Hongdae,4278526812234145,지배,0.5891
Hongdae,4278526812234145,곰치국,0.8791
Hongdae,4278526812234145,023367707,0.9968
Hongdae,4278526812234145,주용농T본오폰,0.5307
Hongdae,4278526812234145,드피,0.5197
Hongdae,4278526812234145,마음버스슴차장,0.9381
Hongdae,4278526812234145,BAR,1.0
Hongdae,4278526812234145,BAR,1.0
Hongdae,4278526812234145,대포이,0.7056
Hongdae,4278526812234145,본교로사거리,0.9564
Hongdae,4278526812234145,오,0.7144
Hongdae,4278526812234145,큰,0.6809
Hongdae,4300221526728935,G:,0.9141
Hongdae,4300221526728935,아카데,0.9973
Hongdae,4300221526728935,연수생도점,0.7388
Hongdae,4300221526728935,무든,0.8084
Hongdae,4300221526728935,D BABEANS,0.8897
Hongdae,4335997343118960,스탁복셀,0.7803
Hongdae,4335997343118960,오렌지보제장,0.5608
Hongdae,4335997343118960,BLGU,0.7975
Hongdae,4335997343118960,YACOFFELE,0.9426
Hongdae,4335997343118960,먹자,0.5537
Hongdae,4335997343118960,O아,0.9564
Hongdae,4343317655730931,I!,0.6489
Hongdae,4343317655730931,&HOF,0.9761
Hongdae,4343317655730931,CHICKEN,0.9961
Hongdae,4343317655730931,위목성영,0.502
Hongdae,462887531453193,S4T,0.5925
Hongdae,462887531453193,BAR,1.0
Hongdae,467206197688741,RETALILIT,0.7401
Hongdae,467206197688741,총대외식복합관주차장,0.983
Hongdae,467206197688741,A710-A1-00,0.7215
Hongdae,467206197688741,HG,0.5292
Hongdae,467206197688741,구0단부30년,0.6135
Hongdae,467206197688741,30002,0.9468
Hongdae,467206197688741,10000,0.9998
Hongdae,467206197688741,기주차,0.8477
Hongdae,467206197688741,CGV!,0.7264
Hongdae,467206197688741,주함,0.6239
Hongdae,467206197688741,13000,0.9998
Hongdae,467206197688741,CR,0.6071
Hongdae,469033704188003,336-9277,0.9945
Hongdae,469033704188003,청기와,0.9989
Hongdae,469033704188003,성교기,0.6903
Hongdae,469033704188003,너입속눈샘,0.7745
Hongdae,469033704188003,정건과,0.6744
Hongdae,469033704188003,334~경336,0.9576
Hongdae,469033704188003,나쁜여자BAR,0.996
Hongdae,469033704188003,유기짜생고기,0.8129
Hongdae,469033704188003,6몸,0.5302
Hongdae,469033704188003,10-5,0.8528
Hongdae,469033704188003,-,0.6958
Hongdae,469033704188003,0는,0.7422
Hongdae,469033704188003,수바베큐,0.7633
Hongdae,469033704188003,골병이무침,0.8395
Hongdae,469033704188003,모듬소세지,0.9954
Hongdae,469033704188003,류금,0.5089
Hongdae,469033704188003,10B,0.7783
Hongdae,470089864256265,||,0.608
Hongdae,470089864256265,부미제재,0.7218
Hongdae,470089864256265,스아휘궤전문,0.5837
Hongdae,470089864256265,나번여자,0.8269
Hongdae,470089864256265,192,0.7203
Hongdae,470089864256265,유정고기,0.6798
Hongdae,470089864256265,치킨,0.9052
Hongdae,470089864256265,AR,0.6346
Hongdae,470089864256265,BL,0.6082
Hongdae,470089864256265,마사지농,0.8893
Hongdae,470089864256265,팔팔,0.7036
Hongdae,470089864256265,2F,0.9999
Hongdae,470089864256265,1411111!,0.8206
Hongdae,470089864256265,인동광어,0.6847
Hongdae,470089864256265,직판장,0.9633
Hongdae,470089864256265,338-9292,0.9983
Hongdae,472407804013380,대J,0.7507
Hongdae,472407804013380,이상길,0.6201
Hongdae,472407804013380,나번여자,0.7319
Hongdae,472407804013380,神,0.9291
Hongdae,472407804013380,융청고기,0.7707
Hongdae,472407804013380,치킨호,0.9788
Hongdae,472407804013380,A,0.6936
Hongdae,472407804013380,주징북주정동사킨,0.5271
Hongdae,472407804013380,마사지휴유,0.8015
Hongdae,472407804013380,2,0.9537
Hongdae,472407804013380,규,0.7734
Hongdae,472407804013380,330-9292,0.8153
Hongdae,472407804013380,차,0.5798
Hongdae,472407804013380,자,0.5932
Hongdae,477438343372600,식믹주차금,0.5612
Hongdae,477438343372600,구,0.8654
Hongdae,477438343372600,소용무F,0.5665
Hongdae,477438343372600,10000,0.9996
Hongdae,477438343372600,13000,0.9997
Hongdae,482677939632485,REFl,0.5748
Hongdae,483171342889529,아아워뤄전문,0.7333
Hongdae,483171342889529,대제재,0.8358
Hongdae,483171342889529,번난반여자,0.5566
Hongdae,483171342889529,전문점,0.9999
Hongdae,483171342889529,3369217,0.9555
Hongdae,483171342889529,생교기,0.8903
Hongdae,483171342889529,35-568,0.852
Hongdae,483171342889529,마사지휴,0.8469
Hongdae,483171342889529,스포,0.9913
Hongdae,483171342889529,28,0.5777
Hongdae,483171342889529,두부관,0.5768
Hongdae,483171342889529,13,0.6231
Hongdae,484202299532172,에시,0.6937
Hongdae,486279922620895,5o,0.6528
Hongdae,486279922620895,211,0.8975
Hongdae,486279922620895,교4모,0.5904
Hongdae,486279922620895,CL,0.5027
Hongdae,486279922620895,HS0,0.6867
Hongdae,486279922620895,D원,0.5543
Hongdae,486279922620895,//L,0.5791
Hongdae,486279922620895,9LX00,0.9172
Hongdae,486279922620895,버리늘리피고,0.5954
Hongdae,486279922620895,다1109,0.5114
Hongdae,486279922620895,퓨라,0.5012
Hongdae,486279922620895,남는,0.5011
Hongdae,486279922620895,감자면,0.9992
Hongdae,486279922620895,EcL,0.6985
Hongdae,486279922620895,개,0.6391
Hongdae,486279922620895,금리고,0.875
Hongdae,486279922620895,감자면,0.9991
Hongdae,486279922620895,진라면,0.999
Hongdae,486279922620895,금위,0.6719
Hongdae,486279922620895,F,0.9514
Hongdae,486279922620895,F오,0.5946
Hongdae,492600830582917,부이비인후과/,0.8557
Hongdae,492600830582917,노래짱,0.9866
Hongdae,493900941850108,나번여자,0.8859
Hongdae,493900941850108,F,0.948
Hongdae,493900941850108,전문점,0.9999
Hongdae,493900941850108,336-9277,0.986
Hongdae,493900941850108,청기화,0.8231
Hongdae,493900941850108,BAF,0.9617
Hongdae,493900941850108,생고기,0.762
Hongdae,493900941850108,무오,0.581
Hongdae,493900941850108,3343335,0.8559
Hongdae,493900941850108,나쁜여자BAR,0.7189
Hongdae,493900941850108,00-5215-9188,0.905
Hongdae,493900941850108,3F,0.9984
Hongdae,493900941850108,2만,0.9997
Hongdae,493900941850108,모듬소재차,0.6753
Hongdae,493900941850108,두부김차,0.8355
Hongdae,493900941850108,문담남볶는,0.7226
Hongdae,493900941850108,물려드,0.6553
Hongdae,493900941850108,사사모구에,0.636
Hongdae,493900941850108,음을,0.6016
Hongdae,493900941850108,담모래집볶음,0.9225
Hongdae,493900941850108,오늘티볶음,0.6732
Hongdae,495436044984680,자,0.7647
Hongdae,495436044984680,진박,0.9677
Hongdae,495436044984680,606공,0.5278
Hongdae,495436044984680,/문,0.6219
Hongdae,495436044984680,학건,0.5918
Hongdae,495436044984680,솥문하머리크,0.776
Hongdae,496225111605274,BAR,0.9997
Hongdae,496524444812073,골,0.7223
Hongdae,496524444812073,자,0.6577
Hongdae,496524444812073,T9l:314-0525,0.8654
Hongdae,496524444812073,1V00A,0.7445
Hongdae,496524444812073,D BABEANS,0.9323
Hongdae,497864581260321,스타복시,0.7476
Hongdae,497864581260321,0아,0.9561
Hongdae,497864581260321,리름피,0.6808
Hongdae,498261454952186,Take Out B1,0.9125
Hongdae,498261454952186,CC,0.9441
Hongdae,498261454952186,HA,0.6489
Hongdae,498261454952186,공든,0.5612
Hongdae,498261454952186,!,0.8613
Hongdae,498261454952186,&HOF,0.9959
Hongdae,498261454952186,CHICKEN,0.9595
Hongdae,500419704331406,의,0.6845
Hongdae,500419704331406,AG,0.7793
Hongdae,512065039931733,PAZ보로1G,0.5376
Hongdae,512065039931733,핵대외식복합단주차장,0.7738
Hongdae,512065039931733,1490-1층,0.7244
Hongdae,512065039931733,나우,0.537
Hongdae,512065039931733,11:9단,0.5117
Hongdae,512065039931733,10000,0.9998
Hongdae,512065039931733,GV,0.7315
Hongdae,512065039931733,13000,0.9999
Hongdae,512347410194043,mentos,1.0
Hongdae,512347410194043,mentos,0.9999
Hongdae,512347410194043,기어야,0.7459
Hongdae,512347410194043,mentos,0.9995
Hongdae,512347410194043,04미린,0.5598
Hongdae,512347410194043,10088,0.8833
Hongdae,512347410194043,019,0.6073
Hongdae,512347410194043,지어야,0.8676
Hongdae,512347410194043,다,0.8014
Hongdae,512347410194043,HSHE,0.5924
Hongdae,512347410194043,2+1,0.994
Hongdae,515202176328580,最,0.5872
Hongdae,515202176328580,05,0.8916
Hongdae,515202176328580,Brand Marketo,0.9495
Hongdae,515202176328580,REPUBLIC,0.9997
Hongdae,515202176328580,M6/,0.5416
Hongdae,515202176328580,16-3고4,0.5718
Hongdae,515202176328580,<E,0.9351
Hongdae,515202176328580,그공우고,0.7801
Hongdae,517631479262027,334-333,0.9996
Hongdae,517631479262027,총개와생코기,0.7295
Hongdae,517631479262027,부,0.9282
Hongdae,517631479262027,채치,0.7
Hongdae,517631479262027,7기,0.5477
Hongdae,517631479262027,부름,0.8074
Hongdae,517631479262027,이중,0.7201
Hongdae,517631479262027,부대퍼개,0.7647
Hongdae,517631479262027,AEFRIGEPATEDHAT,0.9025
Hongdae,517631479262027,DORTER!,0.9535
Hongdae,517631479262027,0,0.9925
Hongdae,519368129097065,나진박사,0.8386
Hongdae,519368129097065,6등공,0.6973
Hongdae,519368129097065,고,0.7419
Hongdae,519368129097065,CAa,0.8114
Hongdae,519368129097065,RE REPUBLK,0.9645
Hongdae,519368129097065,오옥우고,0.7112
Hongdae,519368129097065,유,0.537
Hongdae,519368129097065,3I3,0.7074
Hongdae,519368129097065,-,0.9711
Hongdae,519368129097065,109,0.8788
Hongdae,519368129097065,모공,0.7044
Hongdae,519368129097065,세계맥주,0.9943
Hongdae,519368129097065,므복마,0.5831
Hongdae,519368129097065,6hr,0.8496
Hongdae,519368129097065,스듬디오,0.7648
Hongdae,519368129097065,표토,0.5899
Hongdae,519368129097065,B1,0.9873
Hongdae,519368129097065,사진,0.9997
Hongdae,520397765630938,00:52-00:21,0.8403
Hongdae,520397765630938,7/0A,0.6914
Hongdae,520397765630938,카페,0.9983
Hongdae,520397765630938,CHICKE,0.9769
Hongdae,520397765630938,Brand Market,0.9568
Hongdae,523411205352650,부가,0.6315
Hongdae,523411205352650,원산지,0.9628
Hongdae,523411205352650,표시판,0.9739
Hongdae,523411205352650,음식명,0.9173
Hongdae,523411205352650,표시품목,0.9304
Hongdae,525570842145965,솜도최조볼형오피스,0.9103
Hongdae,525570842145965,도어면,0.8873
Hongdae,525570842145965,RIG,0.7863
Hongdae,525570842145965,눈하오,0.7914
Hongdae,525570842145965,피호,0.6257
Hongdae,525570842145965,자진거주의,0.7614
Hongdae,525570842145965,왕,0.5874
Hongdae,526368708725172,밤티,0.6
Hongdae,526368708725172,물회,0.9782
Hongdae,526368708725172,20000,0.975
Hongdae,546153623037255,334-3336,0.9599
Hongdae,546153623037255,정건과,0.6448
Hongdae,546153623037255,나쁜여,0.9989
Hongdae,546153623037255,행복우줄수에는래력,0.6445
Hongdae,546153623037255,기와생고기,0.8495
Hongdae,546153623037255,|,0.8463
Hongdae,546153623037255,예부대지개,0.8741
Hongdae,549445559385494,Jandal,0.9374
Hongdae,549445559385494,1BHFN ANYUG,0.7725
Hongdae,555967962475325,곰치국,0.9535
Hongdae,555967962475325,BAR,0.9663
Hongdae,555967962475325,BAR,0.9399
Hongdae,559393525474563,대,0.6668
Hongdae,559393525474563,고,0.9933
Hongdae,559393525474563,40,0.5961
Hongdae,571448963818290,이테크더리부,0.9787
Hongdae,571448963818290,움움,0.6652
Hongdae,571448963818290,MLB,0.9991
Hongdae,576915936613009,원산지,0.9801
Hongdae,576915936613009,표시면,0.7902
Hongdae,585516401265683,드럼통숯불구0,0.92
Hongdae,585516401265683,구대상무,0.6306
Hongdae,585516401265683,부불모림구미,0.5811
Hongdae,639101300821575,/9S,0.5275
Hongdae,645077365232069,CAFEGATE,0.9894
Hongdae,645077365232069,가,0.798
Hongdae,650993794647798,MET COFFEE,0.8492
Hongdae,650993794647798,부어오쿠리/,0.607
Hongdae,677193955144130,HEMD,0.5728
Hongdae,684634841147675,고,0.6324
Hongdae,696591096616018,OOZY COFFEE,0.9983
Hongdae,707973178503254,있기,0.7711
Hongdae,708920842072938,[[[/,0.6189
Hongdae,708920842072938,그,0.6812
Hongdae,708920842072938,CAFE GATE,0.9999
Hongdae,708920842072938,150,0.7891
Hongdae,730151986230378,회광는,0.5629
Hongdae,731513182620363,다을올바푼스시,0.764
Hongdae,741674123172927,회십대과,0.9034
Hongdae,742000969801895,!0브폰,0.5609
Hongdae,743685378226992,52개,0.6677
Hongdae,743685378226992,FESEDDI,0.8546
Hongdae,743685378226992,0621 CFE,0.9074
Hongdae,743718791552590,조525,0.8266
Hongdae,743718791552590,AESELD!,0.8279
Hongdae,750671518932185,Sam,0.8314
Hongdae,750671518932185,EIVE,0.7754
Hongdae,750671518932185,[1[,0.6813
Hongdae,750671518932185,GOOKAZINE,0.9431
Hongdae,750671518932185,나라,0.9997
Hongdae,750671518932185,아름다운,0.9999
Hongdae,750671518932185,175272,0.5607
Hongdae,750671518932185,Coud Set Menu,0.6943
Hongdae,750671518932185,ASet,0.9958
Hongdae,750671518932185,SEA-TRANS SHIPPING CO LID,0.9884
Hongdae,750671518932185,보고어유니아런,0.6144
Hongdae,750671518932185,부2750,0.8582
Hongdae,750671518932185,이F,0.9606
Hongdae,750671518932185,10%께,0.8319
Hongdae,750671518932185,BSet,0.9476
Hongdae,750671518932185,3600,0.9545
Hongdae,750671518932185,GTG1,0.5428
Hongdae,750671518932185,금라드5노가리포,0.8686
Hongdae,750671518932185,Proto,0.8274
Hongdae,750671518932185,주전문점,0.8221
Hongdae,750671518932185,BEER BANG,0.9942
Hongdae,750671518932185,쿄바어우,0.5481
Hongdae,750671518932185,주가진짜있는집,0.889
Hongdae,772220493683791,미표과,0.5133
Hongdae,772220493683791,7BABEA신5,0.689
Hongdae,772220493683791,39000원,0.9244
Hongdae,772220493683791,0232499업한,0.7129
Hongdae,772550736796802,회집대과,0.838
Hongdae,773508056666409,10000,0.9995
Hongdae,773508056666409,13000,0.9997
Hongdae,773909999936918,파급모,0.6704
Hongdae,773909999936918,호무분,0.5624
Hongdae,773909999936918,피어,0.8796
Hongdae,773909999936918,20,0.6089
Hongdae,787624195195791,성치,0.9379
Hongdae,787624195195791,T9:3143-052,0.9417
Hongdae,787624195195791,무,0.6089
Hongdae,787624195195791,VDCAV,0.8009
Hongdae,796472677643491,든든한산재보형이함에,0.9831
Hongdae,796472677643491,르큰돈,0.8159
Hongdae,796472677643491,리5,0.6001
Hongdae,796472677643491,G,0.9918
Hongdae,812637522680701,Y,0.9846
Hongdae,812637522680701,유움,0.6293
Hongdae,812637522680701,CAC,0.8325
Hongdae,812637522680701,크수F,0.9154
Hongdae,812637522680701,스보머러,0.5208
Hongdae,812637522680701,oea,0.6462
Hongdae,812637522680701,미부!,0.6495
Hongdae,812637522680701,6hC,0.6128
Hongdae,813319316267911,E7RI,0.6922
Hongdae,813319316267911,수시로단속중,0.9959
Hongdae,813319316267911,어곳은,0.8639
Hongdae,813319316267911,단속반이,0.9852
Hongdae,813319316267911,돌고오신쓰레기는,0.8719
Hongdae,813319316267911,이루예내집,0.8742
Hongdae,813319316267911,대점포양대,0.5984
Hongdae,813319316267911,18시:,0.8982
Hongdae,813319316267911,반드시과회주셰요,0.7538
Hongdae,816076609096601,BABEAS,0.9085
Hongdae,829878784287953,Woud,0.6388
Hongdae,829878784287953,Hone,0.702
Hongdae,829878784287953,Kloud,0.9235
Hongdae,829878784287953,Set Menu,0.9951
Hongdae,829878784287953,GUINHESS,0.9133
Hongdae,829878784287953,A,0.9999
Hongdae,829878784287953,Set,0.9999
Hongdae,829878784287953,클라우드3병+노가리포,0.9883
Hongdae,829878784287953,27500,0.9994
Hongdae,829878784287953,하이,0.5893
Hongdae,829878784287953,Nelcome,0.9003
Hongdae,829878784287953,Set,1.0
Hongdae,829878784287953,B,0.9662
Hongdae,829878784287953,BANG,0.9999
Hongdae,829878784287953,36500,1.0
Hongdae,829878784287953,153LPL,0.8379
Hongdae,829878784287953,16066,0.6814
Hongdae,829878784287953,이는,0.9756
Hongdae,829878784287953,도5병+노가리포,0.9565
Hongdae,829878784287953,음L동I[GN5/5,0.5037
Hongdae,829878784287953,풍빌올우,0.5462
Hongdae,829878784287953,001234159,0.5721
Hongdae,829878784287953,맛있는집,0.9788
Hongdae,829878784287953,진짜,0.72
Hongdae,829878784287953,생맥주가,0.9995
Hongdae,829878784287953,100%치59,0.7592
Hongdae,831852314354137,GUNNESS,0.9992
Hongdae,831852314354137,하이트비어뱅,0.9986
Hongdae,831852314354137,S,0.6937
Hongdae,831852314354137,Welcome,0.9999
Hongdae,831852314354137,Beer Bong,0.899
Hongdae,831852314354137,Crllierg,0.8103
Hongdae,831852314354137,Chicken,1.0
Hongdae,831852314354137,&,1.0
Hongdae,831852314354137,Beer,0.9604
Hongdae,831852314354137,153너한,0.799
Hongdae,831852314354137,낮술,0.9986
Hongdae,831852314354137,대환영,0.969
Hongdae,831852314354137,BAVG,0.8424
Hongdae,831852314354137,UDPGRFEE,0.5663
Hongdae,831852314354137,PAID,0.5138
Hongdae,831852314354137,단체예약가능,0.9778
Hongdae,831852314354137,문의,0.9939
Hongdae,831852314354137,0231411599,0.9995
Hongdae,831852314354137,불라우드,0.8706
Hongdae,831852314354137,Houd,0.9224
Hongdae,831852314354137,있는집,0.9961
Hongdae,831852314354137,loud,0.8395
Hongdae,8330774010317569,화농하마,0.5655
Hongdae,8330774010317569,CL5U,0.7616
Hongdae,8330774010317569,논둥를,0.5317
Hongdae,8330774010317569,R,0.9997
Hongdae,8330774010317569,자냉냉,0.608
Hongdae,8330774010317569,4/704,0.7168
Hongdae,8330774010317569,HOESLAB,0.9999
Hongdae,8330774010317569,FOLDER,0.9217
Hongdae,833131200888932,문흥,0.7351
Hongdae,843026999946696,주문할,0.6323
Hongdae,843026999946696,곰치국,0.9849
Hongdae,843026999946696,고나시덩명,0.6227
Hongdae,843026999946696,BAR,0.9989
Hongdae,843026999946696,버스승지컴,0.6726
Hongdae,843026999946696,BAR,1.0
Hongdae,843026999946696,동교로사거,0.8378
Hongdae,843026999946696,권,0.9604
Hongdae,843026999946696,리,0.5718
Hongdae,843026999946696,무북국,0.7102
Hongdae,896473211203758,Tel:3143-052,0.9349
Hongdae,896473211203758,S드P모거,0.6434
Hongdae,896473211203758,VODAT,0.8817
Hongdae,908150646409561,매,0.7684
Hongdae,908150646409561,AReaP,0.5403
Hongdae,908150646409561,et,0.841
Hongdae,908150646409561,Menu,0.9997
Hongdae,908150646409561,GLINNESS,0.8966
Hongdae,908150646409561,27500,0.9112
Hongdae,908150646409561,3병+노가리포,0.9973
Hongdae,908150646409561,스스,0.7157
Hongdae,908150646409561,하어뱅,0.7203
Hongdae,908150646409561,Welcome,0.974
Hongdae,908150646409561,36500,0.9998
Hongdae,908150646409561,Beer,0.996
Hongdae,908150646409561,1153LpL둥,0.6727
Hongdae,908150646409561,병+노가리포,0.999
Hongdae,908150646409561,FER,0.9092
Hongdae,908150646409561,BANG,0.9783
Hongdae,908150646409561,고N/,0.7635
Hongdae,908150646409561,단제예약가:,0.8215
Hongdae,908150646409561,문90234159:,0.8686
Hongdae,908150646409561,표비올우,0.7094
Hongdae,908150646409561,맛있는집,0.9703
Hongdae,908150646409561,궁고른,0.6329
Hongdae,908150646409561,생맥주가,0.9993
Hongdae,908150646409561,만든진짜맥주,0.8331
Hongdae,908150646409561,세대로,0.9812
Hongdae,908150646409561,않,0.828
Hongdae,908150646409561,물타지,0.9853
Hongdae,908150646409561,몰츠Malts의,0.9953
Hongdae,908150646409561,100%,0.9998
Hongdae,908150646409561,Hond,0.7221
Hongdae,910490746472855,썹,0.8303
Hongdae,910490746472855,정혼과,0.5739
Hongdae,910490746472855,스즈피스루디오,0.6865
Hongdae,910490746472855,주,0.7227
Hongdae,910490746472855,무용10로,0.7865
Hongdae,910490746472855,부,0.9994
Hongdae,910490746472855,대,0.9776
Hongdae,910490746472855,씨,0.9978
Hongdae,910490746472855,개,0.9985
Hongdae,917714855718911,원,0.974
Hongdae,917714855718911,원,0.9941
Hongdae,917714855718911,원,0.9556
Hongdae,940018870151267,사진박사,0.9996
Hongdae,940018870151267,18,0.5922
Hongdae,940018870151267,포림:,0.5231
Hongdae,940018870151267,균,0.9965
Hongdae,940018870151267,DVD,0.92
Hongdae,940018870151267,URE REPUBLIC,0.9698
Hongdae,940018870151267,고우고분,0.5583
Hongdae,940018870151267,B1,0.8824
Hongdae,940018870151267,므볼,0.8101
Hongdae,958896678179210,999,0.6431
Hongdae,9883804831746834,POD,0.7458
Itaewon,1012521430800943,Hio,0.6835
Itaewon,1012521430800943,DashCam,0.9888
Itaewon,1012521430800943,"N3732159""",0.8938
Itaewon,1012521430800943,0250B141L08:25:08,0.8048
Itaewon,1012744187397571,Mio,0.9836
Itaewon,1012744187397571,DashCam,0.9909
Itaewon,1012744187397571,025108410R25:04,0.7446
Itaewon,1012744187397571,38주교,0.5314
Itaewon,1012744187397571,"13732156""",0.8992
Itaewon,1012744187397571,126-59121:,0.9214
Itaewon,1084348418727636,선불폰,0.9794
Itaewon,1084348418727636,개통,0.9989
Itaewon,1084348418727636,신,0.9931
Itaewon,1084348418727636,성,0.9999
Itaewon,1084348418727636,고,0.6236
Itaewon,1084348418727636,부,0.9011
Itaewon,1084348418727636,DURICEE,0.7148
Itaewon,1084348418727636,박살니고,0.8846
Itaewon,1084348418727636,국-은,0.6124
Itaewon,1084348418727636,11:,0.6643
Itaewon,1084348418727636,들어간,0.9693
Itaewon,1084348418727636,부리무가구거리조정정사L,0.5277
Itaewon,1084348418727636,LGG5,0.9733
Itaewon,1084348418727636,S,0.6384
Itaewon,1084348418727636,아65AN,0.7835
Itaewon,1087976206426022,2025702,0.7671
Itaewon,1087976206426022,1무대4대,0.6275
Itaewon,1105014330007636,F,0.5082
Itaewon,1105014330007636,신성가구,0.9996
Itaewon,1105014330007636,물물교환,0.999
Itaewon,1105014330007636,자국나자중곳가구편물와세사대스출스로트,0.6344
Itaewon,1105014330007636,7956349,0.9864
Itaewon,1123595932196307,CCP,0.5958
Itaewon,1135975847690566,[!],0.724
Itaewon,1153496016239218,Mio,0.9917
Itaewon,1153496016239218,DashCam,0.9928
Itaewon,1153496016239218,"세37업호123""",0.9273
Itaewon,1153496016239218,025105410R:25:1,0.7925
Itaewon,1153496016239218,12년,0.8458
Itaewon,1163012695483057,명N시,0.5139
Itaewon,1163012695483057,Mio,0.9953
Itaewon,1163012695483057,DashCam,0.9894
Itaewon,1163012695483057,025108110R25:5A,0.784
Itaewon,1163012695483057,48KT,0.7613
Itaewon,1163012695483057,"N3731584""",0.9398
Itaewon,1163012695483057,12,0.9462
Itaewon,1163012695483057,+59212:,0.7864
Itaewon,1163713962076436,Mio,0.985
Itaewon,1163713962076436,DashCam,0.9937
Itaewon,1163713962076436,"N3731545""",0.8784
Itaewon,1163713962076436,25:0,0.842
Itaewon,1163713962076436,126:,0.8753
Itaewon,1163713962076436,48kT,0.8125
Itaewon,1164568048310089,Mio,0.969
Itaewon,1164568048310089,DashCam,0.9876
Itaewon,1164568048310089,025/105/110825:5:,0.8102
Itaewon,1164568048310089,49,0.989
Itaewon,1164568048310089,N3781568,0.7988
Itaewon,1164568048310089,12659223:,0.9614
Itaewon,1169565528056609,비개,0.5862
Itaewon,1173467014243680,Mio,0.8559
Itaewon,1173467014243680,DashCam,0.9899
Itaewon,1173467014243680,"N3732090""",0.9119
Itaewon,1173467014243680,02510511110:25:49,0.855
Itaewon,1181050133577217,Mio,0.9979
Itaewon,1181050133577217,DashCam,0.991
Itaewon,1181050133577217,13731597,0.9895
Itaewon,1181050133577217,025I,0.8091
Itaewon,1181050133577217,T5110:8:25:5?,0.8571
Itaewon,1181050133577217,49kT,0.7369
Itaewon,1181050133577217,12%,0.8222
Itaewon,1181297613454129,고육문화된,0.6819
Itaewon,1181297613454129,시불이협원조문박교,0.6008
Itaewon,1193555315719632,전는,0.5019
Itaewon,1193555315719632,51830,0.9973
Itaewon,1205729181255264,2025,0.9996
Itaewon,1205729181255264,고양,0.9951
Itaewon,1205729181255264,카구엘스포,0.7406
Itaewon,1205729181255264,0닉,0.5701
Itaewon,1205729181255264,Mio,0.9987
Itaewon,1205729181255264,DashCam,0.98
Itaewon,1205729181255264,202510F111018:22:50,0.7425
Itaewon,1205729181255264,37KIT7,0.8668
Itaewon,1205729181255264,"세3752239""",0.8374
Itaewon,1205729181255264,12659143:,0.8896
Itaewon,1205736847589689,1무4고교,0.6634
Itaewon,1208752310594693,부모25미크2터,0.5039
Itaewon,1208752310594693,10:04:26,0.8616
Itaewon,1213974023737903,1무,0.9923
Itaewon,1222832984800016,MAF!,0.964
Itaewon,1222832984800016,TENG5,0.866
Itaewon,1222832984800016,KIT,0.9395
Itaewon,1234741421596018,HR,0.6041
Itaewon,129201422528678,3%,0.714
Itaewon,1308313686943375,Mio,0.9967
Itaewon,1308313686943375,DashCam,0.9899
Itaewon,1308313686943375,13732815,0.9634
Itaewon,1308313686943375,025L,0.7891
Itaewon,1308313686943375,12659128,0.9238
Itaewon,1326268271977414,Mio,0.9979
Itaewon,1326268271977414,DashCam,0.9956
Itaewon,1326268271977414,N3731597,0.9896
Itaewon,1326268271977414,1025,0.8899
Itaewon,1326268271977414,151110::25:5?,0.788
Itaewon,1326268271977414,12년,0.8096
Itaewon,1373908723739678,Mio,0.9914
Itaewon,1373908723739678,DashCam,0.9887
Itaewon,1373908723739678,"서3732256""",0.8274
Itaewon,1373908723739678,025511L0R:2:51,0.8338
Itaewon,1386098075104103,공사안내,0.9974
Itaewon,1386098075104103,이태원,0.9821
Itaewon,1386098075104103,뭔턱가구커리,0.6614
Itaewon,1386098075104103,조성궁사,0.9366
Itaewon,1386098075104103,공,0.7408
Itaewon,1386098075104103,청령9시1상,0.5896
Itaewon,1422024988962980,Mio,0.9875
Itaewon,1422024988962980,DashCam,0.9912
Itaewon,1422024988962980,"세3722112""",0.8943
Itaewon,1422024988962980,02510B110825:1T,0.8211
Itaewon,1422024988962980,12659125,0.9935
Itaewon,1422024988962980,40IT1,0.8173
Itaewon,1434240224650457,Mio,0.9913
Itaewon,1434240224650457,DashCam,0.9906
Itaewon,1434240224650457,"세373115""",0.9225
Itaewon,1434240224650457,'025108110:25:16,0.8068
Itaewon,145153157504901,시,0.9534
Itaewon,145153157504901,홈돔,0.5265
Itaewon,145153157504901,교호,0.6561
Itaewon,145153157504901,gners!,0.974
Itaewon,145153157504901,LG,0.9945
Itaewon,145153157504901,KT,0.8751
Itaewon,145153157504901,선물폰,0.7851
Itaewon,145153157504901,신규개능,0.8296
Itaewon,145153157504901,유로규,0.7031
Itaewon,145153157504901,기본료,0.9656
Itaewon,145153157504901,4500,0.9994
Itaewon,145153157504901,요금체님,0.9394
Itaewon,145153157504901,누구나카는,0.8634
Itaewon,145153157504901,중고폰물화,0.6277
Itaewon,147275714072275,조궁,0.5295
Itaewon,147275714072275,제,0.9971
Itaewon,152563410137664,DA,0.8485
Itaewon,152563410137664,VINC!,0.9723
Itaewon,152563410137664,CREATIVE,0.9986
Itaewon,152563410137664,2015,0.9996
Itaewon,1595496440983000,주무,0.6578
Itaewon,1672560866689253,늘빈프닫고,0.6794
Itaewon,1672560866689253,반포대고,0.9222
Itaewon,1672560866689253,공라요,0.6241
Itaewon,1672560866689253,삼각지떡,0.8268
Itaewon,1672560866689253,전금,0.504
Itaewon,1672560866689253,Mio,0.9979
Itaewon,1672560866689253,DashCam,0.9925
Itaewon,1672560866689253,02510B11108:25:05,0.8419
Itaewon,1672560866689253,397,0.7595
Itaewon,1672560866689253,"세3732152""",0.8939
Itaewon,1672560866689253,12659121,0.9883
Itaewon,1680532812881550,Mio,0.9825
Itaewon,1680532812881550,DashCam,0.9935
Itaewon,1680532812881550,025/0B111L0R25:0F,0.7255
Itaewon,1680532812881550,47KIT,0.7233
Itaewon,1680532812881550,"세37업1537""",0.8859
Itaewon,1681278719139167,1무1,0.6951
Itaewon,1690092605227908,Mio,0.9947
Itaewon,1690092605227908,DashCam,0.9851
Itaewon,1690092605227908,"N3732275""",0.9242
Itaewon,1690092605227908,0251051101R20:16,0.6627
Itaewon,1730256677842344,동신02,0.8119
Itaewon,1730256677842344,자생한방병원,0.9713
Itaewon,1730256677842344,069:,0.7869
Itaewon,1740505313023639,-,0.9961
Itaewon,1740505313023639,-,0.9981
Itaewon,1785640962282123,전문,0.9591
Itaewon,1785640962282123,302,0.8854
Itaewon,1785640962282123,518309,0.9733
Itaewon,1785640962282123,Mio,0.9975
Itaewon,1785640962282123,DashCam,0.9905
Itaewon,1785640962282123,신372230,0.8792
Itaewon,1785640962282123,'0250511 0!,0.6556
Itaewon,1785640962282123,24:00,0.9686
Itaewon,1869889250504090,필육분한관,0.5793
Itaewon,1869889250504090,벼올이즈중,0.5327
Itaewon,1902627820273851,RAYNO,0.9697
Itaewon,1902627820273851,Mio,0.9983
Itaewon,1902627820273851,DashCam,0.9925
Itaewon,1902627820273851,137932857,0.9199
Itaewon,1902627820273851,025L,0.7864
Itaewon,1902627820273851,12년,0.8546
Itaewon,1902627820273851,5127,0.8681
Itaewon,1914832142012812,10LYGA,0.5753
Itaewon,1914832142012812,분,0.5065
Itaewon,201240555143450,LIBe,0.7386
Itaewon,2068599666990984,제정관리단앞,0.9574
Itaewon,2068599666990984,용산2가동,0.9713
Itaewon,2068599666990984,회나무로,0.9999
Itaewon,2068599666990984,신흥로,0.9996
Itaewon,2068599666990984,00n남r0,0.5253
Itaewon,2068599666990984,Mio,0.9951
Itaewon,2068599666990984,DashCam,0.9938
Itaewon,2068599666990984,0251051101:24:05,0.8877
Itaewon,2068599666990984,12KT,0.7728
Itaewon,2068599666990984,"세37업2218""",0.8164
Itaewon,2068599666990984,12년,0.7795
Itaewon,2068599666990984,59135-,0.9344
Itaewon,2106386159782379,190,0.5588
Itaewon,2454776708201509,Mio,0.99
Itaewon,2454776708201509,DashCam,0.9948
Itaewon,2454776708201509,1025108110:25:59,0.8472
Itaewon,2454776708201509,50 KTF,0.6418
Itaewon,2454776708201509,"N3731564""",0.9129
Itaewon,2454776708201509,126:,0.8516
Itaewon,247662071127941,내피금음,0.5206
Itaewon,247662071127941,적신호시,0.999
Itaewon,247662071127941,래0,0.6295
Itaewon,2570610209813264,50,0.9114
Itaewon,2570610209813264,단속,0.9684
Itaewon,2570610209813264,무19,0.8009
Itaewon,2570610209813264,2991,0.7305
Itaewon,2570610209813264,DashCam,0.9887
Itaewon,2570610209813264,02510511L0:8:22:50,0.7534
Itaewon,2570610209813264,12[달151,0.7921
Itaewon,2570610209813264,49,0.7305
Itaewon,269772674884891,배나무,0.8344
Itaewon,269772674884891,11111,0.679
Itaewon,269772674884891,못작림경/기고무:,0.6835
Itaewon,269772674884891,금가교,0.5953
Itaewon,269772674884891,어리디스로연정회모:,0.6495
Itaewon,269772674884891,부인과고동사고,0.6917
Itaewon,269772674884891,수당회단성장,0.6495
Itaewon,271409734695388,1790-8833,0.937
Itaewon,2767388516800991,Mio,0.998
Itaewon,2767388516800991,DashCam,0.9945
Itaewon,2767388516800991,'0250B1hLr!,0.5749
Itaewon,280753074284420,용산구청,0.9939
Itaewon,2859284354289949,치킹,0.7277
Itaewon,2859284354289949,내MADF,0.6981
Itaewon,2871563226340447,개인,0.9939
Itaewon,2880614648933572,CHEESEHICK,0.9402
Itaewon,2880614648933572,노택연승,0.5246
Itaewon,2880614648933572,Lz,0.5506
Itaewon,289423349325763,가구,0.9996
Itaewon,289423349325763,물물,0.9992
Itaewon,289423349325763,교환,0.9305
Itaewon,289423349325763,컴민티가구거리,0.6922
Itaewon,289423349325763,조상공사입니단,0.7424
Itaewon,289423349325763,둥룡룩공금료,0.5937
Itaewon,289423349325763,시,0.709
Itaewon,28952514577697890,Mio,0.9937
Itaewon,28952514577697890,DashCam,0.9802
Itaewon,28952514577697890,"제3781568""",0.7804
Itaewon,28952514577697890,025105111L08:25:59,0.816
Itaewon,28952514577697890,12659223,0.9314
Itaewon,28952514577697890,4971,0.6719
Itaewon,302207534831643,점력비션폰,0.5188
Itaewon,302207534831643,힉,0.5216
Itaewon,302207534831643,예9000,0.6712
Itaewon,302207534831643,Playmohe,0.9398
Itaewon,302207534831643,가구,0.9991
Itaewon,302207534831643,물물,0.9762
Itaewon,302207534831643,교,0.8264
Itaewon,302207534831643,정중지,0.5239
Itaewon,302207534831643,내,0.635
Itaewon,302207534831643,식,0.5962
Itaewon,302207534831643,동업무가능,0.9789
Itaewon,302207534831643,보호금,0.5555
Itaewon,302207534831643,북자구거려:,0.6264
Itaewon,302207534831643,주,0.999
Itaewon,302207534831643,소남,0.5911
Itaewon,302207534831643,LGG5,0.9962
Itaewon,302207534831643,불무환들얼음,0.6993
Itaewon,3143784159096307,고무A,0.7287
Itaewon,3143784159096307,:무,0.5985
Itaewon,3143784159096307,래림틈스드,0.5178
Itaewon,324532419040720,JKITCHEN,0.9147
Itaewon,324532419040720,x,0.7147
Itaewon,324532419040720,구께,0.6617
Itaewon,324532419040720,박스테이크,0.904
Itaewon,324532419040720,멘치카츠,0.7425
Itaewon,327062118834830,790-8833,0.9965
Itaewon,327062118834830,-,0.8352
Itaewon,327062118834830,D에,0.8296
Itaewon,3604806429820235,2무25무크2,0.6096
Itaewon,3604806429820235,109구고,0.502
Itaewon,3864452890437793,립러려오,0.5744
Itaewon,3864452890437793,수반포대교,0.9955
Itaewon,3864452890437793,용산2가동,0.9821
Itaewon,3864452890437793,이태원2동,0.9778
Itaewon,3864452890437793,신흥로,0.9997
Itaewon,3864452890437793,회나무로,0.9999
Itaewon,3864452890437793,Sinheung-I0,0.9234
Itaewon,3864452890437793,Hoenamu-ro,0.991
Itaewon,3864452890437793,Mio,0.9839
Itaewon,3864452890437793,DashCam,0.988
Itaewon,3864452890437793,서3132215,0.8257
Itaewon,3864452890437793,025/0841L0R:24:09,0.7269
Itaewon,3864452890437793,"126959134""",0.889
Itaewon,3977646859223433,Mio,0.9935
Itaewon,3977646859223433,DashCam,0.992
Itaewon,3977646859223433,S0자구,0.5892
Itaewon,3977646859223433,"N3731560""",0.9834
Itaewon,3977646859223433,126,0.8209
Itaewon,3977646859223433,59229,0.9896
Itaewon,4112297765658687,이,0.6738
Itaewon,4112297765658687,-,0.8239
Itaewon,4112297765658687,45,0.8994
Itaewon,4112297765658687,72관념공동주가의,0.6494
Itaewon,4112297765658687,용산아이프,0.9943
Itaewon,4112297765658687,한국금거래소,0.9962
Itaewon,4112297765658687,2025년1월1일기준개별공사,0.9325
Itaewon,4112297765658687,기간:2025,0.9584
Itaewon,4112297765658687,32,0.9856
Itaewon,4112297765658687,현수막게시대,0.9984
Itaewon,4112297765658687,광고문,0.9981
Itaewon,4112297765658687,린디자인C0n으로,0.7133
Itaewon,4112297765658687,신청해주셰요,0.8542
Itaewon,4224522840901914,주차금지,0.9456
Itaewon,4224522840901914,32,0.5062
Itaewon,4224522840901914,문은,0.5539
Itaewon,427018650473168,Mio,0.9414
Itaewon,427018650473168,DashCam,0.9911
Itaewon,427018650473168,"세373213염""",0.8034
Itaewon,427018650473168,02510BL11108:25:09,0.8742
Itaewon,435226052612096,디0름방,0.6076
Itaewon,435226052612096,지퓨프리대,0.5236
Itaewon,435226052612096,경로,0.5149
Itaewon,437852802718062,이륜치,0.8538
Itaewon,437852802718062,교통시방사고,0.8457
Itaewon,442157898749702,에티켓,0.9643
Itaewon,442157898749702,이용,1.0
Itaewon,442157898749702,공원,0.9973
Itaewon,442157898749702,편학양개마든,0.6133
Itaewon,442157898749702,이내은,0.9544
Itaewon,442157898749702,작용2n,0.8317
Itaewon,442157898749702,해주세요,0.9333
Itaewon,442157898749702,목,0.5732
Itaewon,442157898749702,1가슴줄목줄,0.9427
Itaewon,442157898749702,뒤처리를,0.9936
Itaewon,442157898749702,수거및,0.9542
Itaewon,442157898749702,2배설물,0.9988
Itaewon,456336523647293,FETFAIT,0.789
Itaewon,466444629881624,5%,0.5895
Itaewon,466444629881624,아태원지하차도구,0.9793
Itaewon,466444629881624,Mio,0.9979
Itaewon,466444629881624,DashCam,0.9425
Itaewon,466444629881624,저3732131,0.8534
Itaewon,466444629881624,02510B11025:1:,0.8498
Itaewon,466444629881624,2%,0.6898
Itaewon,466444629881624,41구,0.9903
Itaewon,466444629881624,95122,0.8218
Itaewon,470265167646835,김,0.523
Itaewon,482102612941029,공인증개사,0.9545
Itaewon,482102612941029,사무소,0.9929
Itaewon,482102612941029,114,0.9883
Itaewon,482102612941029,로,0.6708
Itaewon,482102612941029,금79061919,0.8516
Itaewon,483644878013504,Y,0.9999
Itaewon,483644878013504,개인,0.998
Itaewon,496973326814748,RAYNO,0.9444
Itaewon,496973326814748,Mio,0.9765
Itaewon,496973326814748,DashCam,0.9926
Itaewon,496973326814748,"세37업2419""",0.93
Itaewon,496973326814748,02510511L0:-25:45,0.782
Itaewon,502043932963216,FURRO,0.6366
Itaewon,510748460296617,650621,0.6526
Itaewon,522478245798751,10420조0,0.5753
Itaewon,522478245798751,1546824141,0.5555
Itaewon,531486589965507,Mio,0.9975
Itaewon,531486589965507,DashCam,0.9922
Itaewon,531486589965507,"1373158용""",0.7629
Itaewon,531486589965507,025051110825:5,0.86
Itaewon,543994976593154,고작,0.6011
Itaewon,543994976593154,4께,0.6546
Itaewon,543994976593154,ung,0.7806
Itaewon,543994976593154,미A5,0.5418
Itaewon,583404786385819,호,0.6973
Itaewon,583404786385819,Lote,0.5557
Itaewon,583404786385819,주차금지,0.9903
Itaewon,583404786385819,PAISSEREF,0.76
Itaewon,586986340468231,19:무구고,0.5408
Itaewon,596362705575396,01F,0.5581
Itaewon,614316974731789,Mio,0.9919
Itaewon,614316974731789,DashCam,0.9889
Itaewon,614316974731789,"N3732606""",0.9582
Itaewon,614316974731789,0251051110H25:2,0.7686
Itaewon,614316974731789,12년,0.7852
Itaewon,636490295767851,Mio,0.9876
Itaewon,636490295767851,DashCam,0.9909
Itaewon,636490295767851,10251081110:25:0?,0.7971
Itaewon,636490295767851,126159121:,0.8935
Itaewon,636490295767851,357,0.8843
Itaewon,636490295767851,"N373호163""",0.84
Itaewon,642804414999532,Mio,0.9929
Itaewon,642804414999532,DashCam,0.9855
Itaewon,642804414999532,"세3731588""",0.8574
Itaewon,642804414999532,02510511110::25:58,0.7646
Itaewon,648047944493126,고무고미고물,0.5265
Itaewon,648047944493126,10:19121,0.7646
Itaewon,653813093715377,Mio,0.9986
Itaewon,653813093715377,DashCam,0.9927
Itaewon,653813093715377,세37당1571,0.7402
Itaewon,653813093715377,025108111025:5T,0.8693
Itaewon,653813093715377,12659221:,0.9954
Itaewon,653813093715377,497,0.9292
Itaewon,655972000416131,Mio,0.9846
Itaewon,655972000416131,DashCam,0.9533
Itaewon,655972000416131,02510A1-,0.7353
Itaewon,655972000416131,"32471""",0.8504
Itaewon,659650180080182,Mio,0.9984
Itaewon,659650180080182,DashCam,0.9944
Itaewon,659650180080182,"137업2175""",0.9195
Itaewon,659650180080182,025051,0.7844
Itaewon,659650180080182,24:5!,0.7127
Itaewon,671365595446553,Mio,0.9811
Itaewon,671365595446553,DashCam,0.9926
Itaewon,671365595446553,0250B111L0R:25:09,0.8371
Itaewon,671365595446553,1265당122:,0.836
Itaewon,671365595446553,407구,0.7659
Itaewon,671365595446553,"세372호13음""",0.792
Itaewon,671954232171653,사명,0.5281
Itaewon,671954232171653,농반포대고,0.6195
Itaewon,671954232171653,반포대교,0.7857
Itaewon,671954232171653,마아리,0.7186
Itaewon,671954232171653,생각지역,0.9404
Itaewon,671954232171653,이라원로,0.782
Itaewon,671954232171653,Mio,0.9987
Itaewon,671954232171653,DashCam,0.9901
Itaewon,671954232171653,0251081110825:19,0.8376
Itaewon,671954232171653,126159126,0.9373
Itaewon,671954232171653,!려/회1무마,0.5208
Itaewon,695395149477513,Mio,0.9948
Itaewon,695395149477513,DashCam,0.9945
Itaewon,695395149477513,"세3732191""",0.8924
Itaewon,695395149477513,02510A1110R:,0.6881
Itaewon,695395149477513,24:51,0.825
Itaewon,695395149477513,12659127,0.9887
Itaewon,695395149477513,341,0.6358
Itaewon,758758771508476,32,0.6278
Itaewon,7617831465000229,이용,1.0
Itaewon,7617831465000229,공원,0.9888
Itaewon,7617831465000229,진관,0.722
Itaewon,7617831465000229,함행이,0.5358
Itaewon,7617831465000229,비공마이,0.8248
Itaewon,7617831465000229,이내은,0.9937
Itaewon,7617831465000229,착용2m,0.914
Itaewon,7617831465000229,1가슴줄목줄,0.9979
Itaewon,7617831465000229,꼭,0.9803
Itaewon,7617831465000229,해주세요,0.9981
Itaewon,7617831465000229,뒤처리를,0.9934
Itaewon,7617831465000229,2배설물,0.9976
Itaewon,7617831465000229,글수거,0.7766
Itaewon,783054660609391,E용금운,0.6933
Itaewon,811659133102529,5082,0.7044
Itaewon,824910396244659,트,0.57
Itaewon,872824443293032,STANDIHG,0.9552
Itaewon,872824443293032,COFF,0.992
Itaewon,896394584252959,|||,0.7255
Itaewon,896884298280689,2m,0.9597
Itaewon,896884298280689,전방1001,0.8532
Itaewon,896884298280689,육과,0.9045
Itaewon,925790839445004,Mio,0.9988
Itaewon,925790839445004,DashCam,0.994
Itaewon,925790839445004,"137업2203""",0.7901
Itaewon,925790839445004,1250511,0.7712
Itaewon,925790839445004,4,0.9527
Itaewon,9268242593282853,2025032,0.9068
Itaewon,9268242593282853,1무,0.5555
Itaewon,9292844240799674,N담서,0.6103
Itaewon,942082987908213,산구,0.9876
Itaewon,942082987908213,HRLRO,0.6315
Itaewon,967924130645775,302,0.7844
Itaewon,967924130645775,필라페스,0.6203
Itaewon,967924130645775,플라잉요가,0.8833
Itaewon,967924130645775,래연금동,0.5932
Itaewon,967924130645775,소낭,0.6706
Itaewon,967924130645775,대PT,0.6774
Itaewon,967924130645775,구국의,0.5215
Itaewon,967924130645775,95-7203,0.9661
Itaewon,973189371613350,Mio,0.9983
Itaewon,973189371613350,DashCam,0.989
Itaewon,973189371613350,"N37932419""",0.8337
Itaewon,973189371613350,02510B111L08:25:10,0.7973
Itaewon,973189371613350,32I,0.8174
Itaewon,988952092785797,Mio,0.9745
Itaewon,988952092785797,DashCam,0.9889
Itaewon,988952092785797,세37업호194,0.9044
Itaewon,988952092785797,025105110824:5?,0.8153
Itaewon,988952092785797,41,0.6532
Itaewon,993039665608632,Mio,0.9681
Itaewon,993039665608632,DashCam,0.993
Itaewon,993039665608632,"세373호142""",0.7938
Itaewon,993039665608632,02510B110:25:08,0.8095
Itaewon,993039665608632,12659121:,0.9877
Itaewon,993208388897314,Mio,0.993
Itaewon,993208388897314,DashCam,0.9859
Itaewon,993208388897314,"N3732692""",0.8311
Itaewon,993208388897314,0250B110R:25:2T,0.8126
Jeju City,1000164818200482,하음나운,0.9303
Jeju City,1000164818200482,제주시,0.9467
Jeju City,1012650148368840,미용,0.5609
Jeju City,1012650148368840,에린친구,0.729
Jeju City,1012650148368840,교배,0.9999
Jeju City,1036244751451487,OBANK,0.8406
Jeju City,1036244751451487,711-0444,0.9538
Jeju City,1089317705505924,TIAE,0.993
Jeju City,1089317705505924,O,0.6125
Jeju City,1089317705505924,BANK,0.9986
Jeju City,1089317705505924,711-0,0.9549
Jeju City,1089317705505924,무,0.551
Jeju City,1089317705505924,터01어50%할래,0.8199
Jeju City,1089317705505924,핑크수리/위치교환/회런스,0.8466
Jeju City,1089317705505924,3+1,0.8968
Jeju City,1089317705505924,전품목,0.9608
Jeju City,1089317705505924,서비스,0.9996
Jeju City,1089317705505924,타이어U드,0.8362
Jeju City,1089317705505924,고격은,0.9322
Jeju City,1089317705505924,전국어디서,0.986
Jeju City,1099861531318698,Hy드r,0.7107
Jeju City,1100121027947965,영원장,0.9936
Jeju City,1117234776311126,HV2,0.6975
Jeju City,1117234776311126,P,0.5347
Jeju City,1117234776311126,102,0.9911
Jeju City,1117234776311126,S,0.931
Jeju City,1125001638741142,재활,0.6693
Jeju City,1125001638741142,070,0.8566
Jeju City,1125001638741142,1010흥,0.7045
Jeju City,1125001638741142,제/주/점,0.9887
Jeju City,1125001638741142,SALE,1.0
Jeju City,1125001638741142,58,0.7269
Jeju City,1125001638741142,라려륜논로,0.7929
Jeju City,1125001638741142,C,0.5563
Jeju City,1125001638741142,핸슨소파,0.9982
Jeju City,1125001638741142,고마르코매트리,0.9732
Jeju City,1129617458238059,종합경기장,0.9429
Jeju City,1129617458238059,습0,0.8262
Jeju City,1129617458238059,용두암,0.9183
Jeju City,1129617458238059,물급,0.5723
Jeju City,1129617458238059,理,0.9715
Jeju City,1129617458238059,S13dn,0.7647
Jeju City,1129617458238059,Yongduam,0.9996
Jeju City,1129617458238059,TBpdor,0.7197
Jeju City,1129617458238059,더,0.7459
Jeju City,1142663916859113,에/갈치/옥/조기,0.8594
Jeju City,1142663916859113,742915:,0.6944
Jeju City,1162035372100115,봉바융,0.6956
Jeju City,1162035372100115,Yongduarn Rock,0.9703
Jeju City,1169235557590856,TALA,0.9248
Jeju City,1174379303728963,1|,0.7388
Jeju City,1181211112850102,의,0.7523
Jeju City,1184148632999858,기도식도,0.601
Jeju City,1191320651784426,진성도,0.9214
Jeju City,1201247534201018,KimaKim,0.9267
Jeju City,1205096857125545,70TLEL,0.703
Jeju City,1250029616907316,2로러,0.6205
Jeju City,1328335372500466,크크크크,0.5389
Jeju City,1351508095519014,L144I4!!,0.5542
Jeju City,1396100451093033,MD T111S,0.5694
Jeju City,1424270251539147,3분,0.6981
Jeju City,1424270251539147,서비스,0.956
Jeju City,1458508368362141,-,0.908
Jeju City,1460147588929652,35,0.6316
Jeju City,1460147588929652,때대,0.5198
Jeju City,1460147588929652,커피,0.9996
Jeju City,1460147588929652,미려포심,0.5696
Jeju City,1465247077750715,-11I5,0.5308
Jeju City,1528405054375461,H,0.8161
Jeju City,1533625213882253,30,0.9999
Jeju City,1533625213882253,하려,0.7867
Jeju City,1533625213882253,현재속도,0.9999
Jeju City,1533625213882253,채,0.6702
Jeju City,1533625213882253,toin,0.9836
Jeju City,1533625213882253,tech,0.9514
Jeju City,1533625213882253,무입내크채주지사,0.7024
Jeju City,1578947502647288,류,0.7269
Jeju City,1578947502647288,과,0.6468
Jeju City,1578947502647288,PG,0.6266
Jeju City,1578947502647288,~,0.7905
Jeju City,1589190302156487,전자동차공업사,0.8803
Jeju City,1607347726770977,TAE,0.6481
Jeju City,1611902476536552,3어장,0.5855
Jeju City,1616594352497870,33,0.6635
Jeju City,1636216537634362,주차금지,0.949
Jeju City,1646969766351919,바베이크,0.9495
Jeju City,1691345768557207,남,0.5473
Jeju City,1716805109676556,큰,0.6189
Jeju City,1793378151182939,스=,0.6785
Jeju City,1793378151182939,LE,0.8695
Jeju City,1793378151182939,-,0.9427
Jeju City,1793378151182939,한진모,0.9828
Jeju City,1793378151182939,출차입구,0.9953
Jeju City,1893162157867678,/40-7171,0.7824
Jeju City,2076162196089316,|,0.9751
Jeju City,2350277822133476,보시PDR,0.5697
Jeju City,2350277822133476,브러치,0.7878
Jeju City,2350277822133476,서트,0.8726
Jeju City,2350277822133476,버이커리H루,0.8489
Jeju City,2399519986905989,4317130평,0.9001
Jeju City,2399519986905989,064,0.974
Jeju City,2399519986905989,7480812,0.9998
Jeju City,2493288307770824,SS,0.6453
Jeju City,2513536879063907,영,0.9998
Jeju City,2513536879063907,751-7282,0.96
Jeju City,26291051063924411,서문앙픔맛,0.7301
Jeju City,26291051063924411,오일장세일에장,0.8106
Jeju City,2898260047173351,TEMPUR,0.9892
Jeju City,2898260047173351,주화방,0.808
Jeju City,293288647152246,전현신사며,0.5166
Jeju City,293288647152246,창,0.792
Jeju City,293288647152246,152-16호,0.821
Jeju City,315458448238268,행,0.9969
Jeju City,315458448238268,대폰,0.9621
Jeju City,315458448238268,조대,0.6565
Jeju City,315458448238268,인,0.7919
Jeju City,3356364127996643,Gomarkot,0.9619
Jeju City,336504452408658,난,0.7087
Jeju City,3468780629932770,36,0.9083
Jeju City,348210658253727,티오,0.7629
Jeju City,348210658253727,명,0.9981
Jeju City,348210658253727,탄속존,0.6418
Jeju City,348210658253727,001,0.7333
Jeju City,3533110550335319,-MARAKAN,0.9065
Jeju City,3533110550335319,더마리킨,0.8724
Jeju City,3533110550335319,청열방수금,0.8227
Jeju City,3567908553519483,교1회한,0.5094
Jeju City,417849847773257,대자F인,0.7135
Jeju City,444144484672627,주정차금지,0.7033
Jeju City,444144484672627,항금,0.8468
Jeju City,444144484672627,출마시는,0.9069
Jeju City,444144484672627,지국,0.7412
Jeju City,444144484672627,고,0.8855
Jeju City,640888874893681,핵시건민대,0.6068
Jeju City,640888874893681,-터L,0.761
Jeju City,725599836158036,제중주권,0.5537
Jeju City,7367305873385374,황금종속옷,0.9688
Jeju City,7367305873385374,12-3204,0.9502
Jeju City,7395837990492490,논,0.5939
Jeju City,7395837990492490,해외어램,0.8104
Jeju City,7395837990492490,751-0268-8,0.7504
Jeju City,7395837990492490,시개호관,0.51
Jeju City,741503097845838,주정차금지,0.995
Jeju City,741503097845838,50,0.9452
Jeju City,7418381501588748,용,0.9999
Jeju City,7418381501588748,Yong,0.9603
Jeju City,7483738948400014,여웅!,0.5638
Jeju City,7483738948400014,어디로각가,0.7005
Jeju City,7483738948400014,침단,0.9626
Jeju City,7483738948400014,누수설비방수공사,0.9493
Jeju City,7483738948400014,교미주,0.9227
Jeju City,7483738948400014,0서,0.617
Jeju City,748452677467506,문,0.6235
Jeju City,748452677467506,성은,0.9267
Jeju City,748452677467506,탑동,0.6922
Jeju City,748452677467506,종합경계럼,0.7755
Jeju City,755308420080069,CAF,0.9993
Jeju City,755308420080069,#조,0.9258
Jeju City,755308420080069,#COFFEE,0.9994
Jeju City,755308420080069,재,0.86
Jeju City,755308420080069,-,0.9866
Jeju City,755308420080069,스,0.7859
Jeju City,755308420080069,국피명동서,0.5647
Jeju City,755308420080069,-,0.9746
Jeju City,755308420080069,세,0.689
Jeju City,755308420080069,1,0.5114
Jeju City,755308420080069,십,0.5871
Jeju City,755308420080069,드,0.5629
Jeju City,755308420080069,T1084755-211,0.9206
Jeju City,755308420080069,152-911,0.899
Jeju City,7695201873881060,TALFA,0.6548
Jeju City,797374112300414,낭명모,0.5074
Jeju City,812668644123312,04,0.775
Jeju City,813413650683612,Goobne,0.9891
Jeju City,813413650683612,2025년도,0.9999
Jeju City,813413650683612,주민참여예,0.9795
Jeju City,827193659938358,숙연자,0.5364
Jeju City,865928981937541,두,0.6294
Jeju City,905597574658001,T,0.553
Jeju City,947058013870693,금교,0.7386
Jeju City,947058013870693,155,0.9942
Jeju City,947918353478920,멜로,0.6584
Jeju City,947918353478920,61Y,0.6349
Jeju City,947918353478920,입드호대,0.8176
Jeju City,947918353478920,50,0.998
Jeju City,950079056658073,|,0.8744
Jeju City,950079056658073,한대우,0.5784
Jeju City,950079056658073,호프,1.0
Jeju City,950135123453018,Airport,0.8751
Jeju City,950135123453018,공항로,0.9997
Jeju City,950135123453018,Gonghang-r,0.9962
Jeju City,950135123453018,300,0.9996
Jeju City,953181189694973,9제주은행,0.9734
Jeju City,953181189694973,어류주은장,0.5212
Jeju City,958097402614411,원,0.6468
Jeju City,958097402614411,조아조아,0.8233
Jeju City,958097402614411,~호PC,0.5536
Jeju City,958929605613748,G04차,0.6343
Jeju City,964765911716284,보드누도,0.6215
Jeju City,964765911716284,삼려방,0.5065
Jeju City,964765911716284,음,0.6633
Jeju City,964765911716284,남근9,0.8216
Jeju City,964765911716284,702:8448,0.9741
Jeju City,964765911716284,남삼먹터,0.5184
Jeju City,964765911716284,늘은,0.7921
Jeju City,964765911716284,생국흑실,0.6767
Jeju City,964765911716284,류음,0.7368
Jeju City,966630821753955,하,0.5764
Jeju City,966630821753955,프렌즈,0.874
Jeju City,970134527496626,COFFEE,1.0
Jeju City,970134527496626,The,0.9202
Jeju City,993585822345227,초,0.5911
Jeju City,993585822345227,-,0.9552
Jeju City,994443565435297,SIRIUIS,0.8002
Jeju City,997094775182344,리미디어,0.7165
Jongno,1008667596333876,정할,0.6446
Jongno,1008667596333876,30년,0.9702
Jongno,1008667596333876,전법가,0.5618
Jongno,1008667596333876,극인나,0.5656
Jongno,1008667596333876,함m한,0.6078
Jongno,1008667596333876,36,0.8834
Jongno,1008667596333876,기념식,0.9951
Jongno,1008667596333876,국민초청행사831금,0.9989
Jongno,1008667596333876,91토,0.9674
Jongno,1008667596333876,831금,0.9982
Jongno,1012399185958532,대나무한의원,0.94
Jongno,1012399185958532,제료과목,0.6527
Jongno,1012399185958532,보형탑가,0.5133
Jongno,1012399185958532,한의원,0.9986
Jongno,1012399185958532,소무문비인,0.5912
Jongno,1012399185958532,자동카보힘,0.7227
Jongno,1012399185958532,타납무,0.8875
Jongno,1012399185958532,DUNKIN',0.9988
Jongno,1012399185958532,DDoNU,0.6965
Jongno,1012399185958532,아마스빈,0.9097
Jongno,1012399185958532,버블티,0.8167
Jongno,1012399185958532,TSfIe,0.6962
Jongno,1036481684361176,소소한,0.958
Jongno,1044196393108537,9김산-안의워,0.6842
Jongno,1044196393108537,고문,0.5557
Jongno,1044196393108537,동요,0.7955
Jongno,1044196393108537,공증,0.7784
Jongno,1044196393108537,교통사고,0.9995
Jongno,1044196393108537,순환장애,0.9994
Jongno,1044196393108537,부주보사무,0.6435
Jongno,1044196393108537,궁공,0.6409
Jongno,1044196393108537,17115115,0.6708
Jongno,1044196393108537,:중,0.6481
Jongno,1062359277626566,MBL,0.8546
Jongno,1062359277626566,차호가,0.5057
Jongno,1062359277626566,공번농,0.6093
Jongno,1062359277626566,743,0.8772
Jongno,1062359277626566,0939,0.9894
Jongno,1062359277626566,비방밥,0.7036
Jongno,1062359277626566,%14232,0.7809
Jongno,1062359277626566,부,0.6213
Jongno,1062359277626566,허섯비빔밤,0.704
Jongno,1062359277626566,스테이트,0.7971
Jongno,1062359277626566,101,0.7613
Jongno,1062359277626566,오크,0.9448
Jongno,1062359277626566,치킨,0.9989
Jongno,1062359277626566,456709,0.755
Jongno,1062359277626566,풀럭둥심,0.7198
Jongno,1062359277626566,부하는1까지스만,0.658
Jongno,1062359277626566,거,0.5909
Jongno,1062359277626566,H0Oo,0.6323
Jongno,1094543087696739,니스센터,0.9952
Jongno,1094543087696739,민,0.7929
Jongno,1094543087696739,중로구,0.8118
Jongno,1099572980536766,되게마라!,0.8698
Jongno,1099572980536766,모접,0.8349
Jongno,1099572980536766,특전부사관,0.9984
Jongno,1100331557130312,후원,0.9991
Jongno,1100331557130312,동우물인협류직인사,0.5469
Jongno,1100331557130312,문화:,0.9858
Jongno,1100331557130312,02-765-301114선120 127,0.8461
Jongno,1100331557130312,HO:/m  OrOrOnOP,0.5221
Jongno,1100331557130312,무료행사,0.9999
Jongno,1128068371010474,TSAL,0.7437
Jongno,1128068371010474,Kuancjuo,0.8559
Jongno,1128068371010474,층,0.7225
Jongno,1128068371010474,발c,0.5868
Jongno,1128068371010474,하XS,0.5279
Jongno,1128068371010474,요,0.9999
Jongno,1128068371010474,부,0.7263
Jongno,1128068371010474,공중주,0.6661
Jongno,1128068371010474,Market,0.9999
Jongno,1174352469671287,선진관광,0.991
Jongno,1174352469671287,전서점!,0.6559
Jongno,1174352469671287,025206,0.5847
Jongno,1175993549585556,주금,0.5697
Jongno,1191383901315278,누못회수,0.643
Jongno,1191383901315278,추천!,0.8675
Jongno,1191383901315278,690450I호,0.5709
Jongno,1191383901315278,눈꿋빙수大스,0.6735
Jongno,1191383901315278,지유가오카빙수는,0.8574
Jongno,1192034141231510,하,0.9999
Jongno,1192034141231510,사은행,0.7486
Jongno,137087651782066,대터,0.5322
Jongno,137087651782066,스드,0.5057
Jongno,1373430839723053,O mo sp,0.7888
Jongno,1373430839723053,어Y운,0.9612
Jongno,1373430839723053,S,0.8329
Jongno,1396481560696329,안,1.0
Jongno,1396481560696329,국,0.9726
Jongno,1396481560696329,서적사용중대장,0.7324
Jongno,1396481560696329,3,0.8056
Jongno,1396481560696329,구편문국종대,0.5089
Jongno,1414375168930456,부로거,0.5469
Jongno,1425882937763804,T010-S,0.8584
Jongno,1437306606648969,북촌기발가움,0.7531
Jongno,147268644040272,인삼티,0.5695
Jongno,147268644040272,뿜론,0.7111
Jongno,147268644040272,HOTDOGTRUGK,0.9521
Jongno,150711673664307,한국종함부동산센터,0.9795
Jongno,150711673664307,종로,0.9995
Jongno,150711673664307,빈대떡,0.9991
Jongno,150711673664307,어께,0.5887
Jongno,150711673664307,종로,0.9971
Jongno,150711673664307,낙지,0.9771
Jongno,150711673664307,141부개집,0.5807
Jongno,159354486108860,1극,0.5337
Jongno,159354486108860,0,0.7135
Jongno,1613344825529247,T,0.7387
Jongno,1658766747665951,시,0.9714
Jongno,166069518763634,대스원,0.5415
Jongno,169582871708316,로또,0.9999
Jongno,169582871708316,간판,0.9927
Jongno,169582871708316,증한,0.9105
Jongno,1757542407757419,-,0.9265
Jongno,176359664346053,가,0.9409
Jongno,1778692433102699,본금오고,0.7463
Jongno,1778692433102699,고,0.6735
Jongno,1778692433102699,2,0.9999
Jongno,179873760684774,-,0.7189
Jongno,179873760684774,주,0.9393
Jongno,179873760684774,비방방,0.7571
Jongno,179873760684774,호프,0.989
Jongno,179947110654208,1,0.7446
Jongno,179947110654208,ARE,0.9935
Jongno,179947110654208,00N6,0.9212
Jongno,181409613831941,WINE,0.8628
Jongno,181409613831941,EASY,0.81
Jongno,183861480270564,30,0.9993
Jongno,1847105835449727,중남정육점,0.8577
Jongno,1847105835449727,3763-,0.8851
Jongno,1847105835449727,한우전문판대점,0.8859
Jongno,1847105835449727,1763-898,0.8191
Jongno,1847105835449727,한우한,0.9968
Jongno,1847105835449727,매점,0.7628
Jongno,1847105835449727,굴혼혼,0.6355
Jongno,1847105835449727,전물판매점,0.8958
Jongno,193290015856947,삼선궁,0.8467
Jongno,193290015856947,한의은,0.9666
Jongno,193290015856947,한복이들이둥,0.6276
Jongno,193290015856947,중작복,0.5372
Jongno,193290015856947,6-771-300:,0.6358
Jongno,193290015856947,북촌,0.9828
Jongno,193290015856947,유개농밀,0.8143
Jongno,193290015856947,OO,0.9385
Jongno,193290015856947,단팥방,0.8995
Jongno,193290015856947,드림디포,0.8963
Jongno,193290015856947,관평대동케,0.5622
Jongno,193290015856947,8,0.9954
Jongno,193290015856947,38,0.9887
Jongno,193290015856947,38,0.8382
Jongno,193290015856947,10,0.8743
Jongno,193290015856947,원영,0.5512
Jongno,193290015856947,0도,0.6732
Jongno,1947969182025111,회로,0.6138
Jongno,1947969182025111,낙프크시,0.6942
Jongno,1947969182025111,프,0.822
Jongno,1947969182025111,경은관,0.9427
Jongno,1947969182025111,A0무에,0.5782
Jongno,1947969182025111,|],0.5722
Jongno,1949212235216848,금구강산,0.706
Jongno,1949212235216848,생94당,0.8129
Jongno,1949212235216848,2F:,0.9631
Jongno,1949212235216848,나,0.9999
Jongno,1949212235216848,3,0.5112
Jongno,1949212235216848,나주,0.9993
Jongno,1949212235216848,곰탕,0.9994
Jongno,210811213851774,1,0.569
Jongno,210811213851774,7,0.8025
Jongno,210811213851774,5p,0.5371
Jongno,218791339693959,인선6세일,0.7674
Jongno,219379989527473,주치금지,0.9737
Jongno,221101202682068,5,0.9994
Jongno,223443452873336,集寄꼬,0.5503
Jongno,223562726194688,토,0.9999
Jongno,223562726194688,피도중도,0.6351
Jongno,223562726194688,수운화랑,0.9992
Jongno,223562726194688,포금,0.6131
Jongno,223562726194688,옥념,0.6152
Jongno,223562726194688,기스,0.9168
Jongno,223562726194688,6l6F,0.5621
Jongno,223562726194688,KRINSI,0.8398
Jongno,232442225308871,38,1.0
Jongno,242214487680010,Coffee,0.996
Jongno,244136724129692,'[/4/,0.7681
Jongno,244136724129692,JSP,0.8253
Jongno,244136724129692,금움워는,0.6195
Jongno,260232775798256,빈터,0.6283
Jongno,268510318353083,법률사무소북촌,0.9298
Jongno,270556681433876,HAB0,0.8283
Jongno,270556681433876,핫도그트럭&커피,0.9952
Jongno,270556681433876,공인중계사사무소강동,0.9104
Jongno,270556681433876,대일,0.9991
Jongno,270556681433876,부동산,0.9785
Jongno,270556681433876,진짜,0.9954
Jongno,270556681433876,허우,0.6193
Jongno,270556681433876,커피,1.0
Jongno,270556681433876,맛을,0.9995
Jongno,270556681433876,보여줄게!,0.9988
Jongno,270556681433876,762-2259,0.9981
Jongno,270556681433876,-,0.9942
Jongno,2807140096122318,T무U보G,0.5364
Jongno,2825980247715327,MG새마을금고,0.9965
Jongno,2825980247715327,가회,0.9981
Jongno,285369109845006,1,0.7311
Jongno,285369109845006,T,0.9745
Jongno,285369109845006,르두현엣응차르,0.6462
Jongno,285369109845006,이클린탁스,0.997
Jongno,285369109845006,태극제약,0.6105
Jongno,286151043150116,한돈간,0.8418
Jongno,286151043150116,1763-2898,0.918
Jongno,286151043150116,한우한돈전문판매점,0.9982
Jongno,287066672898041,제33기동대-2,0.9756
Jongno,287066672898041,예A시기E,0.7089
Jongno,2876586045988987,로5킬,0.7984
Jongno,2876586045988987,질발,0.5222
Jongno,2883113685281104,니스,0.5498
Jongno,2892008991086646,IRYUGAOKAST!!,0.8274
Jongno,2892008991086646,고낭교0,0.6961
Jongno,2892008991086646,망고방수,0.9899
Jongno,2892008991086646,판방스,0.5958
Jongno,292857782428321,쳐축입,0.5266
Jongno,292857782428321,더합커,0.8691
Jongno,292857782428321,구0,0.8019
Jongno,2939080343080094,화불교사,0.9918
Jongno,2939080343080094,려롬,0.7223
Jongno,2939080343080094,불교서적,0.9089
Jongno,2939080343080094,불규용,0.7749
Jongno,2939080343080094,M든Y롬,0.6297
Jongno,2939080343080094,2탁/,0.5592
Jongno,2939080343080094,불코공들형래,0.5179
Jongno,2939080343080094,r-,0.6818
Jongno,2939080343080094,조,0.535
Jongno,294383842315014,일된,0.8443
Jongno,294383842315014,=,0.9997
Jongno,294383842315014,려거,0.6224
Jongno,294383842315014,-,0.9812
Jongno,295757392117623,사무소,0.9961
Jongno,295757392117623,포임트,0.6517
Jongno,299551905233176,마F,0.5336
Jongno,299551905233176,청기와,0.9516
Jongno,3011026435806559,우회전시,0.9487
Jongno,301885851482345,룸,0.576
Jongno,308958313939794,보색강경주엄리다거,0.6761
Jongno,308958313939794,4/1/,0.6776
Jongno,308958313939794,연즈,0.7194
Jongno,308958313939794,스마르폰,0.9066
Jongno,308958313939794,잠대,0.5904
Jongno,314078656744489,기,0.6053
Jongno,314078656744489,은,0.9973
Jongno,317248186499029,비빙밥,0.8827
Jongno,317248186499029,건결,0.7097
Jongno,317248186499029,소고기성이빔,0.5437
Jongno,317248186499029,주비,0.5141
Jongno,317248186499029,동냉부방방6빔,0.5143
Jongno,317248186499029,머섯성방밥,0.5073
Jongno,317248186499029,4,0.8004
Jongno,317248186499029,차정상C25킨,0.5796
Jongno,317248186499029,오크칠,0.7742
Jongno,317248186499029,표거,0.5395
Jongno,317248186499029,스테이크,0.9511
Jongno,317248186499029,수,0.9978
Jongno,317248186499029,7:,0.5461
Jongno,317248186499029,치킨,0.9982
Jongno,317248186499029,742-1917,0.9809
Jongno,317248186499029,단비130녁F,0.7425
Jongno,317248186499029,부45-경0인,0.8064
Jongno,317248186499029,C6층,0.5476
Jongno,317248186499029,홀릭,0.9221
Jongno,317248186499029,TaK,0.8189
Jongno,317248186499029,맛및는집,0.6527
Jongno,317248186499029,물러둥심,0.7953
Jongno,317248186499029,하식위,0.6426
Jongno,317855396524670,9Mg새마올금,0.6221
Jongno,317855396524670,가회지점,0.8658
Jongno,317855396524670,편가입보장공대,0.7787
Jongno,320851576052691,소,0.5441
Jongno,328927141993843,8,0.9537
Jongno,330142148708510,00200690,0.7943
Jongno,330142148708510,교육과목,0.8838
Jongno,330142148708510,보석감정주열리디지면,0.7697
Jongno,330142148708510,보석학원,0.9977
Jongno,330142148708510,연으,0.6399
Jongno,330142148708510,이려,0.9328
Jongno,330142148708510,00,0.9902
Jongno,330142148708510,40,0.7874
Jongno,330142148708510,살대여낸면,0.5263
Jongno,3471424296292140,이,0.6838
Jongno,3471424296292140,업종로구첨,0.6391
Jongno,362658038517121,원,0.996
Jongno,362658038517121,북존,0.8885
Jongno,362658038517121,국가는길,0.8536
Jongno,3720875134707340,=,0.7809
Jongno,3927748607303050,KCER,0.8045
Jongno,3927748607303050,다,0.5757
Jongno,4015466291880079,-,0.9525
Jongno,4015466291880079,한동교회복단,0.6912
Jongno,4021502437931183,HUTNE,0.7289
Jongno,4021502437931183,된,0.6411
Jongno,4021502437931183,순대국감자랑,0.8614
Jongno,4021502437931183,HOUS,0.8194
Jongno,4021502437931183,UU35U,0.8689
Jongno,4042580389169370,원,0.8082
Jongno,4309488235770507,고무인,0.9894
Jongno,4309488235770507,해상회문께영방,0.5447
Jongno,4309488235770507,其理武,0.6693
Jongno,4309488235770507,돈하서,0.608
Jongno,4309488235770507,동이시,0.8302
Jongno,4309488235770507,DUICH& BEAN,0.9595
Jongno,4309488235770507,자동고무인자동사인명함,0.9746
Jongno,4309488235770507,상패,0.9985
Jongno,452652949130176,부하,0.5791
Jongno,458472022100924,폰카,0.74
Jongno,462641271624127,무미지,0.7634
Jongno,462641271624127,LxA106,0.6903
Jongno,462641271624127,보리르너로,0.7151
Jongno,462641271624127,ORUSH!,0.9993
Jongno,463468398275096,"""",0.9134
Jongno,463468398275096,HY니DR,0.7677
Jongno,467290367902047,삼경동,0.9319
Jongno,467290367902047,떡볶어,0.7041
Jongno,467290367902047,냉품,0.8901
Jongno,467290367902047,동부,0.5282
Jongno,469869494092423,:,0.9741
Jongno,469869494092423,운균교국구,0.6281
Jongno,471372227311024,1리티테에서,0.5629
Jongno,471863140536731,일부동산,0.8115
Jongno,471863140536731,커피,1.0
Jongno,471863140536731,북촌허,0.5322
Jongno,471863140536731,문소강빙수,0.778
Jongno,471863140536731,2259,0.9994
Jongno,471863140536731,부조주,0.5542
Jongno,471863140536731,-,0.9957
Jongno,471863140536731,대도산,0.6248
Jongno,471863140536731,부동산,0.9839
Jongno,471863140536731,762-2:,0.8596
Jongno,472699034005235,WOODIE,0.9331
Jongno,472699034005235,B1Z/:,0.6748
Jongno,479196933401077,ONE AND,0.9119
Jongno,479196933401077,JGALLERY,0.9055
Jongno,479196933401077,WOOD,0.9293
Jongno,482780102957811,지화성,0.5332
Jongno,482780102957811,P우르주차장,0.9545
Jongno,490134562130020,[/&,0.7601
Jongno,495195298347217,로,0.6368
Jongno,501154434263176,교동금요,0.7632
Jongno,501154434263176,SACE,0.9422
Jongno,501154434263176,1895,0.9968
Jongno,501154434263176,멋,0.9965
Jongno,501154434263176,미리,0.8407
Jongno,501154434263176,전통의,0.9999
Jongno,506247157217271,it은,0.6668
Jongno,512130689829950,능논공,0.6423
Jongno,512130689829950,COFFEEG ONL,0.8678
Jongno,512130689829950,유금구,0.5231
Jongno,512130689829950,FECLAEAUS9S,0.7413
Jongno,512130689829950,커피,0.9839
Jongno,512130689829950,궁006려E리0,0.6479
Jongno,512130689829950,4공,0.9546
Jongno,516449882863020,인회드,0.5253
Jongno,516449882863020,대나무,0.9998
Jongno,516449882863020,마,0.987
Jongno,516449882863020,한의원,0.9954
Jongno,516449882863020,한,1.0
Jongno,516449882863020,의원,0.8377
Jongno,516449882863020,상팡,0.5521
Jongno,516449882863020,동산,0.8894
Jongno,516449882863020,베바퀴노래,0.825
Jongno,516449882863020,이니스프리,0.9994
Jongno,516449882863020,BLF,0.8388
Jongno,516449882863020,6,0.8135
Jongno,516449882863020,느느,0.803
Jongno,516449882863020,사무실,0.8749
Jongno,516449882863020,장하,0.5714
Jongno,516449882863020,177,0.9292
Jongno,516449882863020,대남무한의원,0.974
Jongno,516449882863020,5A,0.6602
Jongno,517453476274105,안,0.9991
Jongno,517453476274105,신한은행회용된,0.628
Jongno,517453476274105,하브인도너즈,0.6285
Jongno,523615645715653,45,0.6854
Jongno,523615645715653,C,0.92
Jongno,523615645715653,5,0.6308
Jongno,523615645715653,AIENTACABE?,0.9216
Jongno,523849345272729,62,0.9999
Jongno,525562368822196,리루인의친,0.5976
Jongno,525562368822196,DONUTS,0.8676
Jongno,525562368822196,OUNKON,0.8726
Jongno,525562368822196,신소조차,0.6776
Jongno,5305832886156225,LOODIBRICK,0.9615
Jongno,537784494265830,회,0.5094
Jongno,537784494265830,중로안학복지를만나다,0.6998
Jongno,537784494265830,종로구,0.9993
Jongno,537784494265830,사람중심명품도시종로,0.9705
Jongno,537784494265830,전물,0.509
Jongno,537784494265830,판류의,0.6256
Jongno,537784494265830,中에,0.8675
Jongno,537784494265830,서겠습니다,0.8642
Jongno,551039649633723,dhco,0.5456
Jongno,5526361807434107,정,0.8755
Jongno,5526361807434107,연RZA,0.66
Jongno,5526361807434107,빙그레,0.951
Jongno,562392204726849,성,1.0
Jongno,562392204726849,원,0.9948
Jongno,562392204726849,머드츨력,0.6232
Jongno,562392204726849,전세,0.9173
Jongno,562882381345225,1734-6706,0.9947
Jongno,562882381345225,-9222,0.9982
Jongno,562882381345225,H어10-9112-,0.949
Jongno,562882381345225,중개사무소,0.9987
Jongno,562882381345225,움교,0.717
Jongno,562882381345225,7,0.629
Jongno,562882381345225,부동산,0.9929
Jongno,575145413455425,프드,0.5969
Jongno,609296653799250,도담,0.8238
Jongno,609296653799250,NAV보주,0.5428
Jongno,609296653799250,Wrh onsvs oade,0.5546
Jongno,609296653799250,지시,0.5779
Jongno,609296653799250,r대부10,0.5346
Jongno,746623252702343,공정무역가게,0.9972
Jongno,746623252702343,9:,0.7849
Jongno,746623252702343,동전,0.921
Jongno,761348387890425,경복궁,0.9901
Jongno,761348387890425,보리,0.9999
Jongno,761348387890425,프스,0.5641
Jongno,761348387890425,인사동,0.9674
Jongno,761348387890425,완마두국,0.9911
Jongno,761348387890425,한복의,0.966
Jongno,761348387890425,해,0.746
Jongno,761348387890425,1시간1000원,0.9245
Jongno,761348387890425,40=130,0.7934
Jongno,761348387890425,국1300001,0.6802
Jongno,761348387890425,하무24시간20000,0.8708
Jongno,761348387890425,日狀24빔,0.65
Jongno,761348387890425,24h0r고day,0.7164
Jongno,761348387890425,터24분126000,0.7652
Jongno,761348387890425,이,0.9025
Jongno,761348387890425,6647,0.8307
Jongno,765104147413114,?서울특별시,0.9469
Jongno,765104147413114,상종로,0.8308
Jongno,765104147413114,서울,0.8554
Jongno,765104147413114,수도과학관,0.9951
Jongno,765104147413114,로0179,0.868
Jongno,785249778786648,중슈,0.5376
Jongno,785249778786648,P,0.5321
Jongno,792082111441945,래을비스다,0.5126
Jongno,792082111441945,전동공애,0.8928
Jongno,792082111441945,과점,0.9614
Jongno,794961928080866,크,0.6511
Jongno,807520800181149,보성,0.9783
Jongno,807520800181149,고마술,0.9736
Jongno,807520800181149,상설전시를,0.8769
Jongno,807520800181149,낙일,0.7714
Jongno,807520800181149,효관,0.6997
Jongno,807520800181149,-,0.8776
Jongno,809224139700751,을논,0.8991
Jongno,809224139700751,조을승,0.6465
Jongno,809224139700751,한성불교시,0.954
Jongno,811620043126921,신한은행,0.9937
Jongno,815352172405728,10!,0.7988
Jongno,815352172405728,365일바로바르코너,0.9453
Jongno,815352172405728,안국역점,0.8587
Jongno,815352172405728,COFFEF,0.9982
Jongno,815352172405728,비츠,0.6179
Jongno,815352172405728,커피,0.9942
Jongno,815352172405728,태년은,0.5327
Jongno,815352172405728,턱미를,0.5805
Jongno,815352172405728,그리,0.5333
Jongno,815352172405728,LF도,0.8322
Jongno,815846465686422,등를,0.5438
Jongno,819319309017272,백년도중!,0.6518
Jongno,819319309017272,트리플에이치과,0.8899
Jongno,819319309017272,031711-7765,0.9485
Jongno,822867163344115,52즈,0.6984
Jongno,823176044966419,경찰,0.9751
Jongno,823176044966419,POL1-,0.705
Jongno,823176044966419,J'!,0.6596
Jongno,823176044966419,!,0.8633
Jongno,824869261788887,도,0.5792
Jongno,824869261788887,드리,0.9375
Jongno,834216183838958,[시<,0.7399
Jongno,864485384103152,1400-2,0.9987
Jongno,877918672986785,40,0.9998
Jongno,877918672986785,절대감속,0.9955
Jongno,877918672986785,공사중,0.9994
Jongno,885545746379225,RAL,0.7784
Jongno,906357393266082,027142:,0.8205
Jongno,906357393266082,인혹션,0.7146
Jongno,906357393266082,31-2,0.8413
Jongno,906357393266082,주명인옥선,0.832
Jongno,906357393266082,62142-311-2,0.889
Jongno,906357393266082,55개45,0.7796
Jongno,906357393266082,서울재동초등학교,0.8996
Jongno,906357393266082,SOVEE BS,0.6819
Jongno,906357393266082,멋,0.9895
Jongno,906357393266082,미래의,0.9972
Jongno,906357393266082,꿈,0.8993
Jongno,906357393266082,전통의,0.9999
Jongno,906653184843034,오설록,0.9968
Jongno,927723247798274,-,0.7902
Jongno,936903240475263,부D후로,0.5707
Jongno,940974663112872,5,0.9983
Jongno,943882359485628,-,0.9624
Jongno,943882359485628,로카,0.5852
Jongno,957957768309037,예,0.9996
Jongno,957957768309037,원,0.9854
Jongno,957957768309037,765-780E,0.8795
Jongno,957957768309037,늘고운,0.9999
Jongno,957957768309037,156-544개,0.9687
Jongno,957957768309037,731-573,0.8184
Jongno,957957768309037,의,0.9652
Jongno,957957768309037,12-,0.8864
Jongno,957957768309037,서예,0.9446
Jongno,982328738971802,환복여행,0.6756
Jongno,982328738971802,도,0.8256
Jongno,982328738971802,화동침구,0.9562
Jongno,982328738971802,공인풍,0.8891
Jongno,982328738971802,개,0.9991
Jongno,982328738971802,동진사,0.8275
Jongno,982328738971802,627281,0.9048
Jongno,982328738971802,0108334,0.9619
Myeongdong,1001872865234797,므,0.6141
Myeongdong,1001872865234797,용인푸르지오,0.9996
Myeongdong,1001872865234797,원,0.9902
Myeongdong,1001872865234797,BUS,0.9993
Myeongdong,1003319968392890,Mio,0.9936
Myeongdong,1003319968392890,DashCam,0.9982
Myeongdong,1003319968392890,43733470,0.8872
Myeongdong,1003319968392890,58494,0.6634
Myeongdong,1017032933812319,고무김,0.701
Myeongdong,1017032933812319,드:,0.5181
Myeongdong,1017032933812319,NG,0.9998
Myeongdong,1017032933812319,PRUGIO,0.9715
Myeongdong,1017032933812319,스터의,0.9999
Myeongdong,1017032933812319,비전을,0.9997
Myeongdong,1017032933812319,누리는,0.9999
Myeongdong,1017032933812319,031282-2043,0.9998
Myeongdong,1017032933812319,1브랜드의,0.9996
Myeongdong,1017032933812319,미니신도시,0.9996
Myeongdong,1017032933812319,푸르지오,0.9997
Myeongdong,1017032933812319,1단지,0.9993
Myeongdong,1017032933812319,100%,0.9999
Myeongdong,1017032933812319,페곰,0.575
Myeongdong,1017032933812319,OPEN,1.0
Myeongdong,1017032933812319,외,0.949
Myeongdong,1017032933812319,6개월,0.9999
Myeongdong,1017032933812319,후,1.0
Myeongdong,1017032933812319,전매가능,0.9995
Myeongdong,1017032933812319,스터,0.9992
Myeongdong,1017032933812319,213라지,0.8439
Myeongdong,1017032933812319,총3724세F,0.9194
Myeongdong,1017032933812319,즈,0.9656
Myeongdong,1017032933812319,5다지,0.8831
Myeongdong,1017032933812319,2043세대,0.9999
Myeongdong,1021956743029637,건디션,0.8003
Myeongdong,1021956743029637,5대,0.5667
Myeongdong,1021956743029637,30,0.9997
Myeongdong,1021956743029637,COCYHOOD,0.9155
Myeongdong,1021956743029637,baviplan,0.9999
Myeongdong,1021956743029637,Shining mas?,0.9331
Myeongdong,1022860810007945,한국은행,0.8564
Myeongdong,1022860810007945,종모1가,0.7993
Myeongdong,1022860810007945,지르2래,0.5267
Myeongdong,1023167666654372,동렁,0.558
Myeongdong,1023167666654372,중앙차로버스전용,0.9608
Myeongdong,1023167666654372,9L,0.5542
Myeongdong,1024177869558971,2무미크,0.654
Myeongdong,1024177869558971,마,0.553
Myeongdong,1024177869558971,PRUGIO,0.98
Myeongdong,1024177869558971,031282-2043,0.9993
Myeongdong,1024177869558971,1단지,0.9998
Myeongdong,1024177869558971,100%,0.9999
Myeongdong,1024177869558971,프궁곰,0.7765
Myeongdong,1024177869558971,6개월,0.9996
Myeongdong,1024177869558971,후,1.0
Myeongdong,1024177869558971,전매가능,0.9995
Myeongdong,1024177869558971,총3724세대:,0.9766
Myeongdong,1024177869558971,중,0.9996
Myeongdong,1024177869558971,3단지,0.9998
Myeongdong,1024177869558971,2043세대,0.9999
Myeongdong,1025621949641783,중앙차로버스전용,0.9346
Myeongdong,1025621949641783,국내유일,0.9908
Myeongdong,1025621949641783,6퓨원,0.725
Myeongdong,1028360836113303,-,0.8748
Myeongdong,1030789932520632,the SAEIT,0.8335
Myeongdong,1030789932520632,900000,0.7074
Myeongdong,1033569982008921,50,0.9643
Myeongdong,1033569982008921,RBF,0.7334
Myeongdong,1039158258409581,LASSAGE,0.9095
Myeongdong,1040056481363372,남곡쿠,0.5088
Myeongdong,1040056481363372,8110,0.9994
Myeongdong,1040056481363372,천연가스버스,0.9939
Myeongdong,1040056481363372,4411?,0.6151
Myeongdong,1040056481363372,RBUS,0.9878
Myeongdong,1040056481363372,카카이,0.7179
Myeongdong,1040188314845876,SRAO,0.8179
Myeongdong,1040264554880049,동명,0.5548
Myeongdong,1040264554880049,중앙차로버스전용,0.9877
Myeongdong,1045406457624083,'무학,0.5431
Myeongdong,1045406457624083,RBU,0.8404
Myeongdong,1047166467387451,8100,0.9974
Myeongdong,1051024573793454,AASSAGE!,0.8583
Myeongdong,1053068753695351,동명,0.7105
Myeongdong,1053068753695351,중앙차로버스전용,0.9802
Myeongdong,1053068753695351,2,0.5383
Myeongdong,1060679295952273,악국,0.9615
Myeongdong,1060679295952273,HOLIKASLE,0.8049
Myeongdong,1060679295952273,노경식성명외과,0.8333
Myeongdong,1060679295952273,컴음음가,0.6124
Myeongdong,1060679295952273,삼성부동산,0.9676
Myeongdong,1060679295952273,+로,0.8714
Myeongdong,1060679295952273,IcNally,0.9469
Myeongdong,1060679295952273,0aly,0.532
Myeongdong,1061964838702234,중앙차로버스전용,0.9571
Myeongdong,1066873508913922,SL도,0.672
Myeongdong,1066873508913922,8,0.9991
Myeongdong,1066873508913922,Seconds,0.9764
Myeongdong,1067448142065053,중고차는,0.9704
Myeongdong,1067448142065053,케야카,0.9191
Myeongdong,1068691901858043,증앙차로버스전용,0.9272
Myeongdong,1072236084970622,중앙차,0.9458
Myeongdong,1072236084970622,로버스전용,0.9983
Myeongdong,1074200221285883,Sunt--,0.8858
Myeongdong,1074200221285883,ARTRANEL,0.9452
Myeongdong,1077286704209843,날대문세무서,0.8644
Myeongdong,1077286704209843,고측재남자근전품,0.7729
Myeongdong,1077286704209843,'은닉재산신고포상금,0.9112
Myeongdong,1077286704209843,경수금텍에미라익고30역민지금,0.7705
Myeongdong,1077286704209843,문의,0.8954
Myeongdong,1077286704209843,0125-4반,0.7436
Myeongdong,1077286704209843,국세청,0.5968
Myeongdong,1077286704209843,고태이지,0.5387
Myeongdong,1077286704209843,국민소동,0.9521
Myeongdong,1077286704209843,3A는,0.7081
Myeongdong,1077286704209843,치과,0.9954
Myeongdong,1077286704209843,카카오,0.9983
Myeongdong,1080273417374283,중앙차로버스전용,0.9974
Myeongdong,1086314580056969,래장,0.9684
Myeongdong,1086314580056969,중앙차로버스전은,0.7738
Myeongdong,1088396839843841,증앙차로버스전용,0.9114
Myeongdong,1102490661971571,무등산,0.8572
Myeongdong,1102490661971571,和,0.551
Myeongdong,1102490661971571,2,0.999
Myeongdong,1102490661971571,OPEN,0.9058
Myeongdong,1102490661971571,7:00~23:00,0.966
Myeongdong,1102490661971571,Porridge,0.9998
Myeongdong,1102490661971571,2,0.9998
Myeongdong,1126787755922149,9대1,0.5729
Myeongdong,1133992088523791,한남대교,0.996
Myeongdong,1133992088523791,10분,0.9919
Myeongdong,1133992088523791,FINUANCE TONER,0.8502
Myeongdong,1133992088523791,HUR근R!,0.587
Myeongdong,1147401887311859,부보요으바,0.523
Myeongdong,1147401887311859,HOLIKE HOL,0.9703
Myeongdong,1147401887311859,삼성부동산,0.9944
Myeongdong,1147401887311859,약국,0.8505
Myeongdong,1152561025857892,JU29,0.7046
Myeongdong,1152561025857892,-,0.9922
Myeongdong,1155048902927257,OTTTHHO,0.7729
Myeongdong,1155048902927257,YRREP,0.718
Myeongdong,1157730882716179,통제안내,0.9924
Myeongdong,1157730882716179,202546,0.9899
Myeongdong,1157730882716179,08:00~,0.9936
Myeongdong,1157730882716179,11:00,0.9371
Myeongdong,1157730882716179,시청,0.9968
Myeongdong,1157730882716179,삼거리,0.9989
Myeongdong,1157730882716179,동대문,0.8216
Myeongdong,1157730882716179,라hY,0.6458
Myeongdong,1157730882716179,청계광장,0.991
Myeongdong,1157730882716179,마장2교,0.964
Myeongdong,1157730882716179,대르76OCL0:6,0.6292
Myeongdong,1158930249168463,어00199y0,0.6867
Myeongdong,1158930249168463,계,0.8873
Myeongdong,1158930249168463,P단2:,0.7061
Myeongdong,1158930249168463,올지로1가,0.9142
Myeongdong,1158930249168463,산3호터널,0.9836
Myeongdong,1158930249168463,테고F0,0.6318
Myeongdong,1158930249168463,1515고1010,0.6057
Myeongdong,1158930249168463,자,0.6979
Myeongdong,1158930249168463,회신오시,0.7665
Myeongdong,1158930249168463,위반자넹,0.8107
Myeongdong,1158930249168463,형싱단속중,0.8633
Myeongdong,1158930249168463,io,0.58
Myeongdong,1158930249168463,DashCam,0.9843
Myeongdong,1158930249168463,025105110R:18:29,0.8235
Myeongdong,1158930249168463,15K,0.7722
Myeongdong,1158930249168463,"N375502""",0.8894
Myeongdong,1158930249168463,59141,0.7855
Myeongdong,1161038582553135,Gie,0.9201
Myeongdong,1161038582553135,STONE,0.9951
Myeongdong,1161038582553135,Goffee Bean,0.9896
Myeongdong,1161038582553135,G0,0.817
Myeongdong,1161038582553135,EMAGLINIC,0.8419
Myeongdong,1161038582553135,A0NE,0.7332
Myeongdong,1161038582553135,Spoks SOdS Sod,0.6142
Myeongdong,1161038582553135,150,0.9966
Myeongdong,1161802262282387,Mio,0.9978
Myeongdong,1161802262282387,DashCam,0.9908
Myeongdong,1161802262282387,025EI11-01::18:RG,0.612
Myeongdong,1161802262282387,12%,0.7535
Myeongdong,1162138301795957,탄소발자국이,0.9898
Myeongdong,1162138301795957,지속가능한,0.9959
Myeongdong,1162138301795957,BUS,1.0
Myeongdong,1164133835735182,092경I,0.5002
Myeongdong,1172788074310610,POLICE,0.992
Myeongdong,1172788074310610,호더,0.5325
Myeongdong,1176737080917723,LE,0.718
Myeongdong,1176737080917723,하모니,0.9979
Myeongdong,1176737080917723,EEIAEEDT,0.6385
Myeongdong,1176737080917723,Fresh,0.9679
Myeongdong,1178280767419241,F,0.612
Myeongdong,1178845437224944,61118118:,0.6688
Myeongdong,1178845437224944,9300,0.9812
Myeongdong,1178845437224944,단백질,0.995
Myeongdong,1178845437224944,커피믹스,0.9905
Myeongdong,1178845437224944,제누,0.9234
Myeongdong,1178845437224944,RBUS,0.9906
Myeongdong,1178845437224944,대버P,0.6946
Myeongdong,1187369013180155,무,0.9107
Myeongdong,1187369013180155,BLLS,0.7121
Myeongdong,1209141160531396,동렁,0.5401
Myeongdong,1209141160531396,중양차로버스전용,0.954
Myeongdong,1210541294145350,NOWNEW,0.9824
Myeongdong,1210541294145350,INNISFEE,0.932
Myeongdong,1236899674750246,637,0.9995
Myeongdong,1236899674750246,GNG,0.9982
Myeongdong,1240769237834113,중앙차로버스전용,0.937
Myeongdong,1250981490068711,-,0.591
Myeongdong,1250981490068711,-,0.9337
Myeongdong,1250981490068711,중앙차로버스진용,0.9536
Myeongdong,1250981490068711,즈비스,0.8659
Myeongdong,1250981490068711,터어어든,0.7857
Myeongdong,1250981490068711,100-04서,0.7828
Myeongdong,1257031489282195,동명,0.5135
Myeongdong,1257031489282195,중앙차로버스전음,0.9713
Myeongdong,1265355538546609,501,0.9997
Myeongdong,1265355538546609,상도먹4건층구,0.6715
Myeongdong,1265355538546609,810-7900,0.8374
Myeongdong,1265355538546609,거도,0.5894
Myeongdong,1278364693605432,Emart,0.9384
Myeongdong,1278364693605432,24,1.0
Myeongdong,1278364693605432,PLLIC10US I8EA,0.7282
Myeongdong,1278364693605432,3f24,0.8533
Myeongdong,1278364693605432,딜리셔스,0.9021
Myeongdong,1278364693605432,아이디어,0.999
Myeongdong,1278364693605432,:22:25,0.9298
Myeongdong,1278364693605432,100,0.7081
Myeongdong,1278364693605432,퓨金反,0.6983
Myeongdong,1278364693605432,J5RO!,0.6362
Myeongdong,1278364693605432,민생회복,0.9718
Myeongdong,1278364693605432,소비쿠폰,0.9418
Myeongdong,1278364693605432,Smart,0.8966
Myeongdong,1278364693605432,24,1.0
Myeongdong,1278364693605432,편의점,1.0
Myeongdong,1278364693605432,CVs,0.8287
Myeongdong,1279038857113596,전음,0.6819
Myeongdong,1281470546823195,중앙차로버스전용,0.9418
Myeongdong,1281470546823195,472,0.9954
Myeongdong,1281470546823195,주비스는,0.843
Myeongdong,1281470546823195,반드시,0.9994
Myeongdong,1285363896605076,이엽,0.7156
Myeongdong,1285363896605076,HAI,0.7562
Myeongdong,1298150951733836,화부비,0.5091
Myeongdong,1306038180897437,AMERICAM0,0.9457
Myeongdong,1320057192807842,AAPP,0.9321
Myeongdong,1320057192807842,-,0.8302
Myeongdong,1320057192807842,R:,0.9119
Myeongdong,1320057192807842,TONYMOL,0.9316
Myeongdong,1320057192807842,GRAND,0.9999
Myeongdong,1320057192807842,OPES,0.8057
Myeongdong,1320057192807842,-,0.5152
Myeongdong,1320905246373586,연a1000,0.7604
Myeongdong,1320905246373586,회십,0.6027
Myeongdong,1320905246373586,TRLTCTTY,0.5787
Myeongdong,1320905246373586,1925,0.7192
Myeongdong,1320905246373586,BarPOCIe,0.7711
Myeongdong,1320905246373586,1,0.9725
Myeongdong,1320905246373586,0,0.6581
Myeongdong,1320905246373586,OPEN 1000,0.9327
Myeongdong,1320905246373586,TEL023780-3531,0.9177
Myeongdong,1320905246373586,5포,0.609
Myeongdong,1320905246373586,조떡는,0.722
Myeongdong,1320905246373586,중암환전,0.8756
Myeongdong,1320905246373586,무동산,0.6981
Myeongdong,1320905246373586,~,0.9916
Myeongdong,1320905246373586,는,0.9998
Myeongdong,1320905246373586,피마,0.7551
Myeongdong,1320905246373586,에기!,0.6375
Myeongdong,1320905246373586,사,0.9472
Myeongdong,1320905246373586,67,0.9298
Myeongdong,1320905246373586,먹는,0.6069
Myeongdong,1320905246373586,년,0.9561
Myeongdong,1320905246373586,기6,0.6877
Myeongdong,1320905246373586,지,0.6736
Myeongdong,1320905246373586,머러갈이,0.6429
Myeongdong,1320905246373586,파마,0.7357
Myeongdong,1320905246373586,합수록,0.6024
Myeongdong,1320905246373586,건강애지는,0.9614
Myeongdong,1320905246373586,02-,0.9803
Myeongdong,1320905246373586,2629-,0.9403
Myeongdong,1320905246373586,프,0.6123
Myeongdong,1320905246373586,나,0.6942
Myeongdong,1320905246373586,Y,0.9961
Myeongdong,1320905246373586,중,0.9996
Myeongdong,1320905246373586,앙환전,0.9957
Myeongdong,1320905246373586,+구,0.7019
Myeongdong,1320905246373586,쿄품미방,0.7068
Myeongdong,1320905246373586,E담난,0.6365
Myeongdong,1320905246373586,Money,0.9997
Myeongdong,1320905246373586,Exchange,0.9993
Myeongdong,1331795008654532,붐을,0.6306
Myeongdong,1331795008654532,여귄,0.5398
Myeongdong,1331795008654532,비자,0.9726
Myeongdong,1331795008654532,프로집,0.8901
Myeongdong,1331795008654532,157530,0.8403
Myeongdong,1331795008654532,50,0.9733
Myeongdong,1331795008654532,사주카,0.9914
Myeongdong,1331795008654532,수,0.5811
Myeongdong,1331795008654532,TonYM,0.7332
Myeongdong,1331795008654532,SNA!!,0.9398
Myeongdong,1345777847265801,부동산,0.9944
Myeongdong,1345777847265801,17-112,0.7582
Myeongdong,1354614486003368,아쇼,0.8332
Myeongdong,1354614486003368,g9,0.5971
Myeongdong,1354614486003368,G,0.7611
Myeongdong,1354614486003368,M5I,0.694
Myeongdong,1354614486003368,크부교,0.6945
Myeongdong,1354614486003368,3,0.7724
Myeongdong,1354614486003368,ARIRANG,0.9846
Myeongdong,1354614486003368,김스에,0.8624
Myeongdong,1354614486003368,HGRGOG,0.8256
Myeongdong,1354640082330878,무크담51크드,0.5919
Myeongdong,1381948039891395,08:00,0.8612
Myeongdong,1381948039891395,시청,0.9627
Myeongdong,1381948039891395,4101%,0.9079
Myeongdong,1381948039891395,9면부르지오인대러스터,0.616
Myeongdong,1381948039891395,RBUS,0.9386
Myeongdong,1391274758879544,채고기,0.6031
Myeongdong,1391274758879544,PAFI:,0.7162
Myeongdong,1391274758879544,UE,0.9961
Myeongdong,1391274758879544,2F,0.8691
Myeongdong,1391274758879544,We!DerO0,0.7554
Myeongdong,1391274758879544,상가는,0.526
Myeongdong,1397605581570143,0,0.661
Myeongdong,1411126710207743,동똥,0.5792
Myeongdong,1411126710207743,중앙차로버스전용,0.9701
Myeongdong,1413301603451626,마,0.5846
Myeongdong,1413301603451626,름문기0,0.665
Myeongdong,1420478499087172,동풍,0.7488
Myeongdong,1420478499087172,중앙차로버스전용,0.9309
Myeongdong,1420808149139922,동렁,0.5116
Myeongdong,1420808149139922,중앙차로버스진용,0.8859
Myeongdong,1423038411937022,동명,0.6237
Myeongdong,1423038411937022,중양차,0.952
Myeongdong,1423038411937022,로버스전용,0.9771
Myeongdong,1425097995488469,-,0.6879
Myeongdong,1426030011914815,시십,0.7375
Myeongdong,1429704028226343,172,0.9515
Myeongdong,1429704028226343,GSootf,0.766
Myeongdong,1429704028226343,지금무료로르기세요,0.8294
Myeongdong,1438618494253313,20,0.7447
Myeongdong,1438618494253313,BoX,0.7071
Myeongdong,1438618494253313,빅박스,0.7193
Myeongdong,1438618494253313,미9,0.7951
Myeongdong,1444198420090384,즈즈르프트,0.6115
Myeongdong,1463089688015314,중앙차로버스전을,0.9404
Myeongdong,1464224767560024,G,0.9999
Myeongdong,1464224767560024,OLED,0.9999
Myeongdong,1466990770761854,HESE,0.7611
Myeongdong,1466990770761854,921151,0.5354
Myeongdong,1466990770761854,9300,0.9194
Myeongdong,1466990770761854,크코주로,0.5558
Myeongdong,1466990770761854,부건부-070스41-3,0.5399
Myeongdong,1466990770761854,커피미스,0.9182
Myeongdong,1466990770761854,제누,0.8147
Myeongdong,1466990770761854,RBUS,0.9697
Myeongdong,1466990770761854,대버P,0.7504
Myeongdong,1474247066949626,MAASHALD,0.9538
Myeongdong,1474247066949626,살드마,0.8837
Myeongdong,1474247066949626,2F,0.9998
Myeongdong,1474247066949626,하모니,0.9859
Myeongdong,1474247066949626,FRUITOELOON,0.8773
Myeongdong,1474247066949626,Marsha,0.946
Myeongdong,1474247066949626,시,0.6105
Myeongdong,1474247066949626,하무님,0.7145
Myeongdong,1475531053659224,2,0.9998
Myeongdong,1475531053659224,3r3rt,0.7556
Myeongdong,1475531053659224,24,0.9691
Myeongdong,1475531053659224,다1!,0.521
Myeongdong,1475531053659224,리셔스,0.9173
Myeongdong,1475531053659224,디어,0.9966
Myeongdong,1475531053659224,뼈,0.9209
Myeongdong,1475531053659224,Einat24,0.8075
Myeongdong,1475531053659224,치,0.7675
Myeongdong,1475531053659224,비쿠폰,0.9986
Myeongdong,1475531053659224,의점,0.9641
Myeongdong,1475531053659224,CVS,0.964
Myeongdong,1475531053659224,0,0.6139
Myeongdong,1475531053659224,PE/E,0.5554
Myeongdong,1475531053659224,BBO,0.9163
Myeongdong,1475531053659224,OPGNHAJD700,0.6584
Myeongdong,1486510839381976,다,0.9313
Myeongdong,1486510839381976,증앙차로버스전용,0.9386
Myeongdong,1487008619112702,년도,0.5432
Myeongdong,1487008619112702,LISSHF,0.7727
Myeongdong,1487008619112702,UUT 5GN4,0.6648
Myeongdong,1487008619112702,PKRISIAN,0.934
Myeongdong,1556397448862120,ONVERSE+,0.8986
Myeongdong,1572843990065851,기내,0.9198
Myeongdong,1572843990065851,B니S,0.6247
Myeongdong,1579718646333987,품도,0.5367
Myeongdong,1579718646333987,idge,0.9971
Myeongdong,1579718646333987,스,0.9763
Myeongdong,1579718646333987,PRMY,0.5885
Myeongdong,1630021564379293,동명,0.7634
Myeongdong,1630021564379293,중양차로버스진용,0.8869
Myeongdong,1648987125720667,트든,0.5869
Myeongdong,1664598507781504,샤,0.9835
Myeongdong,1664598507781504,일본라멘사케,0.9621
Myeongdong,1664598507781504,023182026,0.9521
Myeongdong,1664598507781504,0,0.561
Myeongdong,1664598507781504,3+1,0.9865
Myeongdong,1664598507781504,태지칼비뉴,0.6179
Myeongdong,1667356110862523,남대문로,0.9748
Myeongdong,1667356110862523,1001,0.8655
Myeongdong,1681259409188533,동,0.7268
Myeongdong,1681259409188533,종앙차로버스전음,0.8527
Myeongdong,1681259409188533,한,0.6565
Myeongdong,1696119731203579,10U09,0.9211
Myeongdong,1696119731203579,1024어시하프,0.676
Myeongdong,1705271573491836,회,0.7617
Myeongdong,1705271573491836,2F,0.9528
Myeongdong,1705271573491836,양념구이,0.9991
Myeongdong,1726578897963658,동명,0.6785
Myeongdong,1726578897963658,증앙차로버스전음,0.9219
Myeongdong,1730298314194933,큰,0.8324
Myeongdong,1740037936696189,3P,0.7795
Myeongdong,1774455726799151,중앙차로버스전은,0.9758
Myeongdong,1775446500020306,관계나,0.5133
Myeongdong,1775446500020306,SUNSKIN,0.9998
Myeongdong,1799793594257061,평하,0.5438
Myeongdong,1799793594257061,스,0.6636
Myeongdong,1799793594257061,중,0.9997
Myeongdong,1799793594257061,IFEWOIK,0.8715
Myeongdong,1799793594257061,물시서,0.7306
Myeongdong,1808720643316920,Mio,0.9968
Myeongdong,1808720643316920,DashCam,0.9884
Myeongdong,1808720643316920,02510511021:25,0.8267
Myeongdong,1808720643316920,33KT,0.7588
Myeongdong,1808720643316920,서창7상3294:,0.7722
Myeongdong,1808720643316920,12년,0.8206
Myeongdong,1870522753691388,Mio,0.9759
Myeongdong,1870522753691388,DashCam,0.9938
Myeongdong,1870522753691388,"137업호486""",0.7921
Myeongdong,1870522753691388,02510541 08:18:년5,0.7809
Myeongdong,1870522753691388,25k,0.6567
Myeongdong,1880351792821466,마마,0.5684
Myeongdong,1905525916910075,개피,0.6203
Myeongdong,1905525916910075,KDPE,0.8082
Myeongdong,1905525916910075,KOR표표구,0.6088
Myeongdong,1905525916910075,Aavjphat,0.787
Myeongdong,1905525916910075,7F,0.6166
Myeongdong,1905525916910075,SALF,0.7585
Myeongdong,1905525916910075,Dan ak,0.542
Myeongdong,1905525916910075,CaEe,0.6085
Myeongdong,1905525916910075,Par,0.9997
Myeongdong,1911081046100455,RBUS,0.9999
Myeongdong,1940121476563964,ONVE,0.9983
Myeongdong,1940121476563964,RSE자,0.9104
Myeongdong,1940121476563964,부응,0.6245
Myeongdong,1940121476563964,Hrar,0.6467
Myeongdong,1946848946058168,만실엄075,0.9364
Myeongdong,1946848946058168,HAECH!,0.9372
Myeongdong,1946848946058168,SEOUL,0.9978
Myeongdong,1972143419990513,중앙차로버스전용,0.9338
Myeongdong,1976504202883461,G,0.6543
Myeongdong,1976504202883461,GTSTARNA,0.9672
Myeongdong,2001440730730077,군장병,0.9839
Myeongdong,2001440730730077,하나은행에서,0.8655
Myeongdong,2001440730730077,군필자필수품,0.9911
Myeongdong,2001440730730077,만나요,0.849
Myeongdong,2065131690674379,민무사,0.7947
Myeongdong,2065131690674379,일본라멘사케,0.9796
Myeongdong,2065131690674379,02182028,0.8506
Myeongdong,2065131690674379,11,0.5591
Myeongdong,2065131690674379,31,0.8516
Myeongdong,2065131690674379,돼지갈비류,0.7711
Myeongdong,2072202273277704,HoRo,0.5428
Myeongdong,2072202273277704,Spriog,0.8995
Myeongdong,2072202273277704,수소비스,0.5573
Myeongdong,2115143912330940,<그,0.8497
Myeongdong,2115143912330940,중앙차로버스전용,0.9199
Myeongdong,2116757902163177,로즈,0.5048
Myeongdong,2116757902163177,Salady,0.995
Myeongdong,2157411784671225,KA,0.5997
Myeongdong,2204337163405015,파과티파티,0.9065
Myeongdong,2204337163405015,시SSH스,0.9853
Myeongdong,2204337163405015,45,0.6522
Myeongdong,2204337163405015,한포스,0.5301
Myeongdong,2204337163405015,4,0.8032
Myeongdong,2204337163405015,년,0.8477
Myeongdong,2204337163405015,Stnita,0.7658
Myeongdong,2204337163405015,Prtre,0.5713
Myeongdong,2311892295907897,시5,0.5375
Myeongdong,2311892295907897,동십,0.5668
Myeongdong,2311892295907897,기회전,0.6926
Myeongdong,2344744989314983,Emart,0.9602
Myeongdong,2344744989314983,UE,0.6471
Myeongdong,2344744989314983,24,1.0
Myeongdong,2344744989314983,224,0.6649
Myeongdong,2344744989314983,DfLIC1095 106A,0.7572
Myeongdong,2344744989314983,딜리셔스,0.9765
Myeongdong,2344744989314983,아이디어,0.9805
Myeongdong,2344744989314983,러갈비,0.7518
Myeongdong,2344744989314983,Ernart,0.7872
Myeongdong,2344744989314983,24,1.0
Myeongdong,2344744989314983,편의점,0.9993
Myeongdong,2344744989314983,CVs,0.9528
Myeongdong,2360172131011030,이미리단,0.6422
Myeongdong,2360172131011030,010,0.9799
Myeongdong,2360172131011030,2003-9534,0.9983
Myeongdong,2360172131011030,든OR,0.8801
Myeongdong,2402730360080558,HOTE,0.874
Myeongdong,2402730360080558,건설근로자공제회,0.9689
Myeongdong,2415112952234370,돼지목심,0.9968
Myeongdong,2415112952234370,양념구이,0.9193
Myeongdong,2415112952234370,므,0.6011
Myeongdong,24871658789139842,sh,0.6855
Myeongdong,24871658789139842,3%,0.644
Myeongdong,24871658789139842,15,0.5859
Myeongdong,24871658789139842,CO,0.6516
Myeongdong,24871658789139842,SL너!,0.8209
Myeongdong,24871658789139842,STOR!,0.8119
Myeongdong,24871658789139842,ROYAL SKIN,0.9552
Myeongdong,24871658789139842,KFISH,0.8753
Myeongdong,24871658789139842,PRETTYSKIL,0.9719
Myeongdong,24871658789139842,WEATHERWEAR,1.0
Myeongdong,24871658789139842,ROYALSKIN,0.9709
Myeongdong,24871658789139842,5,0.7971
Myeongdong,24871658789139842,70,0.998
Myeongdong,24871658789139842,SA도,0.9879
Myeongdong,24884143491274306,사주카페,0.9809
Myeongdong,24884143491274306,금오,0.6752
Myeongdong,24884143491274306,오드무드>드,0.6122
Myeongdong,24884143491274306,T0YHOL!,0.869
Myeongdong,24884143491274306,FUN,0.999
Myeongdong,2577978245741074,4101,0.9992
Myeongdong,2577978245741074,37,1.0
Myeongdong,2577978245741074,사,0.6592
Myeongdong,2577978245741074,카카오,0.8751
Myeongdong,2644512592555482,BLUEELEPHAT,0.9022
Myeongdong,2660453810959346,:,0.5233
Myeongdong,2660453810959346,KIMS HAIR,0.921
Myeongdong,2660453810959346,아쇼,0.9316
Myeongdong,2660453810959346,|,0.5728
Myeongdong,2660453810959346,마,0.9993
Myeongdong,2660453810959346,미동파티,0.8186
Myeongdong,2660453810959346,VITAMIN,0.9605
Myeongdong,2660453810959346,킴스헤어,0.9879
Myeongdong,2660453810959346,NUKHAN,0.9949
Myeongdong,2660453810959346,트,0.9973
Myeongdong,2660453810959346,美춤,0.685
Myeongdong,2660453810959346,피티면,0.6322
Myeongdong,2660453810959346,꽃,0.6209
Myeongdong,2660453810959346,TAXFTR은,0.7491
Myeongdong,2660453810959346,NUK:,0.879
Myeongdong,2660453810959346,내래다,0.5333
Myeongdong,2660453810959346,Korca No,0.9706
Myeongdong,2660453810959346,에,0.9701
Myeongdong,2660453810959346,경대,0.682
Myeongdong,2660453810959346,우물,0.5624
Myeongdong,2734878210042154,SPAO,0.9125
Myeongdong,3104752229692823,AEm,0.8832
Myeongdong,3104752229692823,B,0.5763
Myeongdong,3104752229692823,MI,0.7991
Myeongdong,3104752229692823,900,0.9377
Myeongdong,311066487053371,AC,0.9841
Myeongdong,311066487053371,OEDINA,0.6564
Myeongdong,311066487053371,CFFEE,0.7324
Myeongdong,3176859545812928,닭갈비,0.9997
Myeongdong,3176859545812928,YOOGANE,0.9415
Myeongdong,3176859545812928,유가네,0.9991
Myeongdong,3176859545812928,SUPER PET,0.9821
Myeongdong,3975910402652806,1384,0.8792
Myeongdong,3975910402652806,4107,0.973
Myeongdong,3975910402652806,PR[IGIO,0.7509
Myeongdong,3975910402652806,용인푸르지오,0.9995
Myeongdong,3975910402652806,원클러스터,0.9999
Myeongdong,4004679533106582,하모니Fres,0.9809
Myeongdong,4004679533106582,하모니,0.6171
Myeongdong,4004679533106582,FI모5F,0.5248
Myeongdong,4104892419765979,FR시,0.6611
Myeongdong,4104892419765979,OUMEO YOU!,0.7987
Myeongdong,4104892419765979,찾,0.7268
Myeongdong,4104892419765979,SRA0,0.5777
Myeongdong,4104892419765979,3치보,0.7218
Myeongdong,444297375392710,10,0.7649
Myeongdong,444297375392710,10,0.9044
Myeongdong,461357778296168,블타,0.6355
Myeongdong,520262007747176,MISSHA,0.8672
Myeongdong,520262007747176,Aha,1.0
Myeongdong,547528617873840,FA5TFLF,0.7581
Myeongdong,547528617873840,리기부,0.545
Myeongdong,547528617873840,미리내집,0.9879
Myeongdong,550046318041899,631,0.61
Myeongdong,550046318041899,CNG,0.9998
Myeongdong,552368487807508,동콩,0.5096
Myeongdong,552368487807508,그,0.7841
Myeongdong,552368487807508,중앙차로버스전용,0.959
Myeongdong,552368487807508,시,0.5275
Myeongdong,552368487807508,06,0.8068
Myeongdong,559703616540378,마,0.5791
Myeongdong,569554489430798,매달리지,0.9846
Myeongdong,569554489430798,않게,0.999
Myeongdong,569554489430798,02공0욱,0.5931
Myeongdong,569554489430798,허공,0.9983
Myeongdong,569554489430798,정리고,0.6985
Myeongdong,569554489430798,러위우,0.6965
Myeongdong,601550785835841,G,0.9665
Myeongdong,601550785835841,GTSTARMAL,0.9036
Myeongdong,601587929163877,동명,0.5588
Myeongdong,601587929163877,중앙차로버스전용,0.9895
Myeongdong,602132425786522,동,0.7341
Myeongdong,602132425786522,중앙차로버스진용,0.9116
Myeongdong,602541406285333,중앙차로버스전용,0.977
Myeongdong,603926265970513,경찰,1.0
Myeongdong,607293865163835,MASSAGED,0.9188
Myeongdong,624977686043042,0U5,0.6907
Myeongdong,624977686043042,의문,0.5241
Myeongdong,624977686043042,McDonaG,0.8822
Myeongdong,624977686043042,9로하움념,0.5152
Myeongdong,624977686043042,르돈욱음,0.539
Myeongdong,630107219339728,수,0.7525
Myeongdong,630107219339728,로버스전용,0.9944
Myeongdong,633907329249576,남대문로,0.9994
Myeongdong,633907329249576,Madaemun,0.8882
Myeongdong,633907329249576,0,0.605
Myeongdong,633907329249576,MioDashCam,0.9961
Myeongdong,633907329249576,0251051108:20:10,0.7638
Myeongdong,633907329249576,137업3474,0.887
Myeongdong,633907329249576,17,0.7969
Myeongdong,633975373030341,으,0.6504
Myeongdong,633975373030341,/48,0.6979
Myeongdong,633975373030341,ASSAGER,0.8375
Myeongdong,633975373030341,160,0.6832
Myeongdong,634069472896063,동파티파티,0.9424
Myeongdong,634069472896063,요,0.5447
Myeongdong,634069472896063,JISSH스,0.7706
Myeongdong,634069472896063,4용,0.6244
Myeongdong,634069472896063,한조,0.5705
Myeongdong,634069472896063,Ih6보2,0.5892
Myeongdong,634069472896063,SEOU,0.9619
Myeongdong,634069472896063,카페,0.9979
Myeongdong,634069472896063,r Ca,0.7569
Myeongdong,634069472896063,동은,0.5572
Myeongdong,634069472896063,HAR,0.9981
Myeongdong,640954012256893,The Bank of Korea,0.9783
Myeongdong,640954012256893,우Y,0.5302
Myeongdong,640954012256893,휴히Y,0.6334
Myeongdong,640954012256893,6,0.6051
Myeongdong,640954012256893,Cly,0.7688
Myeongdong,640954012256893,C에,0.5359
Myeongdong,640954012256893,나무김6,0.5672
Myeongdong,640954012256893,:,0.9777
Myeongdong,640954012256893,102,0.9947
Myeongdong,640954012256893,모,0.65
Myeongdong,640954012256893,OLOTTE,0.9976
Myeongdong,640954012256893,1384,0.9999
Myeongdong,640954012256893,R인푸르지오,0.8328
Myeongdong,640954012256893,우우AG10,0.5576
Myeongdong,640954012256893,인국로전,0.5956
Myeongdong,645026861912937,大4:,0.5347
Myeongdong,646886638177778,명동파티파터,0.9147
Myeongdong,646886638177778,스,0.8315
Myeongdong,646886638177778,시SSH스,0.9464
Myeongdong,646886638177778,4%,0.7315
Myeongdong,646886638177778,퍼6,0.7587
Myeongdong,646886638177778,350UL,0.506
Myeongdong,646886638177778,한도,0.6821
Myeongdong,646886638177778,A1R?,0.8059
Myeongdong,650236844699103,MASK,0.8752
Myeongdong,650236844699103,F0입,0.5521
Myeongdong,650236844699103,서미안봉병,0.6205
Myeongdong,650236844699103,게,0.9993
Myeongdong,650236844699103,B0,0.8604
Myeongdong,650236844699103,크즈2F,0.8724
Myeongdong,650236844699103,SHINING MASK,0.9505
Myeongdong,652276194495413,중앙차로버스전용,0.9873
Myeongdong,653953647113152,고차는,0.9985
Myeongdong,653953647113152,1EI0!,0.7831
Myeongdong,656572266961514,세울지방국세성,0.724
Myeongdong,656572266961514,개산서시,0.7049
Myeongdong,656572266961514,치과,0.9982
Myeongdong,656572266961514,사리F,0.5719
Myeongdong,656572266961514,구무수권,0.9156
Myeongdong,656572266961514,피/리대/집!,0.7026
Myeongdong,664856063339931,RE,0.5535
Myeongdong,664856063339931,돈,0.518
Myeongdong,664856063339931,PHot0,0.7286
Myeongdong,664856063339931,COFI,0.8633
Myeongdong,664856063339931,STUDIG,0.9864
Myeongdong,664856063339931,EDIYA,0.9063
Myeongdong,664856063339931,H010,0.6544
Myeongdong,664856063339931,SCATFG,0.772
Myeongdong,672329675966874,CTSARMAO스,0.7569
Myeongdong,677717591444336,:59,0.9419
Myeongdong,677717591444336,LOULSVUITTON,0.9338
Myeongdong,682466254288763,Hikaris,0.8541
Myeongdong,682895551242154,-,0.7051
Myeongdong,682895551242154,중앙차로버스진음,0.9379
Myeongdong,684860253914223,HYURDH!,0.7707
Myeongdong,686730407511039,중앙차로버스전용,0.9572
Myeongdong,686796027148777,30,0.7613
Myeongdong,695537670115861,Y,0.7393
Myeongdong,695537670115861,4,0.6862
Myeongdong,696909149628876,시십,0.7389
Myeongdong,696909149628876,ASSAGE,0.983
Myeongdong,698638376409551,비,0.6552
Myeongdong,698638376409551,LASSAGE,0.9725
Myeongdong,700142919662560,을지로,0.9554
Myeongdong,700643385744607,9RASS GE-,0.7937
Myeongdong,703870319020798,405,0.7769
Myeongdong,703870319020798,시로오주립시스S회D1,0.589
Myeongdong,703870319020798,NAVEH기O,0.5392
Myeongdong,704015195670474,!,0.5957
Myeongdong,704015195670474,호,0.7484
Myeongdong,704015195670474,/ASSAGEE,0.8111
Myeongdong,704015195670474,부9주부대시,0.6745
Myeongdong,712690441082315,청기광,0.8805
Myeongdong,712690441082315,마장2고,0.9772
Myeongdong,720964810679528,NN,0.9219
Myeongdong,720964810679528,WN,0.924
Myeongdong,720964810679528,하모니,0.9918
Myeongdong,720964810679528,Fresh,0.9998
Myeongdong,721344010373980,중앙차로버스전용,0.9728
Myeongdong,722862280770286,Sunoa,0.9855
Myeongdong,722862280770286,WhOS TAAT,0.9218
Myeongdong,722862280770286,|,0.595
Myeongdong,722862280770286,KIMS HAIR,0.9733
Myeongdong,722862280770286,|,0.6617
Myeongdong,722862280770286,HEALTF,0.9979
Myeongdong,722862280770286,19,0.5523
Myeongdong,722862280770286,미티,0.5603
Myeongdong,724598269972282,InniSFree,0.9532
Myeongdong,727711929908771,H9910-16,0.8711
Myeongdong,727711929908771,물지로가,0.7305
Myeongdong,727711929908771,2207,0.8656
Myeongdong,727711929908771,울지로,0.7509
Myeongdong,727711929908771,부번화작으로,0.5741
Myeongdong,727711929908771,편주품음한성하세요,0.7303
Myeongdong,730115006333916,빠는닭,0.6188
Myeongdong,730115006333916,NONNEW,0.9832
Myeongdong,733684792408024,동명,0.5989
Myeongdong,733684792408024,중암차로버스전옹,0.891
Myeongdong,738774641985810,중암차로버스전움,0.985
Myeongdong,738774641985810,건차,0.6051
Myeongdong,739568728570012,미야끼,0.935
Myeongdong,739568728570012,Calvin Klein,0.9858
Myeongdong,740949925063792,CIS,0.6029
Myeongdong,742979631620859,스스,0.7733
Myeongdong,746421561653601,종양차로버스전은,0.8965
Myeongdong,746421561653601,무리가드에지름들,0.545
Myeongdong,746421561653601,9200,0.9709
Myeongdong,746421561653601,"""사실다",0.8843
Myeongdong,746421561653601,콜마가만든,0.996
Myeongdong,765509286450917,Ra대,0.9475
Myeongdong,765509286450917,0면수교,0.6695
Myeongdong,765509286450917,NAG,0.9863
Myeongdong,765509286450917,-,0.8516
Myeongdong,769290742333527,HOOM2OT,0.7975
Myeongdong,769290742333527,JOONSOIA,0.8605
Myeongdong,771287868852813,수라,0.8952
Myeongdong,771287868852813,게장,0.8717
Myeongdong,771287868852813,2F,0.9995
Myeongdong,771287868852813,Emart,0.9221
Myeongdong,771287868852813,24,1.0
Myeongdong,771287868852813,윌리서스,0.7508
Myeongdong,771287868852813,아이디어,0.9782
Myeongdong,771287868852813,Cmart24,0.9716
Myeongdong,771287868852813,5P스,0.8644
Myeongdong,771287868852813,뼈,0.9059
Myeongdong,771287868852813,갈,0.993
Myeongdong,771287868852813,매려간비,0.824
Myeongdong,771287868852813,크스,0.5941
Myeongdong,771287868852813,소비국,0.9457
Myeongdong,771287868852813,편의점,0.9995
Myeongdong,771287868852813,CVS,0.9816
Myeongdong,771287868852813,理,0.5702
Myeongdong,771287868852813,PEL,0.7102
Myeongdong,771287868852813,BBo,0.9027
Myeongdong,771287868852813,OPEN:AHTO7:OO,0.8596
Myeongdong,773147132361815,5912수고믿있어,0.7139
Myeongdong,773147132361815,시소문,0.9295
Myeongdong,773147132361815,고지도,0.7516
Myeongdong,777717268569025,COFF?,0.7996
Myeongdong,777717268569025,DILA,0.8458
Myeongdong,777717268569025,Kis5자사5116,0.5009
Myeongdong,778743784766705,마,0.5977
Myeongdong,778743784766705,HRNF,0.5606
Myeongdong,778743784766705,신작구,0.7027
Myeongdong,787405993609096,보,0.5735
Myeongdong,787405993609096,중앙차로버스전용,0.9918
Myeongdong,787405993609096,66,0.6143
Myeongdong,796214033059729,RTRAVEE,0.9667
Myeongdong,796214033059729,hugo ion PARis,0.7848
Myeongdong,796214033059729,NAISSHIA,0.7831
Myeongdong,796214033059729,PARISIAN,0.9959
Myeongdong,796214033059729,ha,0.898
Myeongdong,797002832925989,BLUEE EPHANT,0.8816
Myeongdong,797499113455975,활급복장,0.5119
Myeongdong,797499113455975,金敬,0.7877
Myeongdong,797499113455975,U-STAY,0.9994
Myeongdong,797499113455975,Rainbo,0.827
Myeongdong,797499113455975,改,0.6517
Myeongdong,804090595311225,BIICKSIND,0.8604
Myeongdong,811868771238831,1/,0.7971
Myeongdong,811868771238831,차,0.7723
Myeongdong,811868771238831,igdong Galbi,0.9758
Myeongdong,811868771238831,무둥산,0.9115
Myeongdong,811868771238831,6!,0.8061
Myeongdong,811868771238831,2FOPEN,0.9757
Myeongdong,811868771238831,和記,0.6696
Myeongdong,811868771238831,7:00-,0.9816
Myeongdong,811868771238831,~23:00,0.993
Myeongdong,811868771238831,Porridge,0.9381
Myeongdong,811868771238831,明,0.6346
Myeongdong,824926273764547,16:22,0.8049
Myeongdong,824926273764547,金敬발,0.8731
Myeongdong,824926273764547,WA,0.6956
Myeongdong,824926273764547,하,0.7484
Myeongdong,824926273764547,구두수선협식,0.6185
Myeongdong,830342255936109,YRDP,0.6138
Myeongdong,839477315075903,명하당,0.9004
Myeongdong,839477315075903,스낵전문점,0.9225
Myeongdong,839477315075903,Sunoa,0.8684
Myeongdong,839477315075903,KIMS HAIR,0.9383
Myeongdong,839477315075903,WhOSTAAT,0.7209
Myeongdong,839477315075903,스대,0.7318
Myeongdong,846738035179906,FROMEASC,0.8666
Myeongdong,846738035179906,0,0.9417
Myeongdong,846738035179906,HS,0.7269
Myeongdong,847828497320006,UR9,0.6224
Myeongdong,847828497320006,P,0.8674
Myeongdong,941922717802826,경계광,0.8459
Myeongdong,941922717802826,마장2,0.9986
Myeongdong,950532920588258,비편증구,0.6862
Myeongdong,953468446986538,16nS0,0.711
Myeongdong,963825885732573,HOIEL,0.8221
Myeongdong,964724249133798,BUS,0.9665
Myeongdong,964724249133798,PI드,0.7611
Myeongdong,964724249133798,카카오,0.9086
Myeongdong,9711715772276898,E매HEA!,0.849
Myeongdong,9770882219687253,6506%,0.5648
Myeongdong,981677727217116,Salady,0.9984
Myeongdong,985990060313206,며U드,0.6752
Myeongdong,9966389423451397,大즈닭갈비,0.7781
Myeongdong,9966389423451397,INNISFree,0.9381
Seogwipo,1005243276949265,성산니,0.9484
Seogwipo,1005243276949265,효돈,0.9992
Seogwipo,1005243276949265,ScONgSD,0.6861
Seogwipo,1005243276949265,1132,0.9995
Seogwipo,1005243276949265,남원휘元,0.8193
Seogwipo,1005243276949265,Hyodon,0.9993
Seogwipo,1005243276949265,NaTWON,0.8405
Seogwipo,124424616343509,스스스,0.5628
Seogwipo,140209311482525,로,0.5864
Seogwipo,149073177200782,소차,0.7415
Seogwipo,1559888584212310,무6,0.6042
Seogwipo,164552832271122,KIA,0.9992
Seogwipo,164552832271122,MOTORS,0.9999
Seogwipo,169857281719681,비보호,0.9997
Seogwipo,209809170749982,서호옹,0.8356
Seogwipo,209809170749982,성산,0.707
Seogwipo,209809170749982,서귀포,0.9484
Seogwipo,251655873414068,사라에,0.5688
Seogwipo,253283013249326,10,0.6703
Seogwipo,2583313005306459,세주공인,0.7039
Seogwipo,288509616247131,CCU,0.6831
Seogwipo,300708395064494,늘로우,0.7086
Seogwipo,302513714754810,EVUP,0.7828
Seogwipo,302513714754810,전동리보드래어/,0.8218
Seogwipo,302513714754810,/판매/A5,0.8416
Seogwipo,3041064589503577,30,0.9996
Seogwipo,308785967352890,구어,0.5634
Seogwipo,308785967352890,피,0.6039
Seogwipo,309774117443045,내린수신,0.5896
Seogwipo,323286629152914,전지훈련선수단여러문,0.9443
Seogwipo,323286629152914,서귀포시방문을,0.9887
Seogwipo,323286629152914,환영합니다!,0.9238
Seogwipo,332091401666501,中X大,0.5991
Seogwipo,332091401666501,中X大환反코,0.6146
Seogwipo,332091401666501,충문:,0.888
Seogwipo,332091401666501,고뉴:,0.6695
Seogwipo,374681713939262,입이삽,0.8327
Seogwipo,3799203730177591,|,0.809
Seogwipo,3818207691640999,달라동수산,0.9268
Seogwipo,4021627577920576,원공학컴직물제전면시범,0.7039
Seogwipo,4021627577920576,소드는,0.7041
Seogwipo,4302660096419662,즈,0.6323
Seogwipo,472657150728721,주탁위험지역,0.8672
Seogwipo,473177580607451,한라봉밀김,0.9433
Seogwipo,473177580607451,수,0.5897
Seogwipo,474111460517890,호로,0.6755
Seogwipo,477039640271861,드무린,0.6726
Seogwipo,479545793280554,수파식당,0.8471
Seogwipo,494311115093683,요,0.8801
Seogwipo,494311115093683,피교,0.5294
Seogwipo,505569047281376,핵신지게치,0.8662
Seogwipo,521520019022053,분매음모,0.6019
Seogwipo,521520019022053,유욱교음,0.6522
Seogwipo,541619830555152,호근동,0.8737
Seogwipo,541619830555152,서귀로어자중북고,0.8035
Seogwipo,767218213991864,0%,0.6719
Seogwipo,835787187065280,일주동로,0.937
Seogwipo,843485713044387,600일주동도00,0.7521
Seogwipo,852124925405463,부화실,0.5025
Seogwipo,879201669299220,50,0.8372
Seogwipo,936508593838558,외,0.9428
Seogwipo,936508593838558,개,0.9999
Seogwipo,936508593838558,Ocd이금다,0.7028
Seogwipo,936508593838558,-,0.8231
Seogwipo,959536981485735,무작고장고,0.7603
Seogwipo,977314833097303,인간염대주,0.8652
Seongsan Ilchulbong,1053357319772872,OR,0.8148
Seongsan Ilchulbong,1053357319772872,특산품,0.9996
Seongsan Ilchulbong,1053357319772872,김하드기,0.6243
Seongsan Ilchulbong,1053357319772872,모A,0.5927
Seongsan Ilchulbong,1053357319772872,김규살리,0.5927
Seongsan Ilchulbong,1053357319772872,퓨리,0.8659
Seongsan Ilchulbong,1079551999811225,SUNPISE HOTEL,0.9177
Seongsan Ilchulbong,1095039095119889,SUNRISE,0.9999
Seongsan Ilchulbong,1095039095119889,HOIEL,0.9417
Seongsan Ilchulbong,1098666021210693,KA,0.9986
Seongsan Ilchulbong,1098666021210693,MOLO,0.8042
Seongsan Ilchulbong,1100759351193375,50,0.9802
Seongsan Ilchulbong,1103522294033021,시일출소반망,0.7455
Seongsan Ilchulbong,1103522294033021,해오름,0.9932
Seongsan Ilchulbong,1103522294033021,식당,0.9991
Seongsan Ilchulbong,1103522294033021,비린,0.6029
Seongsan Ilchulbong,1109558770349069,소심한이층,0.9082
Seongsan Ilchulbong,1109558770349069,아시엇김고동어외락새우회,0.7475
Seongsan Ilchulbong,1114699136455928,부,0.6307
Seongsan Ilchulbong,1125214875362088,서귀포시,0.9859
Seongsan Ilchulbong,1125214875362088,철주,0.5416
Seongsan Ilchulbong,1126114238585957,난도로,0.9063
Seongsan Ilchulbong,1129466988378731,RESVALURAN,0.8869
Seongsan Ilchulbong,1129466988378731,2리,0.894
Seongsan Ilchulbong,1129466988378731,작러,0.799
Seongsan Ilchulbong,1129466988378731,흘지,0.7282
Seongsan Ilchulbong,1133335377872198,소심한,0.9996
Seongsan Ilchulbong,1133335377872198,이중,0.8709
Seongsan Ilchulbong,1133335377872198,68성산동용로리,0.8846
Seongsan Ilchulbong,1133335377872198,아시핏고등어회딱새우회,0.8835
Seongsan Ilchulbong,1174451473710603,98,0.9999
Seongsan Ilchulbong,1174451473710603,커피,0.9986
Seongsan Ilchulbong,1174451473710603,만두,0.9983
Seongsan Ilchulbong,1174451473710603,고급세단,0.9664
Seongsan Ilchulbong,1174451473710603,BULLAHS,0.9633
Seongsan Ilchulbong,1174451473710603,해녀짬뽕,0.8922
Seongsan Ilchulbong,1175543280490904,SUNPSE HOTEL,0.9611
Seongsan Ilchulbong,1181448356367749,편고,0.735
Seongsan Ilchulbong,1181448356367749,창플게스므하무스,0.8019
Seongsan Ilchulbong,1181448356367749,D10-3828-2238,0.8678
Seongsan Ilchulbong,1181593316587424,AFE SEAHC,0.845
Seongsan Ilchulbong,1181593316587424,부기를시오,0.7892
Seongsan Ilchulbong,1181593316587424,계단이음,0.7254
Seongsan Ilchulbong,1181593316587424,15예하면,0.6134
Seongsan Ilchulbong,1192888298363086,:,0.7091
Seongsan Ilchulbong,1192888298363086,프,0.9023
Seongsan Ilchulbong,1200379677627093,소품하피,0.5488
Seongsan Ilchulbong,1200379677627093,리나G건구축사업신청서집수게시,0.6898
Seongsan Ilchulbong,1351818951857947,세영수산,0.6603
Seongsan Ilchulbong,1351818951857947,영수,0.979
Seongsan Ilchulbong,1356262621719702,휴게?,0.8402
Seongsan Ilchulbong,1359219358094143,화요리,0.9923
Seongsan Ilchulbong,1359219358094143,성산포교호,0.8535
Seongsan Ilchulbong,1359219358094143,0RestoUr대!,0.7117
Seongsan Ilchulbong,1359219358094143,지교,0.5973
Seongsan Ilchulbong,1359219358094143,흑돼지,0.9494
Seongsan Ilchulbong,1359219358094143,질러~,0.8729
Seongsan Ilchulbong,1359219358094143,공대교국,0.5512
Seongsan Ilchulbong,1359219358094143,문약금,0.5397
Seongsan Ilchulbong,1359219358094143,효운,0.6256
Seongsan Ilchulbong,1359219358094143,김차로,0.6495
Seongsan Ilchulbong,1359219358094143,782-2803,0.9022
Seongsan Ilchulbong,1386233055076013,2,0.6939
Seongsan Ilchulbong,1386233055076013,HOUSE,0.9999
Seongsan Ilchulbong,1404615109906458,양약,0.9992
Seongsan Ilchulbong,1411210992852502,성산일출봉,0.9041
Seongsan Ilchulbong,1411210992852502,칼국수,0.9984
Seongsan Ilchulbong,1454914725414924,CAFE COJI,0.9428
Seongsan Ilchulbong,1454914725414924,세,0.8712
Seongsan Ilchulbong,1454914725414924,3장주,0.778
Seongsan Ilchulbong,1470645110500495,프스,0.9352
Seongsan Ilchulbong,1470645110500495,편,0.8359
Seongsan Ilchulbong,1470645110500495,',0.6296
Seongsan Ilchulbong,1470645110500495,고,0.9163
Seongsan Ilchulbong,1470645110500495,화도가,0.6688
Seongsan Ilchulbong,1470645110500495,소,0.6557
Seongsan Ilchulbong,1470645110500495,급정,0.6756
Seongsan Ilchulbong,1470645110500495,주치,0.5517
Seongsan Ilchulbong,1470645110500495,비I,0.6298
Seongsan Ilchulbong,1470645110500495,유채함수,0.8754
Seongsan Ilchulbong,1470645110500495,그라몸차,0.8336
Seongsan Ilchulbong,1470645110500495,Pastccr,0.8435
Seongsan Ilchulbong,1470645110500495,김물자,0.8271
Seongsan Ilchulbong,1470645110500495,POSTLOL,0.6321
Seongsan Ilchulbong,1470645110500495,108f1eT,0.7935
Seongsan Ilchulbong,1477063072919823,성산,0.9568
Seongsan Ilchulbong,1477063072919823,성산혼임!,0.5651
Seongsan Ilchulbong,1487237995544093,5TA유임!,0.6942
Seongsan Ilchulbong,1487237995544093,제주고모잠,0.587
Seongsan Ilchulbong,1488599458707981,UESE,0.9021
Seongsan Ilchulbong,1488599458707981,RESLHURA,0.8151
Seongsan Ilchulbong,1488599458707981,큰러목,0.5808
Seongsan Ilchulbong,1488599458707981,손어우름,0.8757
Seongsan Ilchulbong,1488599458707981,제주측되지전문,0.9466
Seongsan Ilchulbong,1488599458707981,흑래지,0.7685
Seongsan Ilchulbong,149580857141271,청운식당,0.9931
Seongsan Ilchulbong,149580857141271,가2-주,0.5675
Seongsan Ilchulbong,1501230664123971,성산뷰,0.8304
Seongsan Ilchulbong,1501230664123971,요망진,0.8938
Seongsan Ilchulbong,1501230664123971,태라스,0.9788
Seongsan Ilchulbong,155877586428021,품근,0.9565
Seongsan Ilchulbong,155877586428021,가,0.5976
Seongsan Ilchulbong,155877586428021,금문음,0.5147
Seongsan Ilchulbong,155877586428021,천해항,0.9104
Seongsan Ilchulbong,155877586428021,한라봉,0.9211
Seongsan Ilchulbong,155877586428021,생상차지민,0.6632
Seongsan Ilchulbong,1574004266503635,야외테이불인비!,0.8474
Seongsan Ilchulbong,1574004266503635,전,0.998
Seongsan Ilchulbong,1574004266503635,망,0.9875
Seongsan Ilchulbong,1574004266503635,6,0.944
Seongsan Ilchulbong,1574004266503635,근고기전문점,0.9839
Seongsan Ilchulbong,1574004266503635,1십고,0.5008
Seongsan Ilchulbong,1607755650058887,술집,0.9951
Seongsan Ilchulbong,1613848882720112,Bl,0.8166
Seongsan Ilchulbong,1630087924416470,물,0.7195
Seongsan Ilchulbong,1647591759403703,세,0.506
Seongsan Ilchulbong,1647591759403703,성산진미식당,0.9907
Seongsan Ilchulbong,1647943042687904,모,0.8161
Seongsan Ilchulbong,1647943042687904,STARBUCKS,0.9913
Seongsan Ilchulbong,1647943042687904,젠측,0.7744
Seongsan Ilchulbong,1647943042687904,맛맛본이,0.7376
Seongsan Ilchulbong,1647943042687904,J무j내,0.6856
Seongsan Ilchulbong,1647943042687904,Omegiddeok,0.9888
Seongsan Ilchulbong,1647943042687904,전국택비,0.8078
Seongsan Ilchulbong,1647943042687904,한라동,0.9682
Seongsan Ilchulbong,1647943042687904,카드환염,0.8087
Seongsan Ilchulbong,1647943042687904,처대향,0.5553
Seongsan Ilchulbong,1647943042687904,한라몸,0.9923
Seongsan Ilchulbong,1647943042687904,다,0.5755
Seongsan Ilchulbong,1647943042687904,카,0.9933
Seongsan Ilchulbong,1647943042687904,STAREUCKS,0.997
Seongsan Ilchulbong,1757430291334749,0명문고속관광,0.9938
Seongsan Ilchulbong,1797625104081995,동,0.86
Seongsan Ilchulbong,1797625104081995,네술집을,0.8551
Seongsan Ilchulbong,1797625104081995,성산리사무소,0.9139
Seongsan Ilchulbong,1812254022591141,국화요군,0.8535
Seongsan Ilchulbong,1812254022591141,소어우름,0.819
Seongsan Ilchulbong,1812254022591141,장,0.9999
Seongsan Ilchulbong,1812254022591141,재주이입시지문,0.5938
Seongsan Ilchulbong,1812254022591141,파,0.9118
Seongsan Ilchulbong,1812254022591141,다,0.9811
Seongsan Ilchulbong,1812254022591141,TH퓨F,0.665
Seongsan Ilchulbong,1812254022591141,지,0.9991
Seongsan Ilchulbong,1825725427947509,뚝배기전문점,0.9994
Seongsan Ilchulbong,1825725427947509,한음식집,0.5753
Seongsan Ilchulbong,1825725427947509,궁공자멍,0.541
Seongsan Ilchulbong,1825725427947509,흑쇄지연단곤고기,0.7978
Seongsan Ilchulbong,1825725427947509,지문점,0.9653
Seongsan Ilchulbong,183989960158602,Cut,0.6222
Seongsan Ilchulbong,183989960158602,제국독산품,0.5897
Seongsan Ilchulbong,183989960158602,방씀니,0.5238
Seongsan Ilchulbong,183989960158602,지주골릿트산품,0.764
Seongsan Ilchulbong,184621013529291,5,0.6197
Seongsan Ilchulbong,1868072183656660,는,0.8938
Seongsan Ilchulbong,1868072183656660,동차뜬,0.7675
Seongsan Ilchulbong,1868072183656660,산일출봉,0.9949
Seongsan Ilchulbong,1868072183656660,손,0.9456
Seongsan Ilchulbong,1868072183656660,칼국수,0.9989
Seongsan Ilchulbong,1868072183656660,15000원,0.9982
Seongsan Ilchulbong,1868072183656660,머0빈오,0.5938
Seongsan Ilchulbong,1868072183656660,맛임추한다환션,0.6203
Seongsan Ilchulbong,1961121194345476,11II!!,0.5131
Seongsan Ilchulbong,1961121194345476,형국,0.7783
Seongsan Ilchulbong,1961121194345476,페물국회가,0.6302
Seongsan Ilchulbong,1961121194345476,갈치조럼,0.7064
Seongsan Ilchulbong,1961121194345476,고동대조름,0.8612
Seongsan Ilchulbong,2113308269038762,카카오,0.9064
Seongsan Ilchulbong,2163109720730168,오마,0.5222
Seongsan Ilchulbong,2163109720730168,하도,0.9261
Seongsan Ilchulbong,220817799505277,민박,0.9728
Seongsan Ilchulbong,226210893910188,양보,0.9998
Seongsan Ilchulbong,226210893910188,YELD,0.8201
Seongsan Ilchulbong,2286179384918507,1964192211,0.77
Seongsan Ilchulbong,2286179384918507,운칙당:,0.7941
Seongsan Ilchulbong,228761178584920,오,0.6046
Seongsan Ilchulbong,228761178584920,DUNOn,0.6529
Seongsan Ilchulbong,228761178584920,양숙이,0.9889
Seongsan Ilchulbong,228761178584920,제주초콜릿토산품,0.9225
Seongsan Ilchulbong,2335492799994711,유디발,0.5065
Seongsan Ilchulbong,2335492799994711,55,0.8279
Seongsan Ilchulbong,240735341156696,O585,0.9112
Seongsan Ilchulbong,240735341156696,innistree,0.8561
Seongsan Ilchulbong,240735341156696,의구,0.6044
Seongsan Ilchulbong,249279356993862,-,0.6049
Seongsan Ilchulbong,249279356993862,-,0.9258
Seongsan Ilchulbong,260309579213851,불투,0.8759
Seongsan Ilchulbong,260309579213851,홀스,0.7821
Seongsan Ilchulbong,260309579213851,P방,0.5656
Seongsan Ilchulbong,260309579213851,6rp,0.6691
Seongsan Ilchulbong,260309579213851,~1개7,0.5227
Seongsan Ilchulbong,282405274922361,무리NSON치CAFE,0.5954
Seongsan Ilchulbong,282405274922361,점/심/[특/션,0.8283
Seongsan Ilchulbong,282405274922361,교등어회,0.8189
Seongsan Ilchulbong,282405274922361,구이점석,0.7433
Seongsan Ilchulbong,282405274922361,고등어회,0.9562
Seongsan Ilchulbong,282405274922361,딱새우회,0.8741
Seongsan Ilchulbong,282405274922361,아나고회,0.999
Seongsan Ilchulbong,282405274922361,물회,0.9973
Seongsan Ilchulbong,282405274922361,한지회,0.8677
Seongsan Ilchulbong,282405274922361,발운평,0.7096
Seongsan Ilchulbong,2827086224096351,Juja L5caLS60,0.615
Seongsan Ilchulbong,2827086224096351,SRC0-1914,0.7708
Seongsan Ilchulbong,2827086224096351,0대:,0.5239
Seongsan Ilchulbong,2827086224096351,청운식당,0.9834
Seongsan Ilchulbong,2827086224096351,스남,0.5282
Seongsan Ilchulbong,292412325931659,STARBUCKS,0.9999
Seongsan Ilchulbong,292412325931659,0께3음,0.5446
Seongsan Ilchulbong,292412325931659,원중장,0.5964
Seongsan Ilchulbong,292412325931659,일출,0.9988
Seongsan Ilchulbong,292412325931659,청과,0.9996
Seongsan Ilchulbong,292412325931659,한라봉,0.6207
Seongsan Ilchulbong,292412325931659,항금향,0.8854
Seongsan Ilchulbong,292412325931659,카드환,0.9677
Seongsan Ilchulbong,292412325931659,각종집과도,0.7873
Seongsan Ilchulbong,292412325931659,소,0.5142
Seongsan Ilchulbong,292412325931659,010-7533-4966,0.9988
Seongsan Ilchulbong,292412325931659,50,0.998
Seongsan Ilchulbong,292412325931659,STARBUCKS,0.9949
Seongsan Ilchulbong,292412325931659,고,0.999
Seongsan Ilchulbong,303999171312348,KPA,0.6954
Seongsan Ilchulbong,303999171312348,MOUOtc,0.6821
Seongsan Ilchulbong,304279812708598,지경제,0.5205
Seongsan Ilchulbong,305498214388687,18,0.8401
Seongsan Ilchulbong,306690442305049,용,0.7917
Seongsan Ilchulbong,313812856970194,민화,0.5969
Seongsan Ilchulbong,324048573752379,고,0.9277
Seongsan Ilchulbong,324048573752379,매,0.926
Seongsan Ilchulbong,324048573752379,프,0.8162
Seongsan Ilchulbong,324048573752379,개,0.5824
Seongsan Ilchulbong,327119310081260,동네술집,0.9983
Seongsan Ilchulbong,327119310081260,모극남,0.7118
Seongsan Ilchulbong,327119310081260,T782-4694,0.9156
Seongsan Ilchulbong,329068979867719,851,0.5907
Seongsan Ilchulbong,329068979867719,음는공을,0.5966
Seongsan Ilchulbong,3318918568408098,밀출,0.8232
Seongsan Ilchulbong,333083808162109,PC,0.9742
Seongsan Ilchulbong,333083808162109,콩,0.9864
Seongsan Ilchulbong,3397617303861560,커피,0.9608
Seongsan Ilchulbong,3397617303861560,만두,0.9998
Seongsan Ilchulbong,3397617303861560,2층,0.9999
Seongsan Ilchulbong,341912011811823,께아바하을리호,0.6014
Seongsan Ilchulbong,3716796048640054,|,0.9595
Seongsan Ilchulbong,3791292204326702,MEGA,0.9892
Seongsan Ilchulbong,3791292204326702,1500,0.9908
Seongsan Ilchulbong,3791292204326702,MEGI,0.7118
Seongsan Ilchulbong,3791292204326702,CUFFFE,0.9337
Seongsan Ilchulbong,3791292204326702,BIG52E,0.7207
Seongsan Ilchulbong,3791292204326702,25HOT,0.8152
Seongsan Ilchulbong,3791292204326702,11:,0.615
Seongsan Ilchulbong,3791292204326702,:11,0.6229
Seongsan Ilchulbong,3791292204326702,11161문,0.5194
Seongsan Ilchulbong,399191196367741,리,0.8624
Seongsan Ilchulbong,399191196367741,옥성마무로우,0.5068
Seongsan Ilchulbong,399191196367741,하나고고,0.661
Seongsan Ilchulbong,399191196367741,부료,0.6122
Seongsan Ilchulbong,399191196367741,아난~G0,0.8454
Seongsan Ilchulbong,399191196367741,064A4543123,0.7117
Seongsan Ilchulbong,400429476122985,STARBUCKS,0.9368
Seongsan Ilchulbong,400429476122985,두모분어,0.517
Seongsan Ilchulbong,400429476122985,제주,0.9963
Seongsan Ilchulbong,400429476122985,비측,0.8172
Seongsan Ilchulbong,400429476122985,보에기떡,0.6954
Seongsan Ilchulbong,400429476122985,전국택배,0.9985
Seongsan Ilchulbong,400429476122985,전국,0.9653
Seongsan Ilchulbong,400429476122985,STARBUCKS,0.963
Seongsan Ilchulbong,400429476122985,만라돔,0.6854
Seongsan Ilchulbong,400429476122985,타트환,0.6989
Seongsan Ilchulbong,400429476122985,전단,0.638
Seongsan Ilchulbong,400429476122985,카라망,0.7946
Seongsan Ilchulbong,400429476122985,한라몸,0.8356
Seongsan Ilchulbong,400429476122985,L러E,0.7916
Seongsan Ilchulbong,400429476122985,한지너공,0.5791
Seongsan Ilchulbong,400429476122985,모핌어,0.7478
Seongsan Ilchulbong,401473975985450,BAKERYCAFE,0.9898
Seongsan Ilchulbong,408368045294709,해송,0.9995
Seongsan Ilchulbong,408368045294709,갈치협,0.7731
Seongsan Ilchulbong,408368045294709,10-7178-5,0.8997
Seongsan Ilchulbong,412215008114381,김,0.7313
Seongsan Ilchulbong,412215008114381,그,0.6838
Seongsan Ilchulbong,427927916509972,드!,0.7615
Seongsan Ilchulbong,429993068103585,스는,0.5635
Seongsan Ilchulbong,429993068103585,품으금간,0.7518
Seongsan Ilchulbong,440669745119956,나,0.5541
Seongsan Ilchulbong,443291824941592,원:,0.5744
Seongsan Ilchulbong,443291824941592,115411146,0.5921
Seongsan Ilchulbong,443291824941592,영은식당,0.8761
Seongsan Ilchulbong,443291824941592,마,0.6036
Seongsan Ilchulbong,444162914769785,양숙이,0.9742
Seongsan Ilchulbong,444162914769785,제주초콜릿,0.8502
Seongsan Ilchulbong,444162914769785,제주인,0.701
Seongsan Ilchulbong,444162914769785,P,0.532
Seongsan Ilchulbong,444162914769785,짬,0.6966
Seongsan Ilchulbong,444162914769785,호에기때,0.5493
Seongsan Ilchulbong,444162914769785,말밀스,0.6063
Seongsan Ilchulbong,447222157692982,경장0하,0.5673
Seongsan Ilchulbong,447222157692982,가세요!,0.996
Seongsan Ilchulbong,447356197863672,물든,0.5955
Seongsan Ilchulbong,447730504607410,해녀민떡,0.5625
Seongsan Ilchulbong,447730504607410,A,0.5492
Seongsan Ilchulbong,447730504607410,해녀,0.9831
Seongsan Ilchulbong,447730504607410,민백,0.8176
Seongsan Ilchulbong,448083891066522,235,0.991
Seongsan Ilchulbong,448083891066522,일주로,0.6278
Seongsan Ilchulbong,449178387497188,KIGHT,0.7862
Seongsan Ilchulbong,449178387497188,ISLAND,0.9999
Seongsan Ilchulbong,449178387497188,PROJECT,0.988
Seongsan Ilchulbong,449178387497188,아트!,0.6467
Seongsan Ilchulbong,449178387497188,ISLAND,0.9944
Seongsan Ilchulbong,449178387497188,PROJECT,0.998
Seongsan Ilchulbong,449178387497188,1955,0.9999
Seongsan Ilchulbong,449178387497188,HAVEA,0.9991
Seongsan Ilchulbong,449178387497188,NICE,0.9996
Seongsan Ilchulbong,449178387497188,DAY,0.9976
Seongsan Ilchulbong,449178387497188,CKUPT,0.8222
Seongsan Ilchulbong,450986464044874,JEJL,0.8958
Seongsan Ilchulbong,450986464044874,눔교,0.8253
Seongsan Ilchulbong,450986464044874,BPIGHT,0.8846
Seongsan Ilchulbong,450986464044874,Makers cafe--,0.9873
Seongsan Ilchulbong,450986464044874,GS25,0.9266
Seongsan Ilchulbong,450986464044874,ISLAND,0.9964
Seongsan Ilchulbong,450986464044874,PROJECT,0.9184
Seongsan Ilchulbong,450986464044874,E,0.8701
Seongsan Ilchulbong,450986464044874,195도,0.711
Seongsan Ilchulbong,455108163627389,돌아,0.6798
Seongsan Ilchulbong,455108163627389,ULDASE HOTL,0.7323
Seongsan Ilchulbong,467529839035023,성산일춤봉,0.8545
Seongsan Ilchulbong,467529839035023,SeongSSn chubo Tull Core,0.844
Seongsan Ilchulbong,467529839035023,1119,0.8556
Seongsan Ilchulbong,467529839035023,서귀포,0.9929
Seongsan Ilchulbong,467529839035023,우구F,0.5193
Seongsan Ilchulbong,467529839035023,Seogwipo,0.961
Seongsan Ilchulbong,467529839035023,고성宮,0.7545
Seongsan Ilchulbong,467529839035023,Seongsan Harbor,0.957
Seongsan Ilchulbong,467529839035023,GoSeOng,0.8186
Seongsan Ilchulbong,476358213591247,동정도색다,0.7552
Seongsan Ilchulbong,476358213591247,아미스,0.9051
Seongsan Ilchulbong,476358213591247,불어탕,0.5201
Seongsan Ilchulbong,476358213591247,얼이,0.7584
Seongsan Ilchulbong,500211727770323,표이금간,0.6801
Seongsan Ilchulbong,500211727770323,상가전모,0.7319
Seongsan Ilchulbong,508124583699739,전마트용,0.7218
Seongsan Ilchulbong,508653223614016,ALA,0.7772
Seongsan Ilchulbong,516846309671717,F애,0.6163
Seongsan Ilchulbong,516846309671717,34구,0.9831
Seongsan Ilchulbong,516846309671717,CAfe,0.8377
Seongsan Ilchulbong,5457201297686099,원추편봉,0.7042
Seongsan Ilchulbong,5457201297686099,뻔전,0.6045
Seongsan Ilchulbong,5457201297686099,1782-220,0.8429
Seongsan Ilchulbong,5457201297686099,파리바게뜨,0.9286
Seongsan Ilchulbong,5457201297686099,입승봉주차잠대,0.7233
Seongsan Ilchulbong,5457201297686099,O,0.6045
Seongsan Ilchulbong,5457201297686099,로,0.5181
Seongsan Ilchulbong,5457201297686099,-,0.9713
Seongsan Ilchulbong,5457201297686099,든배기,0.8967
Seongsan Ilchulbong,5457201297686099,흑돼지,0.9935
Seongsan Ilchulbong,579178263021253,양숙이,0.9012
Seongsan Ilchulbong,579178263021253,제주초콜릿토산품,0.9502
Seongsan Ilchulbong,605971447465570,惠多,0.6526
Seongsan Ilchulbong,675359958008875,제주,0.9878
Seongsan Ilchulbong,675359958008875,태기,0.7476
Seongsan Ilchulbong,675359958008875,구,0.5061
Seongsan Ilchulbong,675359958008875,다,0.5327
Seongsan Ilchulbong,675359958008875,2,0.9933
Seongsan Ilchulbong,678109677718863,려구고호구,0.6205
Seongsan Ilchulbong,733087494054611,생산포교호,0.8451
Seongsan Ilchulbong,733087494054611,흑,0.9026
Seongsan Ilchulbong,733087494054611,도,0.689
Seongsan Ilchulbong,733087494054611,신,0.9904
Seongsan Ilchulbong,7365001180288236,동람르방,0.5817
Seongsan Ilchulbong,7365001180288236,4-784-608F,0.9257
Seongsan Ilchulbong,7365001180288236,옥배기전문점,0.7084
Seongsan Ilchulbong,742786516401887,미금,0.7152
Seongsan Ilchulbong,742786516401887,HOTEL,0.8936
Seongsan Ilchulbong,742786516401887,성산,0.9995
Seongsan Ilchulbong,743730516304105,공인증,0.6377
Seongsan Ilchulbong,744882240966113,너우,0.5397
Seongsan Ilchulbong,744882240966113,뚝배기전문점,0.9989
Seongsan Ilchulbong,748195750756780,무주차장,0.7986
Seongsan Ilchulbong,748195750756780,설힉,0.5209
Seongsan Ilchulbong,748195750756780,주제주뚝배기,0.8034
Seongsan Ilchulbong,752508966993025,소쿠리,0.9056
Seongsan Ilchulbong,7547176305402730,너,0.601
Seongsan Ilchulbong,7547176305402730,해송,0.9357
Seongsan Ilchulbong,7547176305402730,전용주차장,0.9953
Seongsan Ilchulbong,7547176305402730,외부차량주차금지,0.8762
Seongsan Ilchulbong,767426115519605,퓨게소,0.5437
Seongsan Ilchulbong,771754975091362,타거,0.5088
Seongsan Ilchulbong,789360456462738,편치름회,0.5932
Seongsan Ilchulbong,789360456462738,성산일봉,0.799
Seongsan Ilchulbong,789360456462738,칼국수,0.8472
Seongsan Ilchulbong,7907628039256598,물고기관,0.7802
Seongsan Ilchulbong,7907628039256598,해오름,0.9924
Seongsan Ilchulbong,7907628039256598,식당,0.992
Seongsan Ilchulbong,796470719066121,세트,0.9757
Seongsan Ilchulbong,796470719066121,어구0,0.8772
Seongsan Ilchulbong,796470719066121,차장,0.9996
Seongsan Ilchulbong,797564408542530,BRIGHT,0.996
Seongsan Ilchulbong,797564408542530,SPOTB,0.8756
Seongsan Ilchulbong,797564408542530,임대,0.9863
Seongsan Ilchulbong,797564408542530,4,0.6727
Seongsan Ilchulbong,797564408542530,385:,0.8724
Seongsan Ilchulbong,797564408542530,GS25,0.9933
Seongsan Ilchulbong,798182617790617,드르들은,0.5616
Seongsan Ilchulbong,798508151766000,SPOLB,0.7869
Seongsan Ilchulbong,798508151766000,742-,0.9712
Seongsan Ilchulbong,798508151766000,임대,0.9988
Seongsan Ilchulbong,798508151766000,8855,0.9996
Seongsan Ilchulbong,8407225055960113,16호0,0.5489
Seongsan Ilchulbong,8407225055960113,민주당,0.9143
Seongsan Ilchulbong,8407225055960113,국민을,0.9872
Seongsan Ilchulbong,8407225055960113,지키겠습니다,0.975
Seongsan Ilchulbong,876196814524479,한도기,0.7582
Seongsan Ilchulbong,876196814524479,팥피,0.8375
Seongsan Ilchulbong,876196814524479,향수,0.9974
Seongsan Ilchulbong,876196814524479,04,0.5187
Seongsan Ilchulbong,876196814524479,차석,0.8585
Seongsan Ilchulbong,942535827543738,우리마트,0.8215
Seongsan Ilchulbong,942535827543738,1T7841918,0.533
Seongsan Ilchulbong,958769959088214,삼무고,0.6326
Seongsan Ilchulbong,959303065390057,클투민밤,0.6308
Seongsan Ilchulbong,959303065390057,비승전흡주차킴,0.6361
Seongsan Ilchulbong,959303065390057,1F,0.9879
Seongsan Ilchulbong,959303065390057,10-3692-1438,0.9688
Seongsan Ilchulbong,960974088889202,대용,0.5227
Seongsan Ilchulbong,961679732220320,20,0.9996
Seongsan Ilchulbong,961679732220320,즈,0.9901
Seongsan Ilchulbong,970923794044083,생산람승동,0.6358
Seongsan Ilchulbong,970923794044083,하는,0.7582
Seongsan Ilchulbong,970923794044083,가시칫,0.7262
Seongsan Ilchulbong,977406936433798,7372,0.9968
Seongsan Ilchulbong,977406936433798,784,0.9998
Seongsan Ilchulbong,986694496373700,____________,0.6949
Seongsu,1004624711100817,전인지역,0.8284
Seongsu,1004624711100817,고금,0.5542
Seongsu,1005152668214836,금지무역,0.8632
Seongsu,1008950643932984,ACQUA,0.9826
Seongsu,1008950643932984,SAN,0.8159
Seongsu,1009462740510531,보무,0.632
Seongsu,1009462740510531,무물,0.6569
Seongsu,1009462740510531,7aL,0.669
Seongsu,1009462740510531,ChiG,0.7451
Seongsu,1009462740510531,F,0.9786
Seongsu,1009462740510531,Mattac,0.9371
Seongsu,1009462740510531,두미로,0.5584
Seongsu,1027380282570038,마포,0.6167
Seongsu,1027380282570038,2LLELSN,0.8103
Seongsu,1027380282570038,시지무소,0.6941
Seongsu,1027380282570038,사무시,0.8567
Seongsu,1030756222290670,1025,0.9487
Seongsu,1036347464975788,10:2구크급,0.8819
Seongsu,1074122397018462,MUSINSA,0.9997
Seongsu,1074122397018462,MUS EUM,0.948
Seongsu,1084809966377251,질식,0.9891
Seongsu,1084809966377251,위험공간,0.9997
Seongsu,1084809966377251,등,0.8101
Seongsu,1087841058942937,마리긋즈,0.92
Seongsu,1087841058942937,소품샵,0.8317
Seongsu,1115812139636134,프르,0.8379
Seongsu,1115812139636134,461-4771,0.8947
Seongsu,1115812139636134,1oFo--,0.5452
Seongsu,1115812139636134,1300%,0.5862
Seongsu,1135624893767485,<,0.9561
Seongsu,1135624893767485,1,0.5884
Seongsu,1135624893767485,0,0.8005
Seongsu,1135874164112599,한술고,0.7476
Seongsu,1135874164112599,티,0.9759
Seongsu,1142281153121741,신텅신투표,0.6446
Seongsu,1142281153121741,유리취,0.9072
Seongsu,1142281153121741,대우,0.9941
Seongsu,1142281153121741,현대,0.9994
Seongsu,1142281153121741,71,0.5219
Seongsu,1142281153121741,대,0.7902
Seongsu,1147544079923739,Youssofu,0.9992
Seongsu,1147544079923739,K부동산,0.9542
Seongsu,1147544079923739,So디,0.8113
Seongsu,1155378761810849,않지게차,0.7541
Seongsu,1155378761810849,466-123,0.9887
Seongsu,1155378761810849,유심지게차,0.9989
Seongsu,1155378761810849,464-3330,0.9283
Seongsu,1159853395400258,하다는,0.7271
Seongsu,1159853395400258,조미떡,0.6089
Seongsu,1159853395400258,641{,0.5935
Seongsu,1159853395400258,CAT11U신단,0.5245
Seongsu,1160295809110620,9니E,0.5237
Seongsu,1160295809110620,G52,0.9942
Seongsu,1161436188532762,크2,0.6535
Seongsu,1161436188532762,10담2구당구담,0.5848
Seongsu,1162187905514782,3AMFONN,0.8074
Seongsu,1162187905514782,음으울음,0.7819
Seongsu,1166535734962373,1무,0.6442
Seongsu,1169412428192192,무008,0.5002
Seongsu,1169412428192192,견인지역,0.964
Seongsu,1169412428192192,1001,0.7886
Seongsu,1169412428192192,싱수릉,0.8715
Seongsu,1169412428192192,'PAR,0.6613
Seongsu,1172619197604435,부동산,0.999
Seongsu,1172619197604435,4989,0.9999
Seongsu,1172619197604435,300,0.9949
Seongsu,1172619197604435,예스,0.8028
Seongsu,1172619197604435,부동산,0.612
Seongsu,1174405297011076,경생시만한영복열할인,0.5643
Seongsu,1174405297011076,6000원,0.8965
Seongsu,1174405297011076,1000원,0.9613
Seongsu,1187924452738270,뜨요부모지요대,0.6705
Seongsu,1187924452738270,463,1.0
Seongsu,1187924452738270,445,0.9999
Seongsu,1188553879428513,고무,0.6213
Seongsu,1188553879428513,10:251,0.9741
Seongsu,1188553879428513,모도,0.5557
Seongsu,1190017892803293,세0,0.6578
Seongsu,1192592185811057,ERA,0.9976
Seongsu,1192592185811057,10,0.9721
Seongsu,1192592185811057,MOM'S,0.9998
Seongsu,1192592185811057,이소부,0.6988
Seongsu,1192592185811057,463=0,0.9128
Seongsu,1195094285752360,대,0.642
Seongsu,1195094285752360,모보,0.6291
Seongsu,1195094285752360,정신텔과,0.882
Seongsu,1195094285752360,금이층집,0.6138
Seongsu,1195094285752360,마대크,0.5429
Seongsu,1195094285752360,TERLALC,0.5638
Seongsu,1195094285752360,Chicken,0.9673
Seongsu,1195094285752360,ULOC,0.6192
Seongsu,1195094285752360,ChIcKEn,0.8111
Seongsu,1195094285752360,라차,0.5363
Seongsu,1195094285752360,느니,0.5109
Seongsu,1195094285752360,3,1.0
Seongsu,1195900528805549,10:2455,0.913
Seongsu,1201153937932949,YOWN,0.9684
Seongsu,1201153937932949,부동산,0.9983
Seongsu,1201153937932949,중가,0.9306
Seongsu,1203117724755095,누마니은대,0.5697
Seongsu,1203117724755095,청수역지,0.8505
Seongsu,1203117724755095,무농후R,0.7802
Seongsu,1203117724755095,2702,0.8219
Seongsu,1203117724755095,모I,0.5339
Seongsu,1203117724755095,누어니인병,0.5033
Seongsu,1203117724755095,무,0.8486
Seongsu,1203117724755095,성수역지짐,0.8437
Seongsu,1203117724755095,동아니은병,0.5608
Seongsu,1203117724755095,성수이로,0.9989
Seongsu,1203117724755095,109,0.9998
Seongsu,1203117724755095,C0ngSU-TS,0.7898
Seongsu,1203117724755095,하나은행,0.9525
Seongsu,1203117724755095,청주역,0.7601
Seongsu,1203117724755095,90008궁공로금,0.7502
Seongsu,1203117724755095,음,0.846
Seongsu,1203117724755095,PALIS'S,0.8895
Seongsu,1203117724755095,COFFEE,0.9707
Seongsu,1203117724755095,하이나은당,0.6162
Seongsu,1203117724755095,고,0.6698
Seongsu,1203117724755095,이,0.8167
Seongsu,1203117724755095,대,0.8873
Seongsu,1203987550472502,어린이보호구역,0.9638
Seongsu,1203987550472502,정차금자,0.6697
Seongsu,1203987550472502,견인지역,0.9639
Seongsu,1212781379685162,IR,0.5972
Seongsu,1212781379685162,6적,0.7342
Seongsu,1212781379685162,NICKF,0.8173
Seongsu,1212786766279551,Cer,0.9945
Seongsu,1212786766279551,APE,0.9281
Seongsu,1217059786671230,고무,0.6724
Seongsu,1217059786671230,/2,0.7288
Seongsu,1217059786671230,10:25:0,0.925
Seongsu,1217398359152461,공인동께사사무소,0.7329
Seongsu,1217398359152461,예스,0.7823
Seongsu,1217398359152461,Research,0.9999
Seongsu,1217398359152461,중개면인주,0.546
Seongsu,1217398359152461,중,0.9999
Seongsu,1217398359152461,가,0.9995
Seongsu,1217398359152461,Light,0.9976
Seongsu,1217398359152461,Realestate,0.9989
Seongsu,1217398359152461,Rea!,0.9777
Seongsu,1217398359152461,Y,0.9499
Seongsu,1217398359152461,부동산리서치,0.9987
Seongsu,1217398359152461,49,1.0
Seongsu,1217398359152461,3,1.0
Seongsu,1217398359152461,89-668,0.8812
Seongsu,1217398359152461,차치,0.5014
Seongsu,1217398359152461,409-30,0.6677
Seongsu,1217398359152461,FawChamnvittCokT,0.8212
Seongsu,1217398359152461,예스,0.9993
Seongsu,1217398359152461,부동산,0.9916
Seongsu,1217398359152461,2003참빛부옹산리서지,0.9002
Seongsu,1217398359152461,I,0.8702
Seongsu,1217398359152461,SINCC,0.7215
Seongsu,1217398359152461,wriChenivittcoK,0.7627
Seongsu,1217398359152461,IPAR,0.9931
Seongsu,1217398359152461,시,0.9354
Seongsu,1217398359152461,수,0.8186
Seongsu,1217398359152461,개,0.9988
Seongsu,1217398359152461,D,0.5266
Seongsu,1217398359152461,정수,0.5723
Seongsu,1217398359152461,롯테태슬,0.6254
Seongsu,1217398359152461,가,0.9908
Seongsu,1217398359152461,자산관리,0.9966
Seongsu,1217398359152461,사무실,0.9998
Seongsu,1217398359152461,오피스텔,0.9989
Seongsu,1322607085655673,주정,0.9799
Seongsu,1322607085655673,금지,0.6552
Seongsu,1322607085655673,성동경찰,0.9981
Seongsu,1330676094835441,30,0.9079
Seongsu,1330676094835441,20011,0.8087
Seongsu,1331547514838998,맹시,0.7467
Seongsu,1343375350202520,냉대크노티워,0.5019
Seongsu,1343375350202520,YOUFIG,0.8041
Seongsu,1343375350202520,Du스,0.6657
Seongsu,1343375350202520,/타R,0.6882
Seongsu,1343375350202520,에려친서,0.602
Seongsu,1343375350202520,GS25,0.9838
Seongsu,1344597763477614,1무245,0.7265
Seongsu,1357387265393895,무,0.945
Seongsu,1357387265393895,치유리면팅,0.6922
Seongsu,1357387265393895,친우유리:,0.8861
Seongsu,1366156684390953,그을,0.6617
Seongsu,1366156684390953,극위문,0.674
Seongsu,1366156684390953,벌이,0.6979
Seongsu,1366156684390953,순우리말,0.9503
Seongsu,1366156684390953,임니다,0.8923
Seongsu,1366156684390953,료,0.5535
Seongsu,1366156684390953,닭목수부위,0.8651
Seongsu,1366156684390953,신무보부지문,0.5244
Seongsu,1366156684390953,농옹스기전골,0.5483
Seongsu,1366156684390953,집,0.8035
Seongsu,1366157348052142,세본7부동산,0.9514
Seongsu,1366157348052142,0924873777,0.6614
Seongsu,1366157348052142,성광빌딩,0.9988
Seongsu,1366157348052142,467F377,0.9881
Seongsu,1366459381140181,4040NG,0.683
Seongsu,1368983030814542,수작,0.9744
Seongsu,1372184217007564,고,0.6463
Seongsu,1372184217007564,세0,0.5869
Seongsu,1381538929689335,성롤트,0.6652
Seongsu,1383349392676073,CHEESEST,1.0
Seongsu,1383349392676073,8운,0.7137
Seongsu,1383349392676073,28,0.7332
Seongsu,1383349392676073,봉방,0.7619
Seongsu,1383349392676073,알고싶은,0.9817
Seongsu,1383349392676073,음품를,0.5014
Seongsu,1383349392676073,무음,0.8224
Seongsu,1394694488213478,신속한피면에,0.7533
Seongsu,1394694488213478,답입니다,0.8689
Seongsu,1424407201519507,XON르H,0.8971
Seongsu,1424407201519507,15덕,0.5609
Seongsu,1424407201519507,AnNiVEfSarY,0.7752
Seongsu,1424407201519507,SINCE,0.9694
Seongsu,1424407201519507,2009,0.9962
Seongsu,1435178537859462,3조조갈구수,0.6774
Seongsu,1435178537859462,바오전,0.8837
Seongsu,145986901337336,비수술적통증치료,0.9894
Seongsu,145986901337336,대치,0.7141
Seongsu,145986901337336,리,0.6624
Seongsu,145986901337336,도수시료,0.8822
Seongsu,145986901337336,惠티,0.683
Seongsu,145986901337336,이층점,0.7005
Seongsu,145986901337336,AAaLLaCCO,0.6969
Seongsu,145986901337336,Chicken,0.8647
Seongsu,145986901337336,0LCLS,0.6512
Seongsu,145986901337336,CicO,0.6748
Seongsu,145986901337336,포장마자,0.932
Seongsu,145986901337336,육모10,0.576
Seongsu,1479518379201121,유,0.9967
Seongsu,1479518379201121,미상사,0.991
Seongsu,1479518379201121,유미상사,0.9776
Seongsu,1479518379201121,눈표카요파비중나는,0.5915
Seongsu,1479518379201121,화포식당,0.9768
Seongsu,1479518379201121,유미상사,0.9997
Seongsu,1479518379201121,전문점,0.9996
Seongsu,1479518379201121,ansae,0.9958
Seongsu,1479518379201121,Tr,0.883
Seongsu,1479518379201121,499409T,0.9425
Seongsu,1479518379201121,12268-5191,0.9727
Seongsu,1479518379201121,라F,0.9757
Seongsu,1479518379201121,곳을울공늘은미고고사,0.6527
Seongsu,1479518379201121,베오,0.5714
Seongsu,1479518379201121,슈큰리어,0.839
Seongsu,1479518379201121,해-6,0.5688
Seongsu,1479518379201121,핫,0.9954
Seongsu,1487384568842767,ESPACE,1.0
Seongsu,1487384568842767,516,0.9995
Seongsu,1487384568842767,1230,0.9664
Seongsu,1496632557968011,1:하대,0.5599
Seongsu,1496632557968011,연구,0.9538
Seongsu,1540070116950427,WEST,0.942
Seongsu,1540070116950427,코렌노러,0.8294
Seongsu,1540070116950427,Fial,0.9875
Seongsu,1540070116950427,PT,0.9973
Seongsu,1540070116950427,Spe,0.9995
Seongsu,1540070116950427,NAIL 4SEASO!,0.8172
Seongsu,1540070116950427,교전문,0.7248
Seongsu,1540070116950427,GUNGSEOCHAE,0.9465
Seongsu,1540070116950427,멘다,0.6387
Seongsu,1540070116950427,부약손마사지,0.8316
Seongsu,1540070116950427,OLIVE,0.9653
Seongsu,1540070116950427,YOUNG,1.0
Seongsu,1540070116950427,약,0.9853
Seongsu,1540070116950427,구너모거,0.5065
Seongsu,1560084235050739,비보호,0.9996
Seongsu,1560084235050739,CHANEL,0.9994
Seongsu,1560084235050739,CHAHE,0.9908
Seongsu,1573367060009328,1무구구2,0.6693
Seongsu,1579342796090434,아,0.7766
Seongsu,1579605492753596,10I,0.6761
Seongsu,1579605492753596,mattaCCo,0.861
Seongsu,1579605492753596,Chicken,0.9731
Seongsu,1579605492753596,aLaCCC,0.8124
Seongsu,1579605492753596,Chicken,0.9562
Seongsu,1579605492753596,SP,0.9916
Seongsu,1579605492753596,두피문전,0.9691
Seongsu,1579605492753596,성수,0.9996
Seongsu,1579605492753596,룸,0.6015
Seongsu,1579605492753596,상담및여익02-4,0.7997
Seongsu,1579605492753596,피부/색,0.9917
Seongsu,1579605492753596,지방든,0.8176
Seongsu,1579605492753596,페,0.9324
Seongsu,1579605492753596,면,0.6324
Seongsu,1579605492753596,010-2255-5012,0.979
Seongsu,1579605492753596,160거학네속명:,0.6035
Seongsu,1579605492753596,안티에,0.8875
Seongsu,1584057842095392,성수동,0.9981
Seongsu,1584057842095392,IPARK,0.9953
Seongsu,1603807337688572,10,0.7932
Seongsu,1603807337688572,트,0.5505
Seongsu,1603807337688572,|,0.5997
Seongsu,1603807337688572,회계,0.9997
Seongsu,1603807337688572,주티모아여행시,0.7752
Seongsu,1603807337688572,성수이로,0.9897
Seongsu,1603807337688572,물는우8,0.6325
Seongsu,1603807337688572,02-499-7100,0.9864
Seongsu,1603807337688572,127,0.9992
Seongsu,1603807337688572,13,0.9975
Seongsu,1603807337688572,T469,0.8827
Seongsu,1603807337688572,555요,0.5269
Seongsu,1603807337688572,주,0.5425
Seongsu,1603807337688572,부동산,0.8982
Seongsu,1603807337688572,부동,0.9967
Seongsu,1603807337688572,사무소,0.9393
Seongsu,1603807337688572,989,0.8237
Seongsu,1603807337688572,4989,0.9999
Seongsu,1603807337688572,-30,0.8308
Seongsu,1603807337688572,본무사손원락,0.8012
Seongsu,1603807337688572,동산,0.8734
Seongsu,1603807337688572,9-7311,0.9896
Seongsu,1603807337688572,무AR,0.6486
Seongsu,1603807337688572,4997310,0.8966
Seongsu,1603807337688572,19,0.8147
Seongsu,1603807337688572,지설산염,0.5837
Seongsu,1603807337688572,7311,0.999
Seongsu,1603807337688572,재자상담,0.676
Seongsu,1603807337688572,어증개,0.6382
Seongsu,1603807337688572,교단품r,0.6168
Seongsu,1603807337688572,대관리,0.782
Seongsu,1603807337688572,터,0.8836
Seongsu,1605542230199644,1매2,0.7023
Seongsu,1605542230199644,대격,0.5311
Seongsu,1616163999197966,지물장식,0.9982
Seongsu,1616163999197966,성진교화,0.9277
Seongsu,1624265331679308,TOMN,0.8771
Seongsu,1635099551159862,번가,0.9731
Seongsu,1635099551159862,미용실,0.9997
Seongsu,1635099551159862,Kongbu!,0.8852
Seongsu,1635099551159862,44번지,0.7903
Seongsu,1658812014892489,진짜무쇠삼견,0.9757
Seongsu,1658812014892489,맛,0.9789
Seongsu,1658812014892489,진무삼서울성수점,0.9887
Seongsu,1658812014892489,떡주,0.6875
Seongsu,1658812014892489,예막,0.8072
Seongsu,1658812014892489,가믿,0.6927
Seongsu,1658812014892489,02-498-6633,0.9943
Seongsu,1658812014892489,1833-2024,0.9994
Seongsu,1690418075689258,모,0.8176
Seongsu,1690418075689258,스습도,0.7803
Seongsu,1690418075689258,B4SS,0.571
Seongsu,1690418075689258,SI5G,0.6295
Seongsu,1705560343689697,공황,0.7306
Seongsu,1705560343689697,'수면,0.7823
Seongsu,1705560343689697,02-499-078,0.8881
Seongsu,1705560343689697,할맛닭고,0.6327
Seongsu,1705560343689697,동남학166,0.6083
Seongsu,1705560343689697,mattacco,0.9285
Seongsu,1705560343689697,mattacco,0.9902
Seongsu,1705560343689697,Chicken,0.9789
Seongsu,1705560343689697,Chicken,0.9962
Seongsu,1705560343689697,Chicke,0.8719
Seongsu,1705560343689697,1교1L2CRC,0.6437
Seongsu,1705560343689697,Mattac,0.9769
Seongsu,1705560343689697,0,0.553
Seongsu,1705560343689697,마,0.7442
Seongsu,1705560343689697,LABOSper,0.878
Seongsu,1707452216787274,무,0.8393
Seongsu,1707452216787274,고무,0.5614
Seongsu,1707452216787274,59,0.5537
Seongsu,1707452216787274,!,0.5938
Seongsu,1707452216787274,치유리변명,0.7129
Seongsu,1763742474357598,몽증,0.638
Seongsu,1763742474357598,유지대인습정,0.6551
Seongsu,1763742474357598,서음암파,0.802
Seongsu,1763742474357598,운군구오,0.5704
Seongsu,1763742474357598,의학과,0.9992
Seongsu,1763742474357598,WaH,0.7249
Seongsu,1763742474357598,aG,0.5024
Seongsu,1763742474357598,드,0.8378
Seongsu,1763742474357598,망부과!,0.8016
Seongsu,1763742474357598,먹태,0.9995
Seongsu,1763742474357598,정SS,0.6598
Seongsu,1763742474357598,지료제르테,0.5103
Seongsu,1793091504598702,1029B5,0.7589
Seongsu,1793091504598702,마,0.5314
Seongsu,1793091504598702,건화정신차산담소,0.6424
Seongsu,1806179516544514,학교앞,0.9999
Seongsu,1806179516544514,여,0.946
Seongsu,1806179516544514,50아니,0.9243
Seongsu,1806179516544514,Smoking,0.997
Seongsu,1806179516544514,출입문50n,0.873
Seongsu,1806179516544514,/10만원의과태료,0.9449
Seongsu,1806179516544514,1성동구,0.7901
Seongsu,1812068619269278,AK부동산,0.9873
Seongsu,1812068619269278,파업,0.6523
Seongsu,1812068619269278,이,0.7195
Seongsu,1823825041748661,10,0.9663
Seongsu,1823825041748661,구0,0.5676
Seongsu,1823825041748661,195,0.589
Seongsu,1827152391458688,Lotto,0.9999
Seongsu,1827152391458688,복권판점,0.8331
Seongsu,1827152391458688,부서기는,0.9691
Seongsu,1827152391458688,래F,0.7855
Seongsu,1827152391458688,금유오피스,0.9103
Seongsu,1827152391458688,소호사무실,0.994
Seongsu,1827152391458688,임무,0.686
Seongsu,1827152391458688,1-백인실,0.7377
Seongsu,1827152391458688,사업자동록,0.7345
Seongsu,1827152391458688,계막,0.9925
Seongsu,1844127359679375,로켓배송!,0.9319
Seongsu,1864141921013783,공증치고,0.607
Seongsu,1864141921013783,1만,0.5159
Seongsu,1884994498999996,과,1.0
Seongsu,1884994498999996,1무,0.6065
Seongsu,1884994498999996,5,0.9643
Seongsu,1884994498999996,159-73736,0.9815
Seongsu,1884994498999996,MtiMf,0.6563
Seongsu,1884994498999996,TNESS,0.9807
Seongsu,1884994498999996,062-45-19,0.7511
Seongsu,1892110584569471,RIRGCKEK,0.7856
Seongsu,1892110584569471,KNICIKE,0.9566
Seongsu,1935886783613619,10:2456,0.8684
Seongsu,1962127407463407,116,0.5238
Seongsu,2045926199223859,는,0.7369
Seongsu,2045926199223859,-,0.9313
Seongsu,2045926199223859,주정,0.9678
Seongsu,2045926199223859,금지,0.9998
Seongsu,2045926199223859,성동경찰,0.9894
Seongsu,2059592337847160,개0503기금,0.5557
Seongsu,2059592337847160,세비스,0.9238
Seongsu,2059592337847160,9,0.5453
Seongsu,2059592337847160,다,0.5236
Seongsu,2059592337847160,10도,0.512
Seongsu,2059592337847160,|,0.9833
Seongsu,2059592337847160,송,0.7148
Seongsu,2059592337847160,연+9업,0.5099
Seongsu,2095312877535643,성수옥아궁지,0.9744
Seongsu,2095312877535643,U+,0.9983
Seongsu,2095312877535643,1566-7548,0.9724
Seongsu,2095312877535643,부료제공,0.6162
Seongsu,2095312877535643,릅뉴곤,0.7184
Seongsu,2095312877535643,-,0.6056
Seongsu,2095312877535643,직화로구워맛있게랩다,0.8744
Seongsu,2095312877535643,고S2,0.8233
Seongsu,2095312877535643,동십사이용고간,0.6849
Seongsu,2095329334272504,10:25금,0.8723
Seongsu,210980718169559,i5S9,0.6262
Seongsu,210980718169559,Eddymml,0.7027
Seongsu,2110963606033222,:9,0.5981
Seongsu,2112660935777190,ODDOOODOROODO0,0.63
Seongsu,2127377070944914,장안,0.8618
Seongsu,2127377070944914,리소,0.5312
Seongsu,2127377070944914,63,0.992
Seongsu,2127377070944914,6공든,0.6374
Seongsu,2129336357424567,출퓨에,0.5959
Seongsu,2129336357424567,카AfFOHM,0.6831
Seongsu,2135961439935939,GSSH,0.9998
Seongsu,2135961439935939,KICRGOING,0.8713
Seongsu,2157151908078322,주스,0.6597
Seongsu,2157151908078322,고국,0.5669
Seongsu,2157151908078322,임래문의,0.9164
Seongsu,2167327920291725,ACOUA,0.9965
Seongsu,2167327920291725,SA신!,0.6885
Seongsu,2167327920291725,경진교회,0.9743
Seongsu,2168786373636066,고,0.9139
Seongsu,2168786373636066,그,0.9977
Seongsu,2168786373636066,속에,0.9937
Seongsu,2168786373636066,영혼을,0.9989
Seongsu,2168786373636066,막도,0.8499
Seongsu,2168786373636066,지국수,0.6876
Seongsu,2168786373636066,극대,0.5952
Seongsu,2168786373636066,지얼이조개,0.6807
Seongsu,2168786373636066,금복수복가,0.6421
Seongsu,2168786373636066,애물칼국수,0.7711
Seongsu,2168786373636066,껏법의조개,0.6344
Seongsu,225545509910292,느폰,0.5804
Seongsu,225545509910292,버스드템,0.7217
Seongsu,225545509910292,101,0.9819
Seongsu,225545509910292,SITF,0.6716
Seongsu,234674029736750,ESPACE,0.9996
Seongsu,234674029736750,021515,0.7639
Seongsu,234674029736750,1730,0.9945
Seongsu,234674029736750,건립공사,0.9052
Seongsu,234674029736750,90SK,0.7138
Seongsu,234674029736750,R10107공,0.5868
Seongsu,234674029736750,1402,0.9959
Seongsu,234674029736750,010-4104,0.9745
Seongsu,234674029736750,-1635,0.9822
Seongsu,248103665052690,ATASLATFORM,0.8303
Seongsu,2565024746979578,킹,0.9993
Seongsu,2565024746979578,카,0.9975
Seongsu,2565024746979578,노래,0.9999
Seongsu,2565024746979578,연습장,0.9989
Seongsu,2565024746979578,키미슈즈,0.9914
Seongsu,2565024746979578,KimmeShoes,0.9556
Seongsu,264847023290122,어린이주일,0.9827
Seongsu,264847023290122,꿈인랜드,0.9957
Seongsu,2704518929740468,30,0.9158
Seongsu,2768077120007555,주,0.5299
Seongsu,2937517266430057,_,0.7917
Seongsu,2937517266430057,2025,0.8589
Seongsu,2937517266430057,협의조개념,0.8614
Seongsu,2937517266430057,1펄의조,0.5077
Seongsu,2937517266430057,대표메뉴,0.9981
Seongsu,2937517266430057,대무0,0.5609
Seongsu,2937517266430057,10조개맛집,0.7698
Seongsu,2937517266430057,자신하거관터한,0.646
Seongsu,2937517266430057,바,0.9995
Seongsu,2937517266430057,지탁칼국수,0.8661
Seongsu,2937517266430057,해,0.9996
Seongsu,2937517266430057,바지락칼국수,0.8498
Seongsu,2937517266430057,캔벽의,0.6886
Seongsu,2937517266430057,물칼국,0.9317
Seongsu,2937517266430057,수,0.9978
Seongsu,2937517266430057,녹게전큼,0.5028
Seongsu,2937517266430057,해픔칼국수,0.8002
Seongsu,2937517266430057,개전금골,0.8751
Seongsu,2937517266430057,갯벌의조개,0.9521
Seongsu,2937517266430057,번논,0.5774
Seongsu,2937517266430057,퓨면,0.5733
Seongsu,3369067750033618,금모,0.6244
Seongsu,3369067750033618,101,0.9303
Seongsu,3484875155157357,ATDDOIRTF O oR,0.6044
Seongsu,355146137021278,동경지물장식,0.9808
Seongsu,355146137021278,성진교회,0.973
Seongsu,3592815837636000,ACOUA,0.9971
Seongsu,3592815837636000,SANTA,1.0
Seongsu,3871705806430303,하나은행,0.8673
Seongsu,3871705806430303,나하나은항,0.793
Seongsu,3871705806430303,스4번:,0.5047
Seongsu,3871705806430303,나로충분합니다,0.992
Seongsu,3871705806430303,성수역지광행문,0.7632
Seongsu,3871705806430303,As CAHCOSA,0.5737
Seongsu,3871705806430303,환편도승금도,0.8739
Seongsu,3871705806430303,아나손영RP,0.5318
Seongsu,3871705806430303,목본학원,0.718
Seongsu,3871705806430303,금매,0.5324
Seongsu,3871705806430303,나온혈,0.6784
Seongsu,3934328046836468,0-22,0.7676
Seongsu,3934328046836468,202,0.8199
Seongsu,3934328046836468,19,0.6673
Seongsu,3934328046836468,때무,0.5102
Seongsu,3934328046836468,mattacs,0.9824
Seongsu,3934328046836468,Mattacco,0.9445
Seongsu,3934328046836468,Chicken,0.998
Seongsu,3934328046836468,mattacco,0.9998
Seongsu,3934328046836468,Chicken,0.9247
Seongsu,3934328046836468,Chicken,0.956
Seongsu,3934328046836468,이어,0.5842
Seongsu,3934328046836468,두피문진,0.9906
Seongsu,3934328046836468,Css,0.5585
Seongsu,3934328046836468,M41LFES,0.5996
Seongsu,3934328046836468,MP,0.9566
Seongsu,3934328046836468,0구공날,0.664
Seongsu,3934328046836468,감은,0.6962
Seongsu,3934328046836468,MUaCCO,0.716
Seongsu,3934328046836468,MattAFCO,0.7559
Seongsu,3934328046836468,1a1t2CCo CHECrE!,0.5813
Seongsu,3934328046836468,MaLr린GCo,0.551
Seongsu,3934328046836468,하는,0.7895
Seongsu,3948319158728855,-,0.9059
Seongsu,396286236570259,01000h00,0.5293
Seongsu,398388589832470,주자금지,0.9922
Seongsu,4051005015178845,155107,0.9984
Seongsu,4051005015178845,건n95미-T0,0.6132
Seongsu,4051005015178845,동리공마린리으교,0.582
Seongsu,4051005015178845,한국어,0.8746
Seongsu,4051005015178845,인재개발원62869,0.9334
Seongsu,4051005015178845,B108,0.8055
Seongsu,4051005015178845,국비무료,0.9992
Seongsu,4051005015178845,풀스택,0.9959
Seongsu,4051005015178845,인공지능,0.9983
Seongsu,4051005015178845,교,0.6424
Seongsu,4051005015178845,클라우드,0.9962
Seongsu,4051005015178845,파이싼,0.9364
Seongsu,4051005015178845,세c010!,0.5649
Seongsu,4051005015178845,4E6A,0.7304
Seongsu,4051005015178845,SUBI,0.8418
Seongsu,4051005015178845,모운,0.9299
Seongsu,4051005015178845,05,0.5628
Seongsu,4051005015178845,교요,0.7521
Seongsu,409648335257584,TOM N TOMS COFFEE,0.9493
Seongsu,409648335257584,Aod!StuIo,0.6416
Seongsu,409648335257584,소감미전문점,0.7121
Seongsu,409648335257584,회식환영,0.902
Seongsu,409648335257584,톨키지프리,0.8542
Seongsu,409648335257584,주차가,0.9915
Seongsu,419841124333534,동심,0.6346
Seongsu,419841124333534,78,0.9653
Seongsu,422517537145289,승PT,0.7904
Seongsu,422517537145289,껌수목,0.6879
Seongsu,422517537145289,이지,0.5494
Seongsu,422517537145289,생수본짐,0.8253
Seongsu,422517537145289,02-466-1880,0.9967
Seongsu,422517537145289,DOSKN,0.6813
Seongsu,422517537145289,B?rbbin,0.7999
Seongsu,422517537145289,33,0.6209
Seongsu,425512596747234,수한솔고빙,0.8176
Seongsu,425512596747234,466,1.0
Seongsu,425512596747234,8955,0.9984
Seongsu,442638311709297,XON,0.9639
Seongsu,442638311709297,5격,0.6893
Seongsu,442638311709297,ANNIVErSary,0.768
Seongsu,442638311709297,SINCE,0.9982
Seongsu,442638311709297,2009,0.9974
Seongsu,443220551526595,RIROCIKER,0.8174
Seongsu,443220551526595,KNICIKE,0.9425
Seongsu,449502380787689,대한민국대모수합,0.8023
Seongsu,449502380787689,DIA,0.9952
Seongsu,449502380787689,DND,0.9933
Seongsu,449502380787689,대한인국대회,0.7142
Seongsu,449502380787689,수부우,0.821
Seongsu,449502380787689,대한안국대수합생우,0.6479
Seongsu,451331134038870,HVAAF,0.7502
Seongsu,451331134038870,3?,0.7212
Seongsu,453276743901919,LOCo STUDI0,0.8168
Seongsu,454500893902772,빛의자녀학교,0.9988
Seongsu,454500893902772,꿈인랜드,0.9955
Seongsu,455624203669014,아파트,0.9705
Seongsu,462842622672897,신,0.9846
Seongsu,463840319173425,리,0.9975
Seongsu,463840319173425,레이저,0.7296
Seongsu,463840319173425,163-6544,0.8227
Seongsu,463840319173425,월부동산,0.8767
Seongsu,464149056179385,가R,0.6999
Seongsu,466622252383306,소양,0.6502
Seongsu,466622252383306,-,0.7926
Seongsu,471243234997123,연세의원,0.9749
Seongsu,471243234997123,2F,0.9998
Seongsu,471243234997123,국제식,0.9784
Seongsu,471243234997123,김대서,0.6557
Seongsu,471243234997123,화포식,0.9908
Seongsu,483757623977519,만두,0.9986
Seongsu,483757623977519,부종송,0.568
Seongsu,487210603870651,Y공z,0.5043
Seongsu,487210603870651,역,0.9998
Seongsu,487210603870651,이,0.5285
Seongsu,487210603870651,나지게차,0.9419
Seongsu,487210603870651,1657080,0.8786
Seongsu,487210603870651,삼일,0.9962
Seongsu,487210603870651,려,0.6382
Seongsu,487210603870651,앓지게차,0.7059
Seongsu,487210603870651,466-123,0.9674
Seongsu,514331578167544,0공울,0.5449
Seongsu,514331578167544,경복피혁,0.9987
Seongsu,514331578167544,중개컨셜팅,0.8649
Seongsu,514331578167544,T02463-,0.9825
Seongsu,514331578167544,-4455,0.993
Seongsu,514331578167544,F499-4937,0.9984
Seongsu,514331578167544,소모지지,0.8778
Seongsu,514331578167544,469-0414-5,0.8656
Seongsu,514331578167544,010-3310-0410,0.7889
Seongsu,514331578167544,463-4455,0.9658
Seongsu,519216823674447,내껌금금,0.5537
Seongsu,519216823674447,부옹스,0.7848
Seongsu,519216823674447,STUMPHILLS,0.9993
Seongsu,527484115910815,2F,0.9991
Seongsu,527484115910815,국제식,0.917
Seongsu,527484115910815,대설,0.7359
Seongsu,527899439333465,래연습장,0.9978
Seongsu,527899439333465,키미슈,0.9984
Seongsu,527899439333465,즈,0.9853
Seongsu,527899439333465,KimmeShoes,0.9932
Seongsu,527899439333465,레미수유,0.7862
Seongsu,527899439333465,50000,0.9999
Seongsu,527899439333465,80000,0.9996
Seongsu,527899439333465,현금가,0.9964
Seongsu,528101016651441,신선하,0.9748
Seongsu,528101016651441,대왕조가,0.9998
Seongsu,528101016651441,차라,0.7929
Seongsu,528101016651441,부부,0.5521
Seongsu,528101016651441,고3311,0.6322
Seongsu,528101016651441,면일부동산,0.9456
Seongsu,528101016651441,498,0.8917
Seongsu,528101016651441,2888,0.8817
Seongsu,528101016651441,비,0.5434
Seongsu,528101016651441,원부동산,0.8469
Seongsu,528101016651441,부동산,0.9991
Seongsu,528101016651441,최감맛집,0.8361
Seongsu,528101016651441,3,0.9288
Seongsu,528537022497007,노타,0.5512
Seongsu,528537022497007,LC01E1A2의,0.5005
Seongsu,538542082598624,1:1,0.9204
Seongsu,538542082598624,린,0.9576
Seongsu,538542082598624,부리다!,0.5876
Seongsu,541789765617367,15두,0.8722
Seongsu,541789765617367,65일리스,0.7806
Seongsu,541789765617367,[-7106,0.9745
Seongsu,5557356914368677,래,0.9771
Seongsu,5557356914368677,북촌,0.938
Seongsu,5557356914368677,SUBIIY!,0.7449
Seongsu,5557356914368677,생몰시,0.6902
Seongsu,5557356914368677,트사증수터시,0.5713
Seongsu,5557356914368677,몽시음종모효,0.8423
Seongsu,5557356914368677,24시간,0.9776
Seongsu,5557356914368677,1치,0.8496
Seongsu,5557356914368677,오음하트듬음듬,0.5336
Seongsu,5557356914368677,올종모보보,0.5296
Seongsu,577970185298157,OWE,0.9781
Seongsu,577970185298157,품AR용,0.7371
Seongsu,577970185298157,서울올업피부과원,0.9203
Seongsu,577970185298157,건국약국,0.9955
Seongsu,577970185298157,건국,0.9997
Seongsu,577970185298157,약국,0.9998
Seongsu,577970185298157,에스타,0.9995
Seongsu,577970185298157,철,0.6707
Seongsu,587359544332954,미S,0.578
Seongsu,597633192180810,010-3024 3949,0.9647
Seongsu,597633192180810, gnl com,0.6314
Seongsu,597633192180810,교,0.546
Seongsu,597633192180810,박종일,0.995
Seongsu,597633192180810,부동산,0.9082
Seongsu,597633192180810,복권판매점,0.739
Seongsu,597633192180810,유운,0.8044
Seongsu,597633192180810,proto,0.9301
Seongsu,597633192180810,[[,0.6756
Seongsu,6056566807742539,퓨리,0.9189
Seongsu,6056566807742539,유리션동,0.7365
Seongsu,6056566807742539,-,0.9906
Seongsu,607003182373098,Y,0.7103
Seongsu,607003182373098,HEBBE,0.6475
Seongsu,607003182373098,연습장,0.8532
Seongsu,607003182373098,성인컴퓨터방,0.999
Seongsu,607003182373098,전화방,0.9994
Seongsu,607003182373098,를,0.7465
Seongsu,607003182373098,코현노교,0.7175
Seongsu,607003182373098,BAR,0.9997
Seongsu,607003182373098,Special,0.9729
Seongsu,607003182373098,PT,0.6419
Seongsu,607003182373098,히닥4말의다,0.5335
Seongsu,607003182373098,내,0.5503
Seongsu,607003182373098,OL!,0.8482
Seongsu,607003182373098,크은,0.5302
Seongsu,607003182373098,S?BccdIne,0.5428
Seongsu,607003182373098,노래영습장,0.9666
Seongsu,626759250343949,HES!,0.858
Seongsu,626759250343949,24시간,0.8771
Seongsu,626759250343949,1여노래,0.8405
Seongsu,626759250343949,연습장,0.7789
Seongsu,626759250343949,EWESTPC-,0.9489
Seongsu,626759250343949,Special PT,0.9741
Seongsu,626759250343949,GUNIGSEO?,0.9037
Seongsu,626759250343949,TOSVISDTN,0.7522
Seongsu,626759250343949,11PT전문,0.908
Seongsu,626759250343949,휴약손마사기,0.6889
Seongsu,626759250343949,4터,0.8485
Seongsu,626759250343949,SYOUNG,0.9239
Seongsu,626759250343949,어블루클럽,0.8355
Seongsu,627867716707580,10,0.9324
Seongsu,640813475478150,CBL4!,0.7004
Seongsu,640813475478150,15/:,0.5963
Seongsu,643655688369651,만로카A맥,0.586
Seongsu,643655688369651,ERAR,0.9964
Seongsu,644746955180756,202,0.717
Seongsu,644746955180756,<신호시,0.8469
Seongsu,657001107080429,주정,0.9365
Seongsu,657001107080429,금지,0.6952
Seongsu,657001107080429,성동경찰,0.9977
Seongsu,657001107080429,사주의,0.7199
Seongsu,675595674925432,고,0.9337
Seongsu,675595674925432,3659,0.869
Seongsu,675595674925432,바다포차,0.9203
Seongsu,675595674925432,사랑,0.9812
Seongsu,675595674925432,카있는,0.6457
Seongsu,675595674925432,1110표A!,0.6686
Seongsu,676078924860686,하늘라안으원,0.622
Seongsu,687746600357311,9:21:5,0.8731
Seongsu,687746600357311,수승적동증치료,0.9053
Seongsu,687746600357311,명하은한,0.9233
Seongsu,687746600357311,시스,0.6172
Seongsu,689755770177905,세0,0.8331
Seongsu,720123579762695,지유대,0.9071
Seongsu,720123579762695,구대,0.509
Seongsu,720123579762695,자유리,0.9318
Seongsu,720123579762695,전면유리션럼,0.8141
Seongsu,720123579762695,써루프,0.9991
Seongsu,720123579762695,수입차유리,0.9782
Seongsu,720123579762695,자유리씬팅,0.9869
Seongsu,720123579762695,음理,0.7019
Seongsu,720123579762695,곰모,0.7164
Seongsu,720123579762695,마스아릴,0.8638
Seongsu,720123579762695,얼치다기능,0.9446
Seongsu,720123579762695,동제어,0.969
Seongsu,729034388775031,-,0.9916
Seongsu,729881902143833,Swall,0.981
Seongsu,730145538508511,유늘,0.6688
Seongsu,730145538508511,북시,0.5664
Seongsu,739917251663352,FRIENDS,0.9999
Seongsu,739917251663352,SCREEN,1.0
Seongsu,739917251663352,프렌즈스크린성수짐,0.8541
Seongsu,739917251663352,B7,0.9502
Seongsu,739917251663352,FRIENDS,1.0
Seongsu,739917251663352,SCREEN,0.997
Seongsu,739917251663352,더물에이스크린,0.7768
Seongsu,739917251663352,024892011,0.9874
Seongsu,746472387106987,15,0.6651
Seongsu,746472387106987,10005,0.5728
Seongsu,763578702197569,성진교회,0.9651
Seongsu,775639334542856,어린이주일,0.9969
Seongsu,775639334542856,꿈인랜드,0.9725
Seongsu,777393410598396,미유리,0.659
Seongsu,777393410598396,자유리션딩,0.8944
Seongsu,777393410598396,CLExL,0.8655
Seongsu,777393410598396,미소아열릴,0.7882
Seongsu,777393410598396,풍제어,0.7327
Seongsu,806378587497352,LOCI!,0.9044
Seongsu,806378587497352,사무동,0.5411
Seongsu,806815317443279,지상상플래넛,0.6927
Seongsu,808451413979858,HOLINESSCHURG,0.9087
Seongsu,810840984241020,무쇠삼겸,0.8892
Seongsu,810840984241020,다,0.5424
Seongsu,810840984241020,진무삼서울성수점,0.9832
Seongsu,810840984241020,맥주,0.9449
Seongsu,810840984241020,가,0.9892
Seongsu,810840984241020,예약,0.9798
Seongsu,810840984241020,가맹,0.7551
Seongsu,810840984241020,02,0.8706
Seongsu,810840984241020,498-6633,0.9628
Seongsu,810840984241020,1833-,0.9702
Seongsu,810840984241020,-2024,0.9806
Seongsu,8710826075658196,DE,0.7545
Seongsu,8710826075658196,E05,0.7261
Seongsu,8710826075658196,사유리,0.9556
Seongsu,8710826075658196,종산나1,0.5137
Seongsu,8710826075658196,음금군풍,0.6238
Seongsu,880144309865261,6,0.9877
Seongsu,880144309865261,아F,0.748
Seongsu,880144309865261,쟁딸,0.7521
Seongsu,880144309865261,기로,0.9973
Seongsu,880144309865261,만든,0.9954
Seongsu,880144309865261,EZER,0.9976
Seongsu,880144309865261,6,0.6815
Seongsu,880144309865261,고차르,0.8594
Seongsu,880144309865261,모후2시까지,0.7884
Seongsu,880144309865261,기울시즌한정설,0.6015
Seongsu,880144309865261,후000원다,0.5174
Seongsu,880144309865261,-only Lake vot,0.847
Seongsu,880144309865261,기,0.5779
Seongsu,880144309865261,스마트폰으로,0.9942
Seongsu,880144309865261,497-1236,0.974
Seongsu,900825504450839,성수이로,0.9995
Seongsu,903603454871039,000000,0.9654
Seongsu,9259554960833000,회,0.9993
Seongsu,9259554960833000,삼성,0.9774
Seongsu,927492755090735,S문점,0.5579
Seongsu,927492755090735,주서로사불부,0.5332
Seongsu,929338144733476,성수동,0.983
Seongsu,929338144733476,PARK,0.9999
Seongsu,938369714171569,Ubu,0.5732
Seongsu,939154347994644,661,0.848
Seongsu,939154347994644,63,0.8927
Seongsu,939154347994644,금연구,0.9883
Seongsu,940064805411304,DERMA,0.9986
Seongsu,940064805411304,GAELD50,0.7934
Seongsu,9428158980613231,개미5미가,0.5412
Seongsu,9428158980613231,10:27:39,0.9326
Seongsu,9455197281203924,구리2램프성수AMB,0.9119
Seongsu,9455197281203924,GUF2성수AME,0.8601
Seongsu,954903546857533,니한국,0.7096
Seongsu,954903546857533,11조,0.7728
Seongsu,954903546857533,성,0.9599
Seongsu,954903546857533,한국T2A렁형60969-10,0.5981
Seongsu,954903546857533,리,0.7105
Seongsu,954903546857533,국비무료,0.994
Seongsu,954903546857533,취엄고,0.7172
Seongsu,954903546857533,스터,0.5877
Seongsu,954903546857533,옥2운금,0.7288
Seongsu,954903546857533,하Ecb,0.6822
Seongsu,954903546857533,G,0.9201
Seongsu,954903546857533,신부인과,0.8718
Seongsu,957251458515732,L하IAIO,0.8337
Seongsu,957251458515732,유금거음,0.7174
Seongsu,957251458515732,5층,0.9996
Seongsu,957251458515732,34-2,0.7714
Seongsu,957324432799128,KNIOKE,0.8815
Seongsu,957324432799128,RBOCKER,0.8396
Seongsu,957324432799128,BAGE,0.9974
Seongsu,957324432799128,2탕F,0.6549
Seongsu,957324432799128,발레,0.6081
Seongsu,957324432799128,9,0.956
Seongsu,957324432799128,-,0.7376
Seongsu,957324432799128,본1만든,0.8313
Seongsu,957324432799128,010-275,0.9217
Seongsu,957324432799128,1T-US50,0.5816
Seongsu,964038345719882,10,0.986
Seongsu,964038345719882,:조,0.5351
Seongsu,964644082321318,C9의중,0.6481
Seongsu,964644082321318,문,0.998
Seongsu,964644082321318,1,0.8388
Seongsu,964644082321318,주차금지,0.9729
Seongsu,970715330830458,프트,0.7716
Seongsu,970715330830458,461-47,0.9572
Seongsu,970715330830458,느여어,0.9701
Seongsu,970715330830458,준의,0.5364
Seongsu,970715330830458,듣기교실,0.7924
Seongsu,970715330830458,1,0.6517
Seongsu,970715330830458,KITSCHDOYA,0.9517
Seongsu,970715330830458,려리는,0.7121
Seongsu,972202250410586,버스트뎀,0.8228
Seongsu,972202250410586,01,0.9729
Seongsu,974017924327238,1F,0.9917
Seongsu,974017924327238,사무용품점링크오피스,0.8454
Seongsu,974017924327238,어,0.6719
Seongsu,974017924327238,출자주의,0.917
Seongsu,978024373675226,WALET PARKING,0.9587
Seongsu,978024373675226,RIBO,0.8524
Seongsu,978024373675226,KNICIKE,0.9977
Seongsu,978024373675226,본니한반4000,0.8908
Seongsu,978024373675226,10-2752-06,0.9554
Seongsu,982902896031932,국표,0.5274
Seongsu,985630173540310,[,0.6409
Seongsu,987135916469216,시,0.6384
Seongsu,992269555937915,장인타운,0.9706
Seongsu,994687432616173,는,0.7034
Seongsu,994687432616173,주정,0.9949
Seongsu,994687432616173,금지,0.857
Seongsu,994687432616173,성동경찰,0.8691
Seongsu,996109972615274,2925032,0.9138
