neighborhood,image_id,grey_space_ratio,green_space_ratio,blue_space_ratio
Eunpyeong,1003432124789995,0.2418,0.0982,0.2186
Eunpyeong,1016045817152198,0.2799,0.3779,0.0551
Eunpyeong,1019032353444062,0.2376,0.441,0.0639
Eunpyeong,1023741806312619,0.143,0.3452,0.1134
Eunpyeong,1036803458505173,0.2496,0.3313,0.0847
Eunpyeong,1037229048459902,0.0832,0.4296,0.1102
Eunpyeong,1054295569846562,0.172,0.2775,0.1151
Eunpyeong,1056008109881950,0.2648,0.4033,0.0485
Eunpyeong,1060298699333536,0.2339,0.4136,0.0288
Eunpyeong,1088995879068253,0.4091,0.0007,0.2427
Eunpyeong,1094915221799387,0.407,0.0013,0.3037
Eunpyeong,1134109134407525,0.384,0.0006,0.2443
Eunpyeong,1144087966622605,0.3928,0.0005,0.2403
Eunpyeong,1173845140161955,0.4005,0.0009,0.2427
Eunpyeong,1180386243402260,0.392,0.0006,0.2461
Eunpyeong,1188619262998088,0.2387,0.2946,0.0914
Eunpyeong,1189187906274528,0.1621,0.155,0.2394
Eunpyeong,1193676682546694,0.2971,0.3351,0.0826
Eunpyeong,1195252445181107,0.3761,0.0014,0.2995
Eunpyeong,1205833528211227,0.2076,0.3047,0.0637
Eunpyeong,1206563646515692,0.5565,0.0971,0.0373
Eunpyeong,1211290327281351,0.2669,0.2571,0.0986
Eunpyeong,1212782366913141,0.203,0.4051,0.1021
Eunpyeong,1222213032856299,0.2791,0.3665,0.0475
Eunpyeong,1230357948510654,0.2427,0.2979,0.095
Eunpyeong,1239824001041073,0.231,0.3191,0.0803
Eunpyeong,1254800616648719,0.234,0.286,0.0656
Eunpyeong,1260984011531163,0.3651,0.0041,0.3221
Eunpyeong,1319565532636343,0.2726,0.2871,0.0837
Eunpyeong,1319997859290779,0.2678,0.4374,0.051
Eunpyeong,1353518779105643,0.2307,0.3741,0.0536
Eunpyeong,1365562817364911,0.3471,0.0043,0.3274
Eunpyeong,1367926484390086,0.2184,0.3313,0.1224
Eunpyeong,1380426503388457,0.2041,0.3735,0.0494
Eunpyeong,1413657379991418,0.2995,0.3831,0.0231
Eunpyeong,1417073361980493,0.571,0.0706,0.0324
Eunpyeong,1417743248856102,0.3643,0.0006,0.2563
Eunpyeong,1426398021574736,0.3952,0.0024,0.3079
Eunpyeong,1470033233912464,0.3934,0.0011,0.2466
Eunpyeong,1474558396853587,0.2166,0.3612,0.0556
Eunpyeong,1486562412291896,0.4007,0.0019,0.2416
Eunpyeong,1491598398096254,0.4123,0.0018,0.3153
Eunpyeong,1535960190298659,0.3542,0.0043,0.3306
Eunpyeong,1548987405772863,0.2506,0.3989,0.0549
Eunpyeong,156745559737446,0.6333,0.0777,0.0123
Eunpyeong,1581905559049018,0.2751,0.2499,0.0971
Eunpyeong,1590466154990406,0.2509,0.3799,0.0773
Eunpyeong,1613416722195083,0.651,0.0876,0.0137
Eunpyeong,1674091416546738,0.2202,0.3765,0.0975
Eunpyeong,1676983316357618,0.2641,0.4284,0.0355
Eunpyeong,1683463499228156,0.3207,0.2869,0.0837
Eunpyeong,1684371188438581,0.6206,0.0778,0.0124
Eunpyeong,1693502038260754,0.218,0.4011,0.0684
Eunpyeong,1701496937447981,0.2889,0.313,0.0563
Eunpyeong,1741509800131700,0.2644,0.3297,0.0854
Eunpyeong,1751249679079329,0.2791,0.4373,0.0471
Eunpyeong,1775954113262324,0.2223,0.2822,0.1075
Eunpyeong,1782275698962595,0.411,0.0013,0.3174
Eunpyeong,1794953168031977,0.2188,0.2241,0.1035
Eunpyeong,1884325632322703,0.2559,0.323,0.0942
Eunpyeong,1897605597343468,0.3531,0.0044,0.3325
Eunpyeong,1942102382872686,0.3955,0.0006,0.2483
Eunpyeong,1948491045567540,0.3947,0.0024,0.2551
Eunpyeong,195291589081488,0.0,0.0,0.0277
Eunpyeong,2071122506608421,0.3789,0.0035,0.3207
Eunpyeong,2299611763755973,0.2686,0.2844,0.0633
Eunpyeong,237602884807166,0.5367,0.1056,0.0222
Eunpyeong,2385311925186778,0.2531,0.4219,0.0536
Eunpyeong,244248197459052,0.4918,0.1329,0.0088
Eunpyeong,247156447196312,0.5765,0.0841,0.0206
Eunpyeong,2579078245732471,0.5343,0.1015,0.0185
Eunpyeong,262699642266470,0.6313,0.0888,0.0151
Eunpyeong,263214072156371,0.5597,0.0875,0.0162
Eunpyeong,287769409693130,0.5696,0.0981,0.0233
Eunpyeong,287873234413686,0.4151,0.0015,0.3071
Eunpyeong,2920205784821683,0.2727,0.4003,0.0287
Eunpyeong,299283955080310,0.7275,0.0709,0.0267
Eunpyeong,2998821383774492,0.5534,0.0935,0.0172
Eunpyeong,302035334971118,0.5598,0.1169,0.0247
Eunpyeong,309044697536505,0.4878,0.1982,0.0032
Eunpyeong,310580830479760,0.743,0.0662,0.0249
Eunpyeong,3169254606546525,0.2361,0.314,0.0758
Eunpyeong,318537256334240,0.6449,0.0892,0.0111
Eunpyeong,319675440938120,0.4014,0.0023,0.3144
Eunpyeong,323703923825728,0.3978,0.0018,0.3187
Eunpyeong,328764738768885,0.5787,0.1068,0.0159
Eunpyeong,332706408230005,0.4781,0.1665,0.0041
Eunpyeong,352496341166766,0.3514,0.0042,0.3323
Eunpyeong,3656535231311890,0.2846,0.3915,0.0247
Eunpyeong,370414984396145,0.6607,0.0814,0.0114
Eunpyeong,371072809267971,0.3951,0.0022,0.3193
Eunpyeong,375183125519609,0.3639,0.0012,0.3036
Eunpyeong,376978833655174,0.5951,0.0884,0.017
Eunpyeong,4025217437705181,0.3709,0.0011,0.311
Eunpyeong,403830765887985,0.3847,0.0006,0.2359
Eunpyeong,407984518697059,0.3743,0.0044,0.3193
Eunpyeong,4189408981338533,0.1739,0.1677,0.2013
Eunpyeong,420212374136201,0.3897,0.002,0.2989
Eunpyeong,449360597495137,0.3943,0.0025,0.3062
Eunpyeong,453559303777145,0.3893,0.003,0.3122
Eunpyeong,4552202868142314,0.716,0.0494,0.0391
Eunpyeong,455374767062419,0.3685,0.001,0.3083
Eunpyeong,458322713367310,0.3628,0.0047,0.3189
Eunpyeong,465343084570529,0.6147,0.0948,0.0164
Eunpyeong,488506958935556,0.5299,0.1358,0.0124
Eunpyeong,488580813496309,0.3669,0.0042,0.3095
Eunpyeong,496409551675927,0.6877,0.0578,0.0302
Eunpyeong,526770075014768,0.7557,0.0413,0.0204
Eunpyeong,548084434531104,0.1492,0.2209,0.2133
Eunpyeong,575858828859645,0.3002,0.2749,0.0487
Eunpyeong,621417557388569,0.2494,0.3761,0.076
Eunpyeong,633910616220672,0.2224,0.3757,0.1058
Eunpyeong,637594095782194,0.2428,0.3339,0.089
Eunpyeong,641003272157977,0.243,0.3435,0.0934
Eunpyeong,641715338491301,0.2358,0.3623,0.0798
Eunpyeong,645493624966937,0.2831,0.3362,0.0778
Eunpyeong,653694037389027,0.328,0.2037,0.0985
Eunpyeong,653893930720600,0.2629,0.3696,0.0366
Eunpyeong,660233279923383,0.2209,0.2929,0.1258
Eunpyeong,675383228272463,0.2542,0.2469,0.0851
Eunpyeong,685280737179099,0.2184,0.2718,0.1513
Eunpyeong,697661669357286,0.2138,0.2757,0.0797
Eunpyeong,709668698192853,0.2302,0.3392,0.0468
Eunpyeong,735278458802336,0.3953,0.0005,0.2411
Eunpyeong,754743763127033,0.3895,0.0007,0.236
Eunpyeong,7625813234169990,0.3608,0.0041,0.3096
Eunpyeong,775356387897971,0.404,0.0017,0.3
Eunpyeong,7765560780198456,0.3582,0.004,0.3164
Eunpyeong,8094502730573731,0.3533,0.0043,0.3269
Eunpyeong,810903014295562,0.4039,0.0006,0.2299
Eunpyeong,811729764139039,0.3433,0.0042,0.3346
Eunpyeong,813884949517357,0.6429,0.0821,0.028
Eunpyeong,823008139775132,0.3697,0.0005,0.255
Eunpyeong,843862557925730,0.2385,0.29,0.0977
Eunpyeong,854525248741320,0.6619,0.0882,0.0131
Eunpyeong,870582045197350,0.2539,0.2659,0.1347
Eunpyeong,914096690693771,0.3305,0.1884,0.0916
Eunpyeong,9200298280067419,0.2596,0.4376,0.0399
Eunpyeong,9320009271428259,0.2633,0.3462,0.0935
Eunpyeong,936817244791581,0.3857,0.0011,0.304
Eunpyeong,945765880363706,0.372,0.0012,0.3067
Eunpyeong,954746979436345,0.3661,0.0048,0.3158
Eunpyeong,963176969301301,0.2078,0.3465,0.0648
Eunpyeong,968363698781082,0.2813,0.4043,0.013
Eunpyeong,969935744842103,0.4345,0.0034,0.2356
Eunpyeong,974830070979803,0.3671,0.0045,0.3133
Eunpyeong,986122572931745,0.3951,0.0022,0.3139
Eunpyeong,987127009498410,0.4074,0.0019,0.3168
Gangnam,1003197857963721,0.5597,0.0287,0.1662
Gangnam,1017147865355803,0.4172,0.2764,0.0216
Gangnam,1033995711879804,0.7519,0.0193,0.0128
Gangnam,1036176633644085,0.3057,0.2028,0.0013
Gangnam,1045754010728464,0.4591,0.0117,0.3069
Gangnam,1046512623956941,0.8111,0.0063,0.0109
Gangnam,1068146373676810,0.1287,0.0176,0.4482
Gangnam,1092253339596118,0.5092,0.0258,0.2351
Gangnam,1098142130682320,0.5031,0.0074,0.0187
Gangnam,1105121809976681,0.1871,0.0112,0.017
Gangnam,1106198573208634,0.2214,0.0105,0.0727
Gangnam,1119507171892836,0.5072,0.0495,0.0154
Gangnam,1153641375083341,0.4858,0.1577,0.1144
Gangnam,1155869902893926,0.4206,0.0051,0.4479
Gangnam,1167240587835724,0.6766,0.0722,0.0309
Gangnam,1167946988139659,0.691,0.0155,0.1471
Gangnam,1168988617935775,0.4433,0.0717,0.1668
Gangnam,1169981723471426,0.2929,0.0728,0.2182
Gangnam,1172786556494144,0.2289,0.3843,0.2229
Gangnam,1178445945925785,0.3086,0.0336,0.3603
Gangnam,1180103519805852,0.6164,0.0315,0.1667
Gangnam,1183879466727244,0.2913,0.0067,0.4998
Gangnam,1193079681114625,0.4249,0.0516,0.2903
Gangnam,1200861597026513,0.2503,0.0139,0.1067
Gangnam,1203170371195408,0.679,0.0318,0.133
Gangnam,1230293508807681,0.7359,0.009,0.0485
Gangnam,1237226073359237,0.024,0.118,0.511
Gangnam,1246430515771964,0.4006,0.0911,0.0164
Gangnam,1261343710935261,0.308,0.0368,0.0304
Gangnam,1264826740586729,0.3125,0.022,0.2831
Gangnam,127529909395978,0.1032,0.0016,0.0796
Gangnam,1335683491446203,0.6637,0.0292,0.0691
Gangnam,1336703000990069,0.6948,0.0101,0.0371
Gangnam,1338219560547754,0.2961,0.0861,0.3749
Gangnam,1354316468286637,0.2072,0.0424,0.2779
Gangnam,1363575997344845,0.3562,0.3596,0.0972
Gangnam,136569218496176,0.3918,0.0465,0.0628
Gangnam,1369426893413820,0.2029,0.0828,0.2253
Gangnam,1370021100815983,0.5033,0.0483,0.1319
Gangnam,138868394879795,0.5417,0.0898,0.0051
Gangnam,1392068967858636,0.5912,0.0214,0.1068
Gangnam,1403682526644215,0.6001,0.0934,0.0429
Gangnam,1409033506102259,0.3792,0.0502,0.0743
Gangnam,141723727878040,0.1947,0.0073,0.0
Gangnam,1419427268496997,0.3162,0.0787,0.0376
Gangnam,143474161093977,0.3823,0.1035,0.187
Gangnam,145790464188009,0.056,0.0198,0.0584
Gangnam,146958743998822,0.2074,0.0186,0.0148
Gangnam,1543357496029501,0.0781,0.6147,0.0058
Gangnam,1585189918848241,0.5131,0.0333,0.2925
Gangnam,160229782623448,0.2118,0.0288,0.2042
Gangnam,1623881914954644,0.5571,0.0732,0.0435
Gangnam,1627035900826309,0.2678,0.0075,0.006
Gangnam,1627592650764406,0.3928,0.0243,0.066
Gangnam,164006482241528,0.3466,0.1272,0.306
Gangnam,1642979789426248,0.422,0.0295,0.0688
Gangnam,164615212260474,0.0547,0.037,0.5772
Gangnam,166519182068033,0.2564,0.0091,0.1556
Gangnam,1670899587638335,0.2933,0.1935,0.2108
Gangnam,167333748726793,0.0274,0.0087,0.8357
Gangnam,167616805258795,0.5014,0.0024,0.0086
Gangnam,170756088298808,0.219,0.3149,0.0412
Gangnam,1708050766762428,0.3878,0.0162,0.3748
Gangnam,1722587827927867,0.274,0.3414,0.0346
Gangnam,172893171424772,0.2641,0.0066,0.273
Gangnam,173555667981008,0.1514,0.0029,0.0969
Gangnam,178334110820151,0.3142,0.0158,0.0413
Gangnam,180855673814121,0.2737,0.2446,0.1699
Gangnam,1810108849171029,0.4194,0.1198,0.0101
Gangnam,182687000385735,0.4285,0.0314,0.0777
Gangnam,1830961400397616,0.0785,0.1319,0.2383
Gangnam,1840891986085196,0.1928,0.0043,0.2832
Gangnam,1886163448212307,0.1339,0.0658,0.4364
Gangnam,189428983029178,0.5454,0.1204,0.0134
Gangnam,189883056340721,0.5312,0.0415,0.06
Gangnam,193019259335775,0.2343,0.2124,0.3037
Gangnam,193147802537677,0.2164,0.0148,0.16
Gangnam,1940698592745454,0.4975,0.074,0.0875
Gangnam,194986132464588,0.1205,0.008,0.0174
Gangnam,1951458675002871,0.083,0.0018,0.0173
Gangnam,195766442365030,0.3144,0.0427,0.2308
Gangnam,197071222251765,0.1622,0.0223,0.0247
Gangnam,1990669624415856,0.2825,0.0307,0.2395
Gangnam,203619048102598,0.328,0.3509,0.1122
Gangnam,203942208209562,0.4028,0.019,0.0721
Gangnam,207228927632838,0.4622,0.0225,0.03
Gangnam,2079970675761763,0.7799,0.0227,0.0265
Gangnam,209674070782234,0.3378,0.0084,0.1835
Gangnam,210308667237394,0.3514,0.1999,0.0345
Gangnam,212679907102694,0.2934,0.0239,0.2283
Gangnam,2190583651789177,0.2891,0.0062,0.0102
Gangnam,219436876296974,0.0504,0.0026,0.0265
Gangnam,219927079647254,0.359,0.0571,0.189
Gangnam,225398562694774,0.1797,0.0062,0.2248
Gangnam,2352404555144280,0.5801,0.0715,0.0883
Gangnam,243829677507244,0.5082,0.0782,0.128
Gangnam,245470620660804,0.5876,0.1763,0.026
Gangnam,246603643910373,0.095,0.0304,0.4481
Gangnam,247473177127047,0.3332,0.0841,0.1306
Gangnam,252594599991122,0.6952,0.1172,0.0121
Gangnam,254106896499147,0.2104,0.0138,0.0224
Gangnam,257219509241978,0.2065,0.0173,0.0115
Gangnam,2588202284813026,0.1015,0.0499,0.6643
Gangnam,262614622279344,0.3967,0.0812,0.019
Gangnam,2665342437089494,0.2523,0.0608,0.378
Gangnam,272782937928528,0.1822,0.0145,0.5429
Gangnam,278761447201313,0.1429,0.0019,0.0708
Gangnam,279977310502977,0.1106,0.0028,0.1378
Gangnam,280565797140175,0.0842,0.2105,0.512
Gangnam,2813518952232588,0.0918,0.0573,0.0627
Gangnam,281509060308829,0.1773,0.005,0.1144
Gangnam,2830553990492125,0.1721,0.0075,0.1505
Gangnam,284834106626927,0.1215,0.0044,0.1117
Gangnam,2848864791995162,0.1083,0.2366,0.4415
Gangnam,285446473228323,0.2507,0.0204,0.3192
Gangnam,287497283009805,0.475,0.0271,0.0506
Gangnam,2883817518500457,0.1223,0.001,0.0006
Gangnam,289481716129417,0.4466,0.0195,0.0254
Gangnam,2903859456550049,0.3769,0.0358,0.0499
Gangnam,2910604679188363,0.1804,0.0125,0.0905
Gangnam,2934335963447341,0.1959,0.0175,0.0164
Gangnam,295053692111044,0.085,0.0056,0.2584
Gangnam,2959867094281145,0.2243,0.003,0.0322
Gangnam,2967934446794543,0.4899,0.0635,0.0632
Gangnam,297111975398242,0.4682,0.0226,0.0486
Gangnam,297709961910514,0.4512,0.0688,0.0436
Gangnam,297853171917691,0.3267,0.0002,0.2285
Gangnam,299219241740875,0.5376,0.0108,0.0065
Gangnam,3000234980209022,0.3827,0.2228,0.0998
Gangnam,3020438924948321,0.251,0.021,0.3429
Gangnam,302243741352644,0.1527,0.0008,0.3898
Gangnam,302588047998310,0.3805,0.0268,0.1134
Gangnam,3026091144287744,0.2648,0.0088,0.5615
Gangnam,304107347922959,0.2217,0.1883,0.1814
Gangnam,304781777753596,0.4006,0.0086,0.0376
Gangnam,3052140571668402,0.4062,0.0454,0.012
Gangnam,3054919961429684,0.4746,0.0234,0.066
Gangnam,3081518185493585,0.2428,0.1252,0.0203
Gangnam,311395844036256,0.0796,0.0856,0.4949
Gangnam,312006654215620,0.3726,0.1091,0.0187
Gangnam,316260610207715,0.0711,0.0059,0.7443
Gangnam,317158469780550,0.2928,0.0607,0.026
Gangnam,317222359787176,0.4514,0.0503,0.0073
Gangnam,319593779576252,0.6111,0.0811,0.0129
Gangnam,320054499490295,0.0756,0.0943,0.4687
Gangnam,321154622934261,0.1765,0.6187,0.016
Gangnam,321690199469374,0.4327,0.0429,0.0641
Gangnam,328897188585906,0.4982,0.0856,0.0822
Gangnam,337192007825770,0.3532,0.0025,0.0231
Gangnam,3420859801379326,0.3431,0.0101,0.4522
Gangnam,342151147332528,0.3657,0.0125,0.1537
Gangnam,351848652970272,0.2704,0.013,0.0198
Gangnam,3539034856316426,0.2541,0.0058,0.0288
Gangnam,3562922807344220,0.431,0.018,0.3728
Gangnam,371398577521295,0.518,0.0004,0.0106
Gangnam,374873383864323,0.168,0.0099,0.0
Gangnam,375110733828583,0.1534,0.0003,0.3463
Gangnam,376201940413068,0.4912,0.0773,0.0679
Gangnam,377306533634371,0.3148,0.0313,0.2501
Gangnam,3803017496463372,0.5422,0.023,0.1046
Gangnam,380889623065417,0.5712,0.0832,0.0285
Gangnam,384334310216992,0.2864,0.0673,0.0539
Gangnam,389357315574252,0.2103,0.0172,0.0783
Gangnam,3898027800304197,0.5008,0.0986,0.014
Gangnam,391998688592475,0.3057,0.0541,0.2307
Gangnam,3941337229282570,0.5901,0.1038,0.0052
Gangnam,4008338675954125,0.2963,0.2369,0.1726
Gangnam,4097246403882948,0.4712,0.1128,0.1199
Gangnam,4157802907596882,0.432,0.0568,0.23
Gangnam,4295739473792015,0.5493,0.1203,0.0419
Gangnam,450038932762407,0.2679,0.0025,0.3413
Gangnam,452627845806903,0.4669,0.1108,0.0443
Gangnam,4541548555878475,0.0591,0.0173,0.0768
Gangnam,454452422292862,0.2493,0.0229,0.101
Gangnam,461284625142710,0.29,0.0039,0.0117
Gangnam,464747557927388,0.1528,0.0189,0.4131
Gangnam,465117961427500,0.1211,0.0243,0.0165
Gangnam,466326861108863,0.3354,0.1755,0.0197
Gangnam,466653334595288,0.1958,0.0121,0.0216
Gangnam,466808117956296,0.3681,0.0044,0.0252
Gangnam,467168757695394,0.0638,0.0138,0.0686
Gangnam,471214657434086,0.1411,0.0361,0.4178
Gangnam,473234280394929,0.0992,0.0094,0.0296
Gangnam,473487340530633,0.4363,0.0361,0.0729
Gangnam,473767573949272,0.128,0.0717,0.0212
Gangnam,473875110537756,0.325,0.0561,0.0673
Gangnam,473975823827983,0.248,0.0403,0.2886
Gangnam,477442953524782,0.1511,0.0029,0.1439
Gangnam,477540500128911,0.0671,0.3528,0.0085
Gangnam,477611976800207,0.151,0.21,0.0193
Gangnam,486825412771396,0.0798,0.001,0.7247
Gangnam,488053305962160,0.3414,0.019,0.0515
Gangnam,488869785690582,0.2661,0.0047,0.2793
Gangnam,489311342187710,0.38,0.0815,0.0083
Gangnam,489711368894920,0.0506,0.0021,0.0055
Gangnam,490512138927442,0.3121,0.0146,0.2042
Gangnam,493696601748263,0.1055,0.0029,0.6112
Gangnam,494821928224506,0.3599,0.0067,0.2834
Gangnam,494893878370071,0.4538,0.0115,0.0098
Gangnam,496785152191343,0.3983,0.0616,0.0571
Gangnam,500851614374032,0.4253,0.0799,0.015
Gangnam,501421124313701,0.2759,0.0064,0.1379
Gangnam,501899550941113,0.4144,0.0458,0.0218
Gangnam,503930107407139,0.4035,0.0,0.006
Gangnam,505392990653182,0.3237,0.0174,0.055
Gangnam,507290553787748,0.3792,0.0401,0.0457
Gangnam,507438683951223,0.1468,0.008,0.0162
Gangnam,507905500366620,0.53,0.0456,0.07
Gangnam,509139646936830,0.3813,0.0153,0.0317
Gangnam,511071683241237,0.2342,0.0115,0.0596
Gangnam,512291619807005,0.4397,0.0956,0.1058
Gangnam,512407196558176,0.2132,0.0061,0.1229
Gangnam,512788606832665,0.1748,0.0057,0.2569
Gangnam,513659499669774,0.1847,0.1137,0.0255
Gangnam,513791846459823,0.3099,0.0082,0.0828
Gangnam,518165515881138,0.312,0.0336,0.1125
Gangnam,518173372876020,0.1555,0.0076,0.1736
Gangnam,519813939386716,0.4306,0.0587,0.0566
Gangnam,520392785799679,0.1187,0.4714,0.0077
Gangnam,521391149234008,0.0816,0.0527,0.0765
Gangnam,524177902069199,0.0699,0.0772,0.555
Gangnam,533637721348785,0.2925,0.0308,0.1966
Gangnam,543825147002151,0.4687,0.0622,0.0382
Gangnam,544185444944107,0.4924,0.0157,0.1732
Gangnam,5595274350501919,0.3166,0.0458,0.0286
Gangnam,559970351639284,0.3014,0.0209,0.0806
Gangnam,561768201452239,0.1491,0.0078,0.0642
Gangnam,574025453578844,0.2076,0.0305,0.3874
Gangnam,580255696700062,0.4142,0.0152,0.0126
Gangnam,583315301537050,0.8534,0.0036,0.007
Gangnam,590234195245117,0.1883,0.0049,0.2975
Gangnam,598889548170584,0.126,0.0958,0.3083
Gangnam,607146080260725,0.4372,0.1258,0.0134
Gangnam,6183469591679194,0.3909,0.014,0.0483
Gangnam,630248063132359,0.5395,0.0189,0.0923
Gangnam,635487674076012,0.2681,0.0673,0.1488
Gangnam,643483748315849,0.7009,0.0109,0.0437
Gangnam,649222091246031,0.5514,0.0494,0.1304
Gangnam,662358099622738,0.7803,0.0082,0.027
Gangnam,666987574554908,0.3279,0.0747,0.0424
Gangnam,674327008341035,0.3131,0.0883,0.3694
Gangnam,674755368401553,0.734,0.03,0.0817
Gangnam,678034678038531,0.5903,0.0112,0.1568
Gangnam,684570323923027,0.6494,0.0279,0.143
Gangnam,685626127340311,0.4817,0.0345,0.1988
Gangnam,686660594026117,0.4123,0.1844,0.1629
Gangnam,697096824967665,0.5009,0.0221,0.0788
Gangnam,702559350785006,0.1711,0.0513,0.1019
Gangnam,716894853066726,0.3918,0.0536,0.0127
Gangnam,722549955448956,0.2734,0.1512,0.0009
Gangnam,748574996107786,0.2524,0.1809,0.0527
Gangnam,749439362364157,0.562,0.0923,0.0128
Gangnam,753205862030431,0.1943,0.0458,0.2183
Gangnam,754242145252751,0.4753,0.0464,0.0546
Gangnam,773902873485381,0.1874,0.0611,0.2785
Gangnam,776045723298166,0.1279,0.0071,0.0924
Gangnam,778834986158351,0.4762,0.0879,0.0424
Gangnam,785329312123206,0.2645,0.0198,0.0713
Gangnam,786410548728026,0.1144,0.0414,0.433
Gangnam,792192405093719,0.4614,0.1049,0.0199
Gangnam,795928527966903,0.1811,0.0006,0.0678
Gangnam,796576567945301,0.2541,0.1941,0.0683
Gangnam,796892534598647,0.1345,0.001,0.0847
Gangnam,799693874304469,0.2522,0.273,0.1961
Gangnam,800588510875872,0.4401,0.0095,0.035
Gangnam,803030897302415,0.1519,0.0034,0.0024
Gangnam,807321390190400,0.1724,0.0031,0.0875
Gangnam,809001396711292,0.3329,0.0017,0.3132
Gangnam,812926666287427,0.2622,0.0154,0.0522
Gangnam,819749365560753,0.1531,0.0035,0.0019
Gangnam,823569821600955,0.2194,0.0046,0.111
Gangnam,826204248302455,0.3406,0.2217,0.1261
Gangnam,827001051567296,0.2713,0.0655,0.2924
Gangnam,844758126387085,0.5227,0.0029,0.004
Gangnam,849186184027498,0.4185,0.0423,0.0794
Gangnam,855208038539140,0.4167,0.0708,0.0804
Gangnam,856982268362175,0.3612,0.0032,0.0062
Gangnam,857675064836932,0.2967,0.0063,0.1486
Gangnam,868460423733699,0.0775,0.0168,0.0371
Gangnam,873763403237500,0.167,0.0008,0.4554
Gangnam,882939135597429,0.241,0.0827,0.1563
Gangnam,885256098722463,0.1552,0.0067,0.4331
Gangnam,888919758618634,0.1375,0.0081,0.0002
Gangnam,901425937321864,0.5909,0.1341,0.0329
Gangnam,915098962386785,0.1421,0.0005,0.0002
Gangnam,9267681759989497,0.7066,0.0128,0.0158
Gangnam,927435334767233,0.3344,0.017,0.2255
Gangnam,929017277899265,0.3045,0.0029,0.4637
Gangnam,938112890288776,0.5252,0.0264,0.0398
Gangnam,938909448109989,0.5368,0.2164,0.0634
Gangnam,940193986567677,0.0674,0.0058,0.0
Gangnam,943462046420781,0.4633,0.012,0.1404
Gangnam,944095056423760,0.1051,0.5549,0.0022
Gangnam,944925132950879,0.0839,0.1761,0.3715
Gangnam,955002551925200,0.2217,0.0801,0.2105
Gangnam,964548220981845,0.2649,0.0456,0.073
Gangnam,972705143495357,0.2788,0.0646,0.2227
Gangnam,9801675416562895,0.5799,0.0173,0.1814
Gangnam,992672327935101,0.4339,0.036,0.0319
Gangnam,999432333795190,0.3592,0.0353,0.0261
Hongdae,1001417597060412,0.472,0.0082,0.0414
Hongdae,1009066186531740,0.4885,0.0073,0.0045
Hongdae,1009889163084856,0.6162,0.0146,0.0191
Hongdae,1015045829028363,0.3086,0.0483,0.0872
Hongdae,1024345183013103,0.4759,0.0788,0.0231
Hongdae,1034297818890280,0.4461,0.0108,0.026
Hongdae,1035567485376812,0.3881,0.0309,0.0317
Hongdae,1044753917637208,0.3808,0.0382,0.0296
Hongdae,1050398163897171,0.4437,0.0167,0.027
Hongdae,1051051619910101,0.4432,0.0195,0.0267
Hongdae,1055384219870672,0.4672,0.0142,0.032
Hongdae,1060676512713871,0.4819,0.0378,0.0499
Hongdae,1060992782644083,0.4453,0.0297,0.0492
Hongdae,1064439478472327,0.3476,0.0332,0.0568
Hongdae,1067838191342455,0.4499,0.0092,0.0338
Hongdae,1073419228088404,0.5283,0.0216,0.0343
Hongdae,1073520869838237,0.291,0.0141,0.118
Hongdae,1074558971223315,0.4861,0.0732,0.0153
Hongdae,1074633514631225,0.4952,0.0244,0.0407
Hongdae,1079015915841074,0.5106,0.0299,0.0043
Hongdae,1080128744176976,0.4105,0.0093,0.0334
Hongdae,1083386455485461,0.5243,0.0947,0.0265
Hongdae,1086065908585703,0.6713,0.0385,0.0184
Hongdae,1090323906334330,0.4621,0.0354,0.0222
Hongdae,1091437852849435,0.417,0.1878,0.0325
Hongdae,1092023201292398,0.6352,0.0937,0.0643
Hongdae,1097222175804429,0.4374,0.0205,0.0528
Hongdae,1104422820040926,0.4691,0.0688,0.0109
Hongdae,1105553988297405,0.3926,0.0728,0.0289
Hongdae,111461154352710,0.5798,0.0511,0.0089
Hongdae,1126024436030219,0.5086,0.0302,0.045
Hongdae,1156734449507697,0.3491,0.0204,0.0284
Hongdae,1162476655635858,0.452,0.0182,0.0289
Hongdae,1193191625894115,0.4388,0.1488,0.0167
Hongdae,1213263773343789,0.4347,0.0401,0.0231
Hongdae,1216060426388469,0.4526,0.0271,0.0271
Hongdae,1220409266241375,0.522,0.0708,0.0238
Hongdae,1220559815927738,0.397,0.0353,0.0219
Hongdae,1232534481247807,0.4719,0.1475,0.023
Hongdae,1236247831559230,0.3974,0.0169,0.0466
Hongdae,1250372126674404,0.479,0.0279,0.0334
Hongdae,1250860659970772,0.4339,0.033,0.0378
Hongdae,1255454609591235,0.4088,0.1109,0.0276
Hongdae,1264887695260029,0.4247,0.0749,0.0463
Hongdae,1265014711662644,0.4067,0.0382,0.0324
Hongdae,1275451584200743,0.4012,0.1314,0.022
Hongdae,1288186333309777,0.4645,0.014,0.0319
Hongdae,1325430752481454,0.3484,0.1065,0.0185
Hongdae,1346171679801157,0.3662,0.0343,0.0415
Hongdae,1348537002195236,0.6555,0.0236,0.0038
Hongdae,1354507285645385,0.4269,0.0871,0.0209
Hongdae,135794488544465,0.4093,0.0415,0.0374
Hongdae,1359957828638237,0.3912,0.0479,0.0242
Hongdae,1360172621730293,0.3801,0.0229,0.0211
Hongdae,1365667197850620,0.3885,0.0392,0.0276
Hongdae,1367687957854906,0.4246,0.0225,0.0526
Hongdae,138857048180205,0.4325,0.0132,0.0868
Hongdae,1393431981012557,0.31,0.0434,0.1607
Hongdae,1396205274859776,0.418,0.0222,0.0602
Hongdae,1399834367052103,0.4397,0.0346,0.0098
Hongdae,1402103020167763,0.6332,0.0441,0.0231
Hongdae,140650808051158,0.632,0.0591,0.0068
Hongdae,1418015305897735,0.4761,0.013,0.0272
Hongdae,1418391342747353,0.4959,0.0631,0.0464
Hongdae,141878341261274,0.5461,0.012,0.055
Hongdae,1426066322142040,0.4567,0.1146,0.0297
Hongdae,1426320995230380,0.4179,0.1338,0.037
Hongdae,1428319215072201,0.4784,0.0316,0.0518
Hongdae,1429381177423249,0.4718,0.0551,0.1173
Hongdae,1429491874746614,0.424,0.1792,0.0351
Hongdae,1435025164229669,0.4739,0.0094,0.0335
Hongdae,144542961024359,0.2791,0.0301,0.0552
Hongdae,144667564307177,0.5419,0.0446,0.0201
Hongdae,1447524583087749,0.4283,0.1733,0.031
Hongdae,144909184283331,0.552,0.033,0.0329
Hongdae,1449864586196781,0.3577,0.099,0.0237
Hongdae,1449925118681892,0.57,0.0197,0.0318
Hongdae,1463669428400617,0.447,0.0229,0.0456
Hongdae,1479929693447707,0.2871,0.046,0.0183
Hongdae,152047536890679,0.2933,0.0582,0.1728
Hongdae,153500183411414,0.6514,0.039,0.0072
Hongdae,157043553093628,0.3938,0.0304,0.0229
Hongdae,1581380272782690,0.4175,0.1819,0.0332
Hongdae,158454946237163,0.3287,0.1278,0.0283
Hongdae,1591256645549741,0.3569,0.1094,0.0216
Hongdae,1603372757009524,0.3956,0.1384,0.0231
Hongdae,161867405941176,0.396,0.1455,0.0337
Hongdae,161924159207481,0.4816,0.0277,0.0345
Hongdae,162932532434911,0.6123,0.0432,0.0079
Hongdae,1637454889773029,0.482,0.0205,0.0171
Hongdae,164184655636699,0.3297,0.0225,0.0317
Hongdae,1646142509426051,0.4172,0.1806,0.0331
Hongdae,164643815601158,0.5847,0.0245,0.0039
Hongdae,1658578654860359,0.3543,0.0284,0.0292
Hongdae,167791218511198,0.4923,0.0767,0.0589
Hongdae,170550974989421,0.4867,0.0232,0.0326
Hongdae,171150594927326,0.4398,0.0436,0.132
Hongdae,1713565178808048,0.3235,0.2337,0.0578
Hongdae,173149338057371,0.1674,0.0218,0.2545
Hongdae,1748575596052226,0.4054,0.138,0.0245
Hongdae,175133904509702,0.6897,0.0248,0.0032
Hongdae,1756332061621992,0.3888,0.1345,0.0216
Hongdae,175687807783807,0.4992,0.0077,0.0054
Hongdae,1760828511982512,0.4466,0.1114,0.0302
Hongdae,1766381620922921,0.3797,0.1116,0.0338
Hongdae,177019920978651,0.1533,0.0233,0.2329
Hongdae,1773167583275202,0.4414,0.0148,0.0365
Hongdae,1836089226592761,0.2707,0.0776,0.2271
Hongdae,186611656654312,0.2951,0.0074,0.0953
Hongdae,1878982212898353,0.4501,0.0077,0.0332
Hongdae,188300059816602,0.5468,0.13,0.038
Hongdae,1912350566192377,0.4665,0.0313,0.0298
Hongdae,192391109293096,0.5364,0.036,0.022
Hongdae,1925877344854740,0.4156,0.1627,0.0267
Hongdae,192797679247112,0.4478,0.0219,0.049
Hongdae,1931521247660911,0.397,0.0281,0.0336
Hongdae,1936386750534464,0.3706,0.0626,0.047
Hongdae,1936779809793100,0.373,0.1538,0.1035
Hongdae,1938071636967586,0.4967,0.0111,0.0422
Hongdae,1947024732370371,0.495,0.057,0.0442
Hongdae,1951653035572357,0.3869,0.0357,0.0597
Hongdae,202188234928236,0.6373,0.04,0.0189
Hongdae,2048400048652218,0.267,0.0315,0.0533
Hongdae,2100919627049687,0.4488,0.0225,0.0519
Hongdae,211323640589981,0.7088,0.0346,0.0035
Hongdae,2127622504384723,0.4001,0.0582,0.0558
Hongdae,219482442986476,0.6978,0.0529,0.007
Hongdae,226644208798422,0.3972,0.0302,0.0308
Hongdae,24031887673074317,0.4982,0.1494,0.0079
Hongdae,2433839256748495,0.416,0.1615,0.055
Hongdae,2458778047810805,0.3903,0.0163,0.0514
Hongdae,250825773494457,0.4931,0.057,0.0529
Hongdae,253544236522366,0.5236,0.0918,0.0455
Hongdae,2594681967501867,0.4451,0.028,0.1416
Hongdae,264076782171146,0.2939,0.0387,0.1349
Hongdae,2682366168621204,0.4574,0.0386,0.0412
Hongdae,2689372314687271,0.5558,0.0901,0.0354
Hongdae,270718931466893,0.4713,0.0534,0.0184
Hongdae,274437467727888,0.488,0.0097,0.0502
Hongdae,275537674273311,0.1395,0.1766,0.3614
Hongdae,277398304081387,0.6102,0.0073,0.014
Hongdae,278526717191764,0.3276,0.2583,0.0554
Hongdae,2793654797565621,0.0795,0.0002,0.4991
Hongdae,2823945134523658,0.3051,0.0364,0.06
Hongdae,283218776824675,0.1001,0.059,0.3136
Hongdae,284103366775923,0.2765,0.1332,0.2056
Hongdae,286407269827823,0.5909,0.1455,0.0194
Hongdae,2865179377058079,0.4367,0.0512,0.0521
Hongdae,286595213170932,0.6774,0.0387,0.0163
Hongdae,287749216347683,0.5407,0.1466,0.0579
Hongdae,292814289061002,0.5267,0.0233,0.0055
Hongdae,297010491970875,0.5896,0.023,0.019
Hongdae,299051381712647,0.4991,0.0369,0.0152
Hongdae,2994495310710706,0.3658,0.0304,0.0301
Hongdae,299528318566105,0.4176,0.125,0.0365
Hongdae,302830228061327,0.5131,0.0086,0.0054
Hongdae,30349338861346243,0.3961,0.0767,0.0228
Hongdae,304315221272044,0.2944,0.0118,0.1618
Hongdae,309574790554911,0.4081,0.0209,0.0342
Hongdae,310379900679791,0.3267,0.0724,0.2458
Hongdae,31213362298262819,0.4922,0.1114,0.0265
Hongdae,3141525402653446,0.4061,0.1749,0.03
Hongdae,314170896867350,0.5907,0.0125,0.019
Hongdae,3176549512521942,0.3786,0.0536,0.0413
Hongdae,318990926330809,0.7036,0.0416,0.0113
Hongdae,3209557862663859,0.5,0.0269,0.0107
Hongdae,322403289285818,0.6275,0.0457,0.0192
Hongdae,323461935861027,0.4515,0.0203,0.0362
Hongdae,327584715660737,0.4292,0.1837,0.0359
Hongdae,3290520484406294,0.4204,0.045,0.0836
Hongdae,333452354967574,0.6684,0.0698,0.0061
Hongdae,334449231692492,0.5435,0.0327,0.026
Hongdae,335765734598472,0.4939,0.1385,0.0199
Hongdae,340776117384318,0.4125,0.0993,0.0236
Hongdae,350210643198510,0.5147,0.0806,0.0772
Hongdae,352245462903425,0.4574,0.0097,0.0063
Hongdae,3526328700926377,0.5289,0.015,0.0417
Hongdae,3666644670108924,0.1126,0.0659,0.3555
Hongdae,370259664425473,0.3822,0.0367,0.184
Hongdae,371250154324990,0.3389,0.1397,0.0199
Hongdae,371916070888859,0.4762,0.0438,0.1128
Hongdae,373945384003380,0.2407,0.0617,0.2167
Hongdae,376390463697510,0.3934,0.0271,0.0225
Hongdae,381082999854877,0.4661,0.0316,0.0191
Hongdae,3821175788173394,0.4348,0.0086,0.0274
Hongdae,3898608587135625,0.3911,0.083,0.0259
Hongdae,3951435068452346,0.3936,0.0448,0.0403
Hongdae,3963407197085519,0.2755,0.0093,0.1728
Hongdae,3973966319360458,0.6996,0.0129,0.0172
Hongdae,4012878508758957,0.0836,0.0193,0.4054
Hongdae,4049361278725167,0.3517,0.0764,0.0398
Hongdae,4055803231173743,0.3007,0.0071,0.1665
Hongdae,4126041394131163,0.4979,0.0999,0.044
Hongdae,4159714404115283,0.6699,0.0771,0.0054
Hongdae,4171414676255199,0.0898,0.0358,0.3152
Hongdae,4230571310288867,0.6165,0.0147,0.0108
Hongdae,426339101972869,0.0594,0.0974,0.2747
Hongdae,4278526812234145,0.302,0.0712,0.23
Hongdae,4300221526728935,0.2024,0.0291,0.2135
Hongdae,4335997343118960,0.2273,0.0562,0.1676
Hongdae,4343317655730931,0.601,0.0076,0.0032
Hongdae,462887531453193,0.4262,0.0991,0.188
Hongdae,467206197688741,0.4317,0.1419,0.0448
Hongdae,469033704188003,0.3665,0.012,0.1092
Hongdae,469868244307029,0.4006,0.0319,0.2466
Hongdae,470089864256265,0.4089,0.0083,0.0953
Hongdae,472407804013380,0.4668,0.0093,0.0851
Hongdae,477438343372600,0.3806,0.181,0.0381
Hongdae,482677939632485,0.5085,0.0316,0.0043
Hongdae,483171342889529,0.3916,0.0092,0.1175
Hongdae,484202299532172,0.4996,0.0314,0.008
Hongdae,486279922620895,0.1605,0.0194,0.1188
Hongdae,492600830582917,0.4112,0.0414,0.036
Hongdae,493900941850108,0.3101,0.0163,0.1042
Hongdae,495436044984680,0.6654,0.0165,0.0217
Hongdae,496225111605274,0.352,0.2175,0.0645
Hongdae,496524444812073,0.4508,0.0396,0.0669
Hongdae,497661251674538,0.6972,0.086,0.0115
Hongdae,497864581260321,0.3446,0.0466,0.1824
Hongdae,498261454952186,0.5253,0.0065,0.0066
Hongdae,500419704331406,0.6653,0.071,0.0061
Hongdae,504906503884211,0.7626,0.0622,0.0212
Hongdae,512065039931733,0.3693,0.1845,0.0511
Hongdae,512347410194043,0.2898,0.0403,0.0918
Hongdae,515202176328580,0.5807,0.0122,0.011
Hongdae,516693232838872,0.5577,0.0945,0.0473
Hongdae,517631479262027,0.3712,0.0147,0.1489
Hongdae,519368129097065,0.52,0.019,0.0078
Hongdae,520397765630938,0.6159,0.0069,0.0034
Hongdae,523411205352650,0.0645,0.0166,0.3634
Hongdae,525570842145965,0.5528,0.0585,0.0153
Hongdae,526368708725172,0.3686,0.0399,0.0559
Hongdae,546153623037255,0.3133,0.0118,0.1558
Hongdae,549445559385494,0.4593,0.0094,0.0054
Hongdae,555967962475325,0.4068,0.1249,0.1207
Hongdae,557759681890801,0.7296,0.0376,0.012
Hongdae,559393525474563,0.7468,0.0586,0.0343
Hongdae,571448963818290,0.4167,0.0432,0.0082
Hongdae,576915936613009,0.2339,0.0376,0.2531
Hongdae,585516401265683,0.4595,0.0757,0.0276
Hongdae,591774417300187,0.4501,0.0693,0.0146
Hongdae,620491897062508,0.4187,0.1791,0.0326
Hongdae,639101300821575,0.5954,0.0473,0.0127
Hongdae,645077365232069,0.4102,0.0709,0.0505
Hongdae,650993794647798,0.4195,0.0086,0.0299
Hongdae,653037374430629,0.4626,0.2231,0.0099
Hongdae,677193955144130,0.5134,0.0607,0.0261
Hongdae,684634841147675,0.4916,0.109,0.0235
Hongdae,688788690810880,0.4486,0.0449,0.0511
Hongdae,693142563540968,0.4277,0.0971,0.0168
Hongdae,693495633655068,0.4591,0.0307,0.0273
Hongdae,695065393290872,0.4658,0.0804,0.0131
Hongdae,696591096616018,0.4403,0.0191,0.0305
Hongdae,705597892084681,0.4183,0.1419,0.0312
Hongdae,707973178503254,0.4589,0.0917,0.0206
Hongdae,708920842072938,0.4177,0.0595,0.0477
Hongdae,714335741532071,0.4284,0.1755,0.0311
Hongdae,716082041173786,0.44,0.1901,0.0213
Hongdae,718276190959494,0.3755,0.0791,0.02
Hongdae,720558940932926,0.4292,0.0858,0.0334
Hongdae,730151986230378,0.4695,0.0112,0.0301
Hongdae,731513182620363,0.3261,0.0244,0.0295
Hongdae,737639535422793,0.3922,0.0578,0.0313
Hongdae,741495838557840,0.4192,0.1791,0.0332
Hongdae,741674123172927,0.6445,0.0946,0.0152
Hongdae,742000969801895,0.6018,0.0059,0.0136
Hongdae,743685378226992,0.3679,0.0187,0.0247
Hongdae,743718791552590,0.4437,0.0289,0.0328
Hongdae,748462745826577,0.6875,0.0411,0.016
Hongdae,750671518932185,0.3637,0.0163,0.1233
Hongdae,762374093055497,0.3998,0.1031,0.0276
Hongdae,772220493683791,0.2306,0.0212,0.1695
Hongdae,772550736796802,0.4586,0.1371,0.0382
Hongdae,773508056666409,0.4198,0.1608,0.0334
Hongdae,773909999936918,0.509,0.063,0.01
Hongdae,775135131869196,0.3473,0.0189,0.0238
Hongdae,787624195195791,0.6038,0.0736,0.0662
Hongdae,791828281478406,0.5866,0.0271,0.005
Hongdae,796472677643491,0.3537,0.0585,0.0682
Hongdae,812637522680701,0.6114,0.0145,0.0201
Hongdae,813319316267911,0.7136,0.0867,0.0214
Hongdae,816076609096601,0.2699,0.0138,0.129
Hongdae,825117218378877,0.6027,0.0289,0.009
Hongdae,829878784287953,0.3955,0.0222,0.114
Hongdae,831852314354137,0.2714,0.0104,0.1549
Hongdae,8330774010317569,0.5925,0.0372,0.0454
Hongdae,833131200888932,0.5026,0.0905,0.0116
Hongdae,843026999946696,0.2997,0.0846,0.1924
Hongdae,847945842472720,0.4855,0.0571,0.0088
Hongdae,862097477704609,0.0718,0.0191,0.0244
Hongdae,871691300228348,0.7514,0.0368,0.0085
Hongdae,896473211203758,0.5352,0.0594,0.0729
Hongdae,908150646409561,0.3307,0.0081,0.1353
Hongdae,910490746472855,0.2037,0.0148,0.1302
Hongdae,917714855718911,0.2278,0.0505,0.0626
Hongdae,940018870151267,0.5606,0.0135,0.0066
Hongdae,958896678179210,0.4743,0.067,0.0429
Hongdae,9609233405848522,0.4867,0.0263,0.0394
Hongdae,9883804831746834,0.3407,0.0481,0.0318
Hongdae,9971902672844851,0.4448,0.1054,0.0253
Itaewon,1001588124827923,0.2704,0.218,0.0894
Itaewon,1003773858356781,0.672,0.0177,0.0121
Itaewon,10038031962891589,0.316,0.0001,0.2535
Itaewon,1003955724028807,0.2147,0.4371,0.0904
Itaewon,1004825867213081,0.5614,0.1888,0.0604
Itaewon,1009339107194491,0.6158,0.0143,0.0138
Itaewon,1012179626932023,0.2747,0.2977,0.0216
Itaewon,1012521430800943,0.2648,0.0185,0.1738
Itaewon,1012744187397571,0.2917,0.021,0.17
Itaewon,1016079523755043,0.5167,0.0027,0.061
Itaewon,1028874835722498,0.5006,0.0049,0.0956
Itaewon,1084348418727636,0.5656,0.0405,0.118
Itaewon,1087976206426022,0.6835,0.1155,0.0424
Itaewon,1090985089410289,0.0517,0.018,0.0886
Itaewon,1096926284707102,0.2517,0.0607,0.1775
Itaewon,1105014330007636,0.7711,0.0132,0.0507
Itaewon,1115436766187091,0.4554,0.1721,0.0382
Itaewon,1115455852265954,0.3997,0.1259,0.0448
Itaewon,1117328689567680,0.4102,0.0112,0.0686
Itaewon,1120760931778409,0.3699,0.2932,0.1047
Itaewon,1122489462141800,0.1089,0.418,0.1371
Itaewon,1123595932196307,0.1025,0.0026,0.0019
Itaewon,1131301574041721,0.4354,0.0969,0.0368
Itaewon,1135975847690566,0.4517,0.003,0.0377
Itaewon,1148140597044068,0.3621,0.0,0.288
Itaewon,1148423776401421,0.3256,0.3305,0.0563
Itaewon,1150768346504856,0.4078,0.321,0.0668
Itaewon,1151324152636100,0.2729,0.0043,0.1114
Itaewon,1152975293039886,0.504,0.0009,0.0385
Itaewon,1153496016239218,0.2637,0.0174,0.1366
Itaewon,1154398059326122,0.4401,0.0039,0.0143
Itaewon,1163012695483057,0.2765,0.0198,0.0609
Itaewon,1163713962076436,0.2618,0.0228,0.0504
Itaewon,1164433821358911,0.2049,0.4818,0.0419
Itaewon,1164568048310089,0.2896,0.0218,0.0961
Itaewon,1168638970275564,0.5982,0.0494,0.0327
Itaewon,1169565528056609,0.4177,0.0004,0.1162
Itaewon,1173467014243680,0.314,0.0184,0.0197
Itaewon,1175671090440700,0.247,0.2782,0.0225
Itaewon,1176797190010578,0.1348,0.5181,0.0884
Itaewon,1181050133577217,0.2958,0.0229,0.0524
Itaewon,1181297613454129,0.5606,0.0031,0.1613
Itaewon,1183893150402464,0.3337,0.0027,0.2861
Itaewon,1189855462046189,0.0509,0.0065,0.0011
Itaewon,1192000525618211,0.5389,0.0041,0.1728
Itaewon,1192274715112089,0.1167,0.0135,0.2283
Itaewon,1192336815297868,0.5325,0.2,0.0214
Itaewon,1192965432289502,0.6205,0.0325,0.0495
Itaewon,1193294025003928,0.0738,0.0642,0.005
Itaewon,1193555315719632,0.3762,0.0,0.072
Itaewon,1194435464893419,0.709,0.0023,0.0142
Itaewon,1201251957974646,0.0179,0.0278,0.2106
Itaewon,1204358947601111,0.491,0.0756,0.1078
Itaewon,1205729181255264,0.304,0.07,0.2107
Itaewon,1205736847589689,0.444,0.4227,0.0447
Itaewon,1208752310594693,0.725,0.006,0.0373
Itaewon,1213974023737903,0.7363,0.0309,0.0364
Itaewon,1218319845993320,0.2674,0.0688,0.1219
Itaewon,1222832984800016,0.4508,0.0406,0.032
Itaewon,1234741421596018,0.8079,0.0024,0.0324
Itaewon,1257787641521673,0.0161,0.2363,0.6257
Itaewon,129201422528678,0.5846,0.274,0.012
Itaewon,1308313686943375,0.2473,0.0124,0.1882
Itaewon,1318892236087918,0.6652,0.0,0.0503
Itaewon,1325309771736753,0.189,0.0055,0.1622
Itaewon,1326268271977414,0.2873,0.021,0.0332
Itaewon,1339087284049747,0.7353,0.0009,0.0106
Itaewon,1358404928693426,0.6592,0.0299,0.0568
Itaewon,1362814397946400,0.3264,0.0249,0.4794
Itaewon,1364216734138904,0.0261,0.1567,0.6756
Itaewon,1364936341515836,0.6702,0.0278,0.0363
Itaewon,1365055921609628,0.0466,0.0463,0.0074
Itaewon,1370520603642892,0.2101,0.2425,0.087
Itaewon,1373908723739678,0.3847,0.0665,0.2032
Itaewon,1381508463023172,0.3678,0.0,0.3675
Itaewon,1386098075104103,0.2862,0.0316,0.1484
Itaewon,1388338905180379,0.2982,0.2116,0.0574
Itaewon,1409416100202478,0.2859,0.0005,0.3041
Itaewon,1410243713685734,0.4917,0.0003,0.026
Itaewon,1418486975519218,0.5275,0.0141,0.0755
Itaewon,1422024988962980,0.288,0.0236,0.1689
Itaewon,1433828203913984,0.1177,0.1647,0.0618
Itaewon,1434240224650457,0.2903,0.026,0.1545
Itaewon,145153157504901,0.6621,0.0191,0.0435
Itaewon,1456813818536685,0.1612,0.4998,0.036
Itaewon,1458296684797003,0.5112,0.063,0.0842
Itaewon,147275714072275,0.4983,0.0241,0.0932
Itaewon,1484631365474773,0.4102,0.3496,0.0096
Itaewon,1496281240992233,0.2627,0.3605,0.0935
Itaewon,1522690835270302,0.5829,0.167,0.0231
Itaewon,152563410137664,0.5375,0.0212,0.1847
Itaewon,1527822024806152,0.0772,0.3097,0.3149
Itaewon,1529692461223524,0.0535,0.0306,0.2832
Itaewon,1559549791196287,0.1329,0.1672,0.4931
Itaewon,1568034960425430,0.3457,0.0471,0.2803
Itaewon,1577464669624033,0.5372,0.0072,0.1886
Itaewon,1595496440983000,0.6638,0.0224,0.0181
Itaewon,1607073570131658,0.2449,0.4192,0.0509
Itaewon,1614914329298901,0.3966,0.0602,0.3674
Itaewon,1672560866689253,0.2626,0.0301,0.2116
Itaewon,1680532812881550,0.2622,0.0177,0.0417
Itaewon,1681278719139167,0.0035,0.6796,0.0
Itaewon,1682113859376480,0.7444,0.0103,0.0028
Itaewon,1690092605227908,0.2687,0.017,0.3265
Itaewon,1691726381580669,0.0441,0.0743,0.159
Itaewon,1702775403666951,0.6485,0.0359,0.0048
Itaewon,1711878819538626,0.693,0.0317,0.0106
Itaewon,1724380961626060,0.7012,0.0116,0.0
Itaewon,1730256677842344,0.6653,0.0695,0.0242
Itaewon,1731378357666334,0.4059,0.0316,0.0871
Itaewon,1737599343468007,0.1872,0.0002,0.1155
Itaewon,1740505313023639,0.0412,0.0148,0.0095
Itaewon,1767673823813673,0.6735,0.0297,0.0187
Itaewon,1785640962282123,0.419,0.0393,0.1482
Itaewon,1799659540888107,0.0878,0.0006,0.0784
Itaewon,1807006853144412,0.3276,0.374,0.0211
Itaewon,1819315375256303,0.4709,0.0005,0.0245
Itaewon,1850505515785381,0.6099,0.0021,0.0763
Itaewon,1853124212183028,0.3506,0.002,0.2857
Itaewon,1869889250504090,0.5715,0.0014,0.1734
Itaewon,189559176334955,0.5079,0.0383,0.215
Itaewon,1899634087515845,0.2844,0.1469,0.0
Itaewon,1902627820273851,0.2268,0.0197,0.1983
Itaewon,1903050096783052,0.0292,0.0029,0.0154
Itaewon,1914832142012812,0.7055,0.0325,0.0297
Itaewon,192083329888069,0.225,0.1725,0.4415
Itaewon,196481413232792,0.0534,0.2417,0.6078
Itaewon,1979185499143290,0.7034,0.0003,0.059
Itaewon,201240555143450,0.3372,0.1213,0.0204
Itaewon,2068599666990984,0.3026,0.0683,0.208
Itaewon,2088717331513059,0.2126,0.5343,0.0006
Itaewon,2095250310876291,0.1521,0.0399,0.1396
Itaewon,2106386159782379,0.5837,0.0262,0.0145
Itaewon,2116829682096642,0.4516,0.0027,0.2245
Itaewon,2133869990402794,0.7256,0.0168,0.0152
Itaewon,2169846220112564,0.3799,0.0,0.0342
Itaewon,2308661909514099,0.3521,0.0005,0.2155
Itaewon,238605111390096,0.2589,0.2465,0.1424
Itaewon,2454776708201509,0.3126,0.02,0.069
Itaewon,245896047949410,0.0933,0.1781,0.6039
Itaewon,247662071127941,0.1786,0.153,0.5019
Itaewon,251277790765399,0.0278,0.1984,0.6563
Itaewon,2526007804361119,0.4618,0.1222,0.0129
Itaewon,2542108999270365,0.0232,0.2087,0.5826
Itaewon,2570610209813264,0.368,0.0322,0.1932
Itaewon,262069980297819,0.513,0.1411,0.0166
Itaewon,269772674884891,0.5826,0.0236,0.0239
Itaewon,271409734695388,0.6143,0.009,0.0523
Itaewon,2767388516800991,0.569,0.2278,0.0003
Itaewon,280753074284420,0.076,0.2771,0.5533
Itaewon,285060693287423,0.6712,0.0065,0.0517
Itaewon,2859284354289949,0.4484,0.0742,0.0468
Itaewon,2871563226340447,0.275,0.0001,0.0535
Itaewon,2880614648933572,0.3568,0.0338,0.0533
Itaewon,2889133864575851,0.3129,0.0446,0.0818
Itaewon,289423349325763,0.61,0.0412,0.0567
Itaewon,28952514577697890,0.2586,0.0201,0.1076
Itaewon,29118605254391430,0.5926,0.0,0.0082
Itaewon,302207534831643,0.5149,0.04,0.0531
Itaewon,3057843807698734,0.3972,0.0001,0.2692
Itaewon,307895588947712,0.2349,0.0042,0.0083
Itaewon,3143784159096307,0.7951,0.0023,0.0463
Itaewon,318628232939204,0.3826,0.306,0.0822
Itaewon,320597387767518,0.3927,0.24,0.0523
Itaewon,324532419040720,0.3021,0.2037,0.2856
Itaewon,327062118834830,0.6372,0.0116,0.0728
Itaewon,3412771582358527,0.0888,0.1044,0.1894
Itaewon,3469282206705948,0.0289,0.0539,0.125
Itaewon,3523847111276331,0.051,0.2466,0.5894
Itaewon,3604806429820235,0.5283,0.0863,0.0984
Itaewon,3660045844324765,0.2993,0.3176,0.0878
Itaewon,3662765520495588,0.3021,0.0695,0.077
Itaewon,372009034106378,0.4175,0.3133,0.0184
Itaewon,3748304642120592,0.3752,0.1524,0.0645
Itaewon,3864452890437793,0.2965,0.0628,0.2355
Itaewon,395147289536377,0.0319,0.2803,0.0917
Itaewon,396837906002079,0.1012,0.5644,0.0134
Itaewon,3977646859223433,0.2503,0.018,0.1141
Itaewon,4112297765658687,0.6878,0.0161,0.0091
Itaewon,421190347403855,0.2278,0.4386,0.0177
Itaewon,421726567531695,0.0806,0.0166,0.2183
Itaewon,4224522840901914,0.4679,0.083,0.026
Itaewon,422920390570263,0.2538,0.1539,0.0629
Itaewon,427018650473168,0.2932,0.03,0.136
Itaewon,431634293084669,0.0973,0.1859,0.0574
Itaewon,435226052612096,0.3761,0.1467,0.0146
Itaewon,437852802718062,0.7606,0.0124,0.0084
Itaewon,441914145614743,0.4509,0.0024,0.2357
Itaewon,442157898749702,0.3946,0.292,0.0124
Itaewon,443483445110343,0.1897,0.0198,0.3021
Itaewon,444267774903961,0.2708,0.0871,0.2339
Itaewon,449063844544131,0.204,0.0016,0.1431
Itaewon,449631507773098,0.5732,0.0925,0.0292
Itaewon,451647364636268,0.7195,0.0028,0.0063
Itaewon,453989377240531,0.2581,0.126,0.0801
Itaewon,456336523647293,0.0786,0.0135,0.0198
Itaewon,464180311311620,0.3983,0.1699,0.1062
Itaewon,466444629881624,0.234,0.0164,0.1594
Itaewon,468225172422585,0.0656,0.0222,0.4396
Itaewon,470265167646835,0.4189,0.0229,0.0354
Itaewon,473602715074341,0.2049,0.5227,0.0223
Itaewon,474068115123104,0.4965,0.0712,0.0875
Itaewon,474129552320127,0.6781,0.0044,0.0234
Itaewon,482102612941029,0.398,0.0426,0.1041
Itaewon,483644878013504,0.3112,0.0002,0.4699
Itaewon,496239536083713,0.2967,0.4004,0.049
Itaewon,496973326814748,0.1907,0.0483,0.2014
Itaewon,501970442747009,0.4343,0.0,0.0763
Itaewon,502043932963216,0.3392,0.0014,0.3145
Itaewon,509254006880143,0.543,0.2823,0.0154
Itaewon,510748460296617,0.7535,0.0153,0.095
Itaewon,522478245798751,0.4277,0.0008,0.1753
Itaewon,531486589965507,0.2871,0.0201,0.0551
Itaewon,538798852590401,0.6914,0.0466,0.0193
Itaewon,542921795492965,0.724,0.0239,0.0063
Itaewon,543994976593154,0.4421,0.205,0.0182
Itaewon,558423043213893,0.4816,0.1049,0.0552
Itaewon,558475228474420,0.4533,0.2635,0.0245
Itaewon,574218948967876,0.5277,0.0,0.0429
Itaewon,583404786385819,0.6497,0.0114,0.0123
Itaewon,586986340468231,0.6463,0.0316,0.0021
Itaewon,596362705575396,0.1499,0.135,0.5911
Itaewon,611015908599595,0.7358,0.0061,0.0342
Itaewon,614316974731789,0.35,0.0424,0.2067
Itaewon,614823638133288,0.5094,0.0043,0.146
Itaewon,615282230639397,0.1594,0.1376,0.5643
Itaewon,623620749511764,0.3528,0.0005,0.0073
Itaewon,635567632541194,0.312,0.0002,0.3013
Itaewon,636490295767851,0.2141,0.0336,0.2248
Itaewon,642804414999532,0.3056,0.0179,0.0425
Itaewon,648047944493126,0.4529,0.2847,0.0652
Itaewon,651317874105412,0.5209,0.0002,0.0508
Itaewon,653813093715377,0.269,0.0189,0.0838
Itaewon,655972000416131,0.714,0.0803,0.0089
Itaewon,659650180080182,0.2727,0.0191,0.2115
Itaewon,669437228999667,0.7866,0.0001,0.0323
Itaewon,671365595446553,0.2533,0.0221,0.1456
Itaewon,671954232171653,0.3059,0.0302,0.1837
Itaewon,682811054265498,0.6751,0.002,0.0109
Itaewon,689001830118227,0.54,0.0022,0.2439
Itaewon,691915526501159,0.6599,0.0191,0.0119
Itaewon,695395149477513,0.2449,0.0225,0.276
Itaewon,7111773462256158,0.1879,0.5048,0.0676
Itaewon,730878066171138,0.4328,0.0002,0.237
Itaewon,737009766994933,0.2581,0.396,0.0594
Itaewon,747836430760350,0.085,0.0029,0.004
Itaewon,7579197168825735,0.1845,0.0017,0.043
Itaewon,758758771508476,0.549,0.0851,0.0622
Itaewon,7590771220971081,0.3003,0.1139,0.0541
Itaewon,7617831465000229,0.2566,0.3529,0.0037
Itaewon,7645896308830210,0.1675,0.5105,0.0248
Itaewon,769883875299311,0.2478,0.0817,0.0431
Itaewon,769929578666992,0.0681,0.0207,0.2901
Itaewon,772911768373254,0.4708,0.2007,0.0321
Itaewon,772963614822785,0.4422,0.0845,0.071
Itaewon,780231660925296,0.5937,0.061,0.092
Itaewon,783054660609391,0.4296,0.3457,0.0187
Itaewon,7852080124858887,0.1462,0.006,0.0071
Itaewon,807222476876057,0.3781,0.4519,0.0068
Itaewon,811659133102529,0.5959,0.0203,0.0353
Itaewon,814462650629857,0.2746,0.358,0.0664
Itaewon,814614073616898,0.0375,0.0129,0.3463
Itaewon,815940477167214,0.223,0.4562,0.0349
Itaewon,820230369660300,0.6156,0.1885,0.0365
Itaewon,822735586421633,0.191,0.0965,0.0238
Itaewon,824910396244659,0.6254,0.1547,0.0065
Itaewon,828394504427630,0.074,0.2556,0.0925
Itaewon,838076931708185,0.178,0.0072,0.0619
Itaewon,8455247047825019,0.234,0.298,0.0745
Itaewon,848438417306606,0.2347,0.1441,0.0017
Itaewon,851482813779102,0.4412,0.0028,0.2809
Itaewon,872824443293032,0.4602,0.1505,0.0458
Itaewon,896394584252959,0.2614,0.4156,0.0449
Itaewon,896884298280689,0.2088,0.1942,0.3864
Itaewon,899994607727310,0.0388,0.2333,0.6407
Itaewon,901754005291943,0.6502,0.0215,0.0232
Itaewon,9017833174993751,0.3665,0.0001,0.2113
Itaewon,9102009826595286,0.2504,0.0014,0.4275
Itaewon,915147686384463,0.1155,0.2041,0.5686
Itaewon,925790839445004,0.3772,0.0251,0.2063
Itaewon,9268242593282853,0.4567,0.2889,0.0278
Itaewon,9292844240799674,0.4602,0.1942,0.0838
Itaewon,931230472423429,0.5862,0.0,0.0189
Itaewon,942082987908213,0.2126,0.0039,0.5458
Itaewon,948071827536658,0.6075,0.0297,0.0397
Itaewon,959088476010934,0.5608,0.1163,0.0327
Itaewon,961988935612425,0.0502,0.0748,0.0934
Itaewon,962270391210707,0.6578,0.0066,0.1054
Itaewon,962944745572051,0.1189,0.1386,0.1635
Itaewon,967924130645775,0.6833,0.1634,0.0095
Itaewon,973189371613350,0.5504,0.0476,0.0145
Itaewon,975000444285874,0.0794,0.0024,0.0873
Itaewon,9801586009873971,0.3332,0.0034,0.3094
Itaewon,986150532690404,0.2097,0.0026,0.013
Itaewon,988391169460966,0.0345,0.056,0.1047
Itaewon,988952092785797,0.2823,0.02,0.2286
Itaewon,993039665608632,0.2826,0.025,0.1515
Itaewon,993208388897314,0.2608,0.0171,0.2019
Itaewon,996145565773428,0.3999,0.0007,0.0882
Itaewon,997251741744476,0.011,0.0063,0.24
Jeju City,1000164818200482,0.2413,0.0895,0.4878
Jeju City,1002019194632749,0.2498,0.0185,0.3114
Jeju City,1007197617595630,0.252,0.012,0.334
Jeju City,1011274500516339,0.1956,0.0025,0.4555
Jeju City,1011315277077961,0.2209,0.0103,0.363
Jeju City,1012650148368840,0.3756,0.015,0.037
Jeju City,1014709450097038,0.2141,0.0186,0.4084
Jeju City,1019524203091031,0.177,0.0058,0.4428
Jeju City,1036244751451487,0.1669,0.0489,0.6609
Jeju City,1082699852818620,0.1715,0.0104,0.4265
Jeju City,1084864499478345,0.1998,0.0285,0.6504
Jeju City,1089317705505924,0.18,0.0649,0.5601
Jeju City,1090570192004637,0.2623,0.0101,0.2868
Jeju City,1090970321962923,0.1816,0.1431,0.4917
Jeju City,1098474524567394,0.1826,0.0095,0.4222
Jeju City,1099861531318698,0.1587,0.0319,0.6814
Jeju City,1099899827982062,0.2097,0.0034,0.4567
Jeju City,1100121027947965,0.2274,0.3225,0.1962
Jeju City,1102736601020021,0.2056,0.0238,0.334
Jeju City,1104867060793484,0.1362,0.0586,0.6102
Jeju City,1111609820067660,0.1884,0.0089,0.4271
Jeju City,1117234776311126,0.2525,0.0442,0.503
Jeju City,1125001638741142,0.2635,0.0353,0.5424
Jeju City,1125842812016098,0.2257,0.0145,0.4222
Jeju City,1127418818380077,0.1932,0.0029,0.4496
Jeju City,1129617458238059,0.3076,0.099,0.2716
Jeju City,1134463404570686,0.2134,0.0785,0.5644
Jeju City,1135175554472965,0.1589,0.0122,0.4494
Jeju City,1135720270913074,0.2131,0.0128,0.3804
Jeju City,1137157554269409,0.2613,0.0092,0.3163
Jeju City,1138843517246184,0.1928,0.0494,0.5089
Jeju City,1139536403979857,0.1602,0.0117,0.396
Jeju City,1141050376939829,0.1826,0.0056,0.45
Jeju City,1142663916859113,0.1812,0.182,0.4344
Jeju City,1144490403528767,0.1684,0.0085,0.3563
Jeju City,1154721709137264,0.1853,0.0314,0.662
Jeju City,1162035372100115,0.1953,0.1772,0.2803
Jeju City,1163441194672028,0.1583,0.0121,0.4463
Jeju City,1165004877856258,0.203,0.0041,0.393
Jeju City,1167136077806143,0.2162,0.0193,0.3093
Jeju City,1168341744205314,0.1574,0.0173,0.3174
Jeju City,1169235557590856,0.1663,0.006,0.4519
Jeju City,1170038305196994,0.2379,0.0344,0.1239
Jeju City,1170249603981417,0.188,0.0804,0.5961
Jeju City,1172540833784890,0.186,0.0187,0.404
Jeju City,1174379303728963,0.2971,0.0707,0.3623
Jeju City,1181211112850102,0.2114,0.0071,0.3794
Jeju City,1184097726278964,0.1762,0.0128,0.429
Jeju City,1184148632999858,0.1826,0.0169,0.312
Jeju City,1185951865734196,0.21,0.0065,0.4005
Jeju City,1191320651784426,0.1181,0.0543,0.5041
Jeju City,1198108631600374,0.2071,0.0056,0.4133
Jeju City,1201247534201018,0.2974,0.0986,0.287
Jeju City,1205096857125545,0.2512,0.0092,0.3234
Jeju City,1209321146717549,0.2434,0.0115,0.324
Jeju City,1250029616907316,0.2455,0.0264,0.1032
Jeju City,1263382362649875,0.6341,0.0102,0.0124
Jeju City,1268918121686248,0.2749,0.0032,0.1854
Jeju City,1280167856274116,0.1795,0.0048,0.4494
Jeju City,1283767880104489,0.4799,0.0834,0.0107
Jeju City,1313382069582202,0.1757,0.0049,0.4401
Jeju City,1328335372500466,0.6323,0.0521,0.0056
Jeju City,1341198049890930,0.1722,0.0098,0.3719
Jeju City,1351508095519014,0.2616,0.009,0.3512
Jeju City,1382278565900721,0.1802,0.0039,0.4448
Jeju City,1391969691517075,0.2501,0.0053,0.396
Jeju City,1396100451093033,0.1945,0.0111,0.4239
Jeju City,1398095014306219,0.2195,0.0069,0.3804
Jeju City,1402252823625655,0.2655,0.0085,0.2931
Jeju City,1403892866995036,0.322,0.1838,0.2072
Jeju City,1409945713214224,0.2271,0.0031,0.3876
Jeju City,1411462892847454,0.171,0.004,0.4324
Jeju City,1424270251539147,0.1756,0.0452,0.6383
Jeju City,1454411158613333,0.1347,0.0155,0.6528
Jeju City,1458508368362141,0.2635,0.0078,0.3186
Jeju City,1460147588929652,0.5967,0.0061,0.0059
Jeju City,1465247077750715,0.1883,0.0297,0.4935
Jeju City,1468941607632460,0.5256,0.0675,0.0051
Jeju City,1475156153083233,0.1513,0.0569,0.6602
Jeju City,1480011339616051,0.2446,0.1094,0.375
Jeju City,1480582852896083,0.1848,0.0474,0.6235
Jeju City,1495143884438933,0.1686,0.0053,0.4521
Jeju City,1500823943862460,0.1754,0.0064,0.4405
Jeju City,1502083373995651,0.1887,0.03,0.6581
Jeju City,1506202153635814,0.205,0.0113,0.3589
Jeju City,1507753873486171,0.2423,0.0118,0.3288
Jeju City,1513600759368581,0.2576,0.0136,0.2926
Jeju City,1528405054375461,0.1649,0.0248,0.4556
Jeju City,1533625213882253,0.2399,0.2471,0.1928
Jeju City,1568655927012580,0.168,0.0179,0.4397
Jeju City,1578947502647288,0.2658,0.1066,0.3197
Jeju City,1580413323732023,0.6407,0.0115,0.0113
Jeju City,1584209329093208,0.1959,0.0054,0.4669
Jeju City,1585251578927087,0.1657,0.0523,0.6263
Jeju City,1589190302156487,0.5737,0.0033,0.0058
Jeju City,1600567187344616,0.1756,0.1096,0.5028
Jeju City,1604651613667748,0.1872,0.0115,0.4202
Jeju City,1605018120323279,0.2126,0.1088,0.3651
Jeju City,1607347726770977,0.1775,0.0083,0.4341
Jeju City,1611902476536552,0.6612,0.046,0.0019
Jeju City,1613264879966970,0.2538,0.0376,0.0945
Jeju City,1616594352497870,0.1791,0.0065,0.4275
Jeju City,1621155798660838,0.1569,0.0121,0.4458
Jeju City,1622471445203334,0.2258,0.0072,0.3351
Jeju City,1631470891449122,0.2737,0.029,0.1121
Jeju City,1636216537634362,0.6881,0.0672,0.0115
Jeju City,1646969766351919,0.4723,0.0055,0.0141
Jeju City,1666289344670240,0.6078,0.0173,0.0026
Jeju City,1678942713454558,0.3662,0.0262,0.0199
Jeju City,1691345768557207,0.4858,0.0012,0.0035
Jeju City,1716805109676556,0.2484,0.0128,0.1104
Jeju City,1726649134411145,0.1721,0.0064,0.4452
Jeju City,1730028874188658,0.2136,0.1031,0.4831
Jeju City,1771355760026548,0.2506,0.0111,0.3142
Jeju City,1774313903062466,0.1634,0.0176,0.6945
Jeju City,1793378151182939,0.3541,0.1726,0.2202
Jeju City,1809328916233631,0.2309,0.0136,0.3388
Jeju City,1843017856137959,0.1946,0.0032,0.4417
Jeju City,1893162157867678,0.221,0.0108,0.3457
Jeju City,1908551456460304,0.6344,0.0354,0.0004
Jeju City,1941507149958080,0.1913,0.1245,0.3633
Jeju City,1965723067179628,0.223,0.0041,0.3917
Jeju City,2076162196089316,0.173,0.0057,0.4425
Jeju City,2113719428984357,0.1765,0.0048,0.4509
Jeju City,2207870886242604,0.2052,0.0111,0.4216
Jeju City,2210606176434555,0.3472,0.038,0.1105
Jeju City,2224282221253325,0.1777,0.0114,0.4414
Jeju City,2350277822133476,0.3651,0.0147,0.0684
Jeju City,2399519986905989,0.1917,0.139,0.4287
Jeju City,2410514809337199,0.1813,0.0149,0.413
Jeju City,2420550834818019,0.1866,0.0358,0.5478
Jeju City,2480183678833970,0.1759,0.0047,0.4547
Jeju City,2493288307770824,0.2705,0.0083,0.0609
Jeju City,2513536879063907,0.5322,0.0069,0.0158
Jeju City,2520643148120192,0.173,0.006,0.4534
Jeju City,2537826999744087,0.196,0.006,0.4635
Jeju City,26291051063924411,0.2414,0.0135,0.155
Jeju City,2667834196729178,0.1529,0.011,0.406
Jeju City,272849279233126,0.1928,0.1699,0.4434
Jeju City,27406615982275061,0.2444,0.0494,0.1359
Jeju City,2804498106372506,0.2556,0.0909,0.3492
Jeju City,2898260047173351,0.4467,0.0191,0.082
Jeju City,290405660808020,0.2077,0.0155,0.3259
Jeju City,290433927368838,0.2635,0.0165,0.3495
Jeju City,293288647152246,0.2866,0.0207,0.4607
Jeju City,2945115182297207,0.1622,0.0069,0.4508
Jeju City,296879260164448,0.1512,0.0089,0.4557
Jeju City,298759496516893,0.1834,0.0096,0.3617
Jeju City,303379002821913,0.1752,0.0054,0.4477
Jeju City,312576448550341,0.2033,0.0218,0.3529
Jeju City,315458448238268,0.1217,0.0826,0.3795
Jeju City,319389534368772,0.2176,0.0059,0.4403
Jeju City,3248566685288159,0.2229,0.0396,0.5382
Jeju City,329536336903626,0.175,0.0115,0.4391
Jeju City,3315280745441946,0.275,0.008,0.3254
Jeju City,334278576079232,0.1862,0.0064,0.4621
Jeju City,3356364127996643,0.18,0.0079,0.437
Jeju City,336504452408658,0.2167,0.1262,0.3942
Jeju City,336862712834790,0.1581,0.012,0.4455
Jeju City,338157498993947,0.2257,0.0055,0.4429
Jeju City,346144038109006,0.1803,0.0167,0.4203
Jeju City,3468780629932770,0.3309,0.0235,0.3726
Jeju City,348210658253727,0.2748,0.2047,0.1954
Jeju City,3524458974366138,0.1736,0.0081,0.4486
Jeju City,3533110550335319,0.2375,0.0783,0.5326
Jeju City,354020111023355,0.1869,0.0139,0.5366
Jeju City,3567908553519483,0.1713,0.0034,0.4498
Jeju City,3606540696230970,0.2547,0.0133,0.3694
Jeju City,3617404045256170,0.2306,0.0081,0.3323
Jeju City,362438586337837,0.2353,0.0086,0.3317
Jeju City,3627239517538452,0.2519,0.0699,0.4527
Jeju City,3652650371662696,0.2073,0.0047,0.384
Jeju City,3709433412539402,0.3042,0.0227,0.0278
Jeju City,372686125086131,0.2148,0.0605,0.4453
Jeju City,3728406754104854,0.1793,0.1398,0.4583
Jeju City,373685655092381,0.1553,0.0115,0.3639
Jeju City,3833013413637046,0.2245,0.0177,0.4164
Jeju City,3971996829710488,0.195,0.0115,0.3684
Jeju City,400592102954566,0.1685,0.006,0.4437
Jeju City,404248649181281,0.2635,0.0081,0.3475
Jeju City,408218032104933,0.1535,0.0048,0.4475
Jeju City,410091891845166,0.1768,0.0083,0.4591
Jeju City,411399541733780,0.1949,0.0042,0.446
Jeju City,416135744561974,0.1795,0.0084,0.4608
Jeju City,416154771211288,0.1938,0.0028,0.4561
Jeju City,416694674482700,0.2496,0.0092,0.2867
Jeju City,417496214558966,0.1946,0.0313,0.6501
Jeju City,417849847773257,0.2022,0.1115,0.3064
Jeju City,423454297143741,0.2429,0.0091,0.2958
Jeju City,423769620597999,0.2978,0.1837,0.2297
Jeju City,425931603398278,0.2147,0.0039,0.4434
Jeju City,426642380117408,0.2183,0.0074,0.4321
Jeju City,427970160097387,0.1906,0.2098,0.3803
Jeju City,429111863064615,0.2656,0.0078,0.3514
Jeju City,432194626111856,0.1817,0.0084,0.4298
Jeju City,434256112559991,0.1726,0.0045,0.4383
Jeju City,436110115688741,0.2376,0.0889,0.2534
Jeju City,437070575691740,0.155,0.0064,0.4511
Jeju City,4396375380642441,0.3624,0.0026,0.0632
Jeju City,444144484672627,0.2408,0.0999,0.3808
Jeju City,446048358004925,0.1581,0.0088,0.4549
Jeju City,446836624543601,0.1998,0.0345,0.6425
Jeju City,448057817695107,0.1813,0.1647,0.4259
Jeju City,458024896784935,0.173,0.0034,0.4329
Jeju City,463931842762803,0.1603,0.0076,0.4568
Jeju City,468329098946178,0.2146,0.0072,0.4363
Jeju City,471473711989652,0.1596,0.0157,0.4401
Jeju City,485651297150703,0.1495,0.0108,0.4263
Jeju City,493463103009047,0.1935,0.0034,0.4479
Jeju City,494904602884396,0.1674,0.0162,0.4182
Jeju City,640888874893681,0.3422,0.1367,0.2624
Jeju City,669170932011572,0.1771,0.0116,0.4564
Jeju City,7099608430143632,0.1597,0.0115,0.4492
Jeju City,7180549405386865,0.1576,0.1943,0.327
Jeju City,7191304170974302,0.1579,0.0054,0.4542
Jeju City,7243292642449477,0.1764,0.0049,0.4571
Jeju City,725599836158036,0.1699,0.0214,0.6036
Jeju City,728374699234059,0.1557,0.0082,0.4543
Jeju City,7367305873385374,0.2083,0.0269,0.4691
Jeju City,7395837990492490,0.3085,0.0403,0.4826
Jeju City,741503097845838,0.4036,0.0948,0.2464
Jeju City,7418381501588748,0.2649,0.1508,0.3372
Jeju City,7422845671144182,0.1853,0.0067,0.4301
Jeju City,743394374607795,0.1579,0.0123,0.4455
Jeju City,744104634586793,0.1641,0.0079,0.4498
Jeju City,7467856589995667,0.1482,0.0048,0.4439
Jeju City,747199434253187,0.1658,0.0042,0.6318
Jeju City,748004464074421,0.2561,0.0106,0.3726
Jeju City,7483738948400014,0.2748,0.0486,0.5269
Jeju City,748452677467506,0.3335,0.0587,0.4379
Jeju City,749888743836074,0.2383,0.0098,0.3114
Jeju City,751766193813261,0.1957,0.0047,0.4118
Jeju City,7534020053310192,0.1904,0.0719,0.6245
Jeju City,753737940241374,0.2691,0.0096,0.2853
Jeju City,754606103501182,0.2595,0.0102,0.3416
Jeju City,755308420080069,0.3913,0.1623,0.2195
Jeju City,756852426584391,0.1787,0.0357,0.6722
Jeju City,757836799820948,0.1697,0.0618,0.6187
Jeju City,758710709574206,0.2073,0.0638,0.5484
Jeju City,7695201873881060,0.1761,0.0072,0.4515
Jeju City,772626128347903,0.1752,0.0111,0.4361
Jeju City,7828347013893095,0.1636,0.0069,0.418
Jeju City,788683846544859,0.1905,0.0176,0.3955
Jeju City,796169502609607,0.1948,0.0054,0.466
Jeju City,797374112300414,0.2353,0.1674,0.4307
Jeju City,798181085744052,0.1922,0.0108,0.4277
Jeju City,800979774989314,0.1175,0.0213,0.5495
Jeju City,801465495247820,0.1993,0.0054,0.4335
Jeju City,804301044750205,0.1967,0.0031,0.4458
Jeju City,8062337990452199,0.1918,0.0034,0.4504
Jeju City,808620904109718,0.1953,0.003,0.4526
Jeju City,812668644123312,0.2416,0.0143,0.3139
Jeju City,813413650683612,0.1193,0.0758,0.3936
Jeju City,813882757319194,0.226,0.0124,0.3624
Jeju City,818868733482975,0.1842,0.0059,0.4551
Jeju City,822102306441465,0.1834,0.0082,0.4616
Jeju City,827193659938358,0.6475,0.0758,0.0203
Jeju City,829508375503071,0.1569,0.0122,0.446
Jeju City,829841385863173,0.1756,0.0107,0.4387
Jeju City,841707387993292,0.1595,0.0087,0.4553
Jeju City,851758953444475,0.2692,0.0101,0.3691
Jeju City,861094929188199,0.1755,0.0131,0.4395
Jeju City,865928981937541,0.2254,0.0117,0.3144
Jeju City,880062850548690,0.1909,0.0041,0.4479
Jeju City,884913070069682,0.1848,0.0089,0.4302
Jeju City,904057541480365,0.1647,0.008,0.4455
Jeju City,905597574658001,0.1774,0.0066,0.4389
Jeju City,943836280856525,0.1802,0.006,0.4256
Jeju City,946287483951958,0.218,0.0049,0.4009
Jeju City,947058013870693,0.2637,0.0583,0.5684
Jeju City,947918353478920,0.1936,0.1464,0.3463
Jeju City,950079056658073,0.3014,0.2319,0.1756
Jeju City,950135123453018,0.222,0.1163,0.4696
Jeju City,951241223164035,0.1828,0.0196,0.4081
Jeju City,953181189694973,0.1714,0.0341,0.5223
Jeju City,954728170871985,0.6198,0.0114,0.0002
Jeju City,955198906247251,0.271,0.0094,0.3079
Jeju City,958097402614411,0.2012,0.0805,0.407
Jeju City,958460242487120,0.1919,0.0977,0.5729
Jeju City,958929605613748,0.2343,0.0179,0.5814
Jeju City,959818372483310,0.2571,0.0103,0.3628
Jeju City,960292575633015,0.1218,0.0208,0.5456
Jeju City,962764181842351,0.2517,0.0091,0.2913
Jeju City,964765911716284,0.2302,0.0294,0.5295
Jeju City,965626265346242,0.1568,0.0069,0.4545
Jeju City,966630821753955,0.1981,0.0313,0.5897
Jeju City,970134527496626,0.3285,0.1529,0.2705
Jeju City,970325987635115,0.1768,0.01,0.4575
Jeju City,973281904283679,0.1628,0.0085,0.4534
Jeju City,978787197238781,0.2357,0.0085,0.3352
Jeju City,979072914611918,0.3385,0.0119,0.0715
Jeju City,985106572959603,0.1602,0.0111,0.4459
Jeju City,987442059414588,0.184,0.0084,0.4326
Jeju City,987953125655516,0.1798,0.0461,0.5478
Jeju City,992131768911294,0.1488,0.005,0.4489
Jeju City,993585822345227,0.1969,0.0589,0.4823
Jeju City,994443565435297,0.1505,0.1644,0.3195
Jeju City,994946708138745,0.1609,0.0069,0.4527
Jeju City,997094775182344,0.188,0.0088,0.4176
Jeju City,999276911774138,0.1601,0.0111,0.4486
Jongno,1008667596333876,0.6038,0.043,0.0397
Jongno,1012399185958532,0.4502,0.0062,0.0134
Jongno,1036481684361176,0.1749,0.0008,0.6714
Jongno,1044196393108537,0.5736,0.0042,0.0483
Jongno,1046655233240192,0.5091,0.0013,0.3408
Jongno,1047920279709213,0.3631,0.0004,0.4184
Jongno,1054603392830245,0.3734,0.0009,0.5243
Jongno,1062359277626566,0.6331,0.0558,0.0091
Jongno,1064755780599631,0.542,0.1086,0.0098
Jongno,1068920234677092,0.0993,0.024,0.7003
Jongno,1071117523720008,0.3726,0.0724,0.0625
Jongno,1076851343965741,0.4683,0.0051,0.3071
Jongno,1079675600343873,0.1233,0.0451,0.6434
Jongno,1094159964416020,0.1895,0.017,0.1431
Jongno,1094543087696739,0.413,0.1232,0.0035
Jongno,1097939791672691,0.1057,0.0006,0.762
Jongno,1099572980536766,0.1602,0.5776,0.0297
Jongno,1100331557130312,0.481,0.2302,0.0106
Jongno,1119328828570886,0.5055,0.0705,0.034
Jongno,1128068371010474,0.4501,0.0572,0.0043
Jongno,1144272832688907,0.6352,0.0875,0.0045
Jongno,1165512544543863,0.3682,0.0006,0.4511
Jongno,1168201236941161,0.5135,0.0831,0.0368
Jongno,1174352469671287,0.1845,0.0752,0.0025
Jongno,1175554429554027,0.5037,0.0002,0.0212
Jongno,1175993549585556,0.2357,0.0093,0.0295
Jongno,1191383901315278,0.3325,0.0729,0.0478
Jongno,1192034141231510,0.5617,0.0836,0.0287
Jongno,119776336788160,0.3726,0.0083,0.0071
Jongno,1206622817221965,0.2222,0.003,0.509
Jongno,1215632762922096,0.3779,0.0004,0.4567
Jongno,1223881248630014,0.4811,0.0024,0.3696
Jongno,1224420228878803,0.3668,0.0047,0.3444
Jongno,127958899355853,0.0728,0.0096,0.6041
Jongno,128652939208630,0.4516,0.037,0.0454
Jongno,128753215864866,0.7706,0.0906,0.0021
Jongno,1340206133019395,0.0581,0.0,0.0
Jongno,134272775413958,0.3739,0.0201,0.0016
Jongno,136511885082771,0.567,0.0373,0.034
Jongno,137087651782066,0.2797,0.0666,0.1854
Jongno,1373430839723053,0.4469,0.1345,0.0178
Jongno,1396481560696329,0.4245,0.0147,0.0039
Jongno,1414375168930456,0.4,0.0702,0.1374
Jongno,1425882937763804,0.6535,0.0129,0.0089
Jongno,1428469074470321,0.3396,0.0104,0.3014
Jongno,1433516743658086,0.6125,0.0016,0.028
Jongno,1434465403585806,0.5539,0.0365,0.0181
Jongno,1437306606648969,0.1856,0.0227,0.1881
Jongno,145986750829045,0.0846,0.1878,0.4517
Jongno,147268644040272,0.4385,0.0262,0.0021
Jongno,147963367338195,0.5766,0.0113,0.0213
Jongno,1493155157998468,0.4313,0.0008,0.3247
Jongno,150711673664307,0.4508,0.0046,0.0846
Jongno,150833773712018,0.4962,0.2742,0.0099
Jongno,1553668825537379,0.0996,0.0008,0.7188
Jongno,157594419645499,0.3108,0.0276,0.1806
Jongno,1579401912256958,0.4254,0.1751,0.0234
Jongno,1579818076251021,0.381,0.001,0.3716
Jongno,159354486108860,0.4798,0.0289,0.0465
Jongno,1613344825529247,0.4501,0.0842,0.0103
Jongno,1658766747665951,0.568,0.034,0.0138
Jongno,166069518763634,0.5148,0.0,0.0006
Jongno,1670426836679131,0.6002,0.1253,0.0107
Jongno,167139008697717,0.5147,0.0829,0.0074
Jongno,169582871708316,0.412,0.0375,0.0171
Jongno,170476804949927,0.6248,0.0416,0.0043
Jongno,1720910648706684,0.163,0.0004,0.6884
Jongno,1730159211630084,0.3398,0.0178,0.2856
Jongno,1757542407757419,0.4423,0.1383,0.0185
Jongno,176359664346053,0.4972,0.0609,0.0099
Jongno,1778692433102699,0.5556,0.0014,0.0203
Jongno,178180174160205,0.358,0.1837,0.0035
Jongno,179873760684774,0.5476,0.0307,0.0028
Jongno,179947110654208,0.5801,0.1423,0.0047
Jongno,180434080613303,0.7115,0.0134,0.0012
Jongno,180470643955102,0.3625,0.034,0.0017
Jongno,181409613831941,0.5531,0.0077,0.0025
Jongno,183861480270564,0.5542,0.1214,0.0024
Jongno,1847105835449727,0.6721,0.0727,0.0218
Jongno,187541316531690,0.6237,0.0361,0.0117
Jongno,188298109787830,0.4385,0.0885,0.0039
Jongno,1911228272364827,0.2492,0.101,0.0275
Jongno,191551309349227,0.0994,0.0,0.0
Jongno,193290015856947,0.3259,0.0063,0.043
Jongno,1947969182025111,0.5055,0.0184,0.024
Jongno,1949212235216848,0.3645,0.0085,0.0542
Jongno,195321999085440,0.4102,0.1696,0.0126
Jongno,1960785204373823,0.3186,0.0004,0.408
Jongno,1984371358383304,0.4897,0.0116,0.0721
Jongno,2016338362427886,0.245,0.0135,0.2446
Jongno,203209541407682,0.3281,0.0067,0.2153
Jongno,2033005123507610,0.6264,0.0392,0.0154
Jongno,210811213851774,0.3339,0.0023,0.0303
Jongno,213436620239611,0.1144,0.011,0.34
Jongno,215733569966894,0.3561,0.0083,0.0784
Jongno,218781076367526,0.2185,0.2365,0.0333
Jongno,218791339693959,0.5947,0.0435,0.0095
Jongno,2188052938232110,0.1543,0.0006,0.6399
Jongno,219379989527473,0.707,0.0238,0.0026
Jongno,2196289310507653,0.5962,0.0,0.0327
Jongno,221101202682068,0.6744,0.0483,0.0268
Jongno,2212648798878382,0.3932,0.0208,0.0669
Jongno,222356026316310,0.5228,0.0179,0.0048
Jongno,223443452873336,0.6509,0.0169,0.0251
Jongno,223562726194688,0.393,0.0228,0.0592
Jongno,2296472677375236,0.4423,0.0007,0.4194
Jongno,232442225308871,0.9186,0.0,0.0038
Jongno,240513501200939,0.2907,0.0508,0.4185
Jongno,242214487680010,0.584,0.0041,0.012
Jongno,244136724129692,0.4122,0.0062,0.032
Jongno,260232775798256,0.4124,0.1906,0.0099
Jongno,268510318353083,0.2205,0.0011,0.1254
Jongno,270556681433876,0.589,0.0539,0.0295
Jongno,2707622979512690,0.5889,0.039,0.0022
Jongno,276375757531002,0.0931,0.0257,0.481
Jongno,2766773793633537,0.572,0.1095,0.0
Jongno,2807140096122318,0.3961,0.003,0.2853
Jongno,2825980247715327,0.3367,0.0204,0.0834
Jongno,2836780049779889,0.3725,0.0151,0.1051
Jongno,2842248939374353,0.4584,0.0938,0.0
Jongno,285369109845006,0.1455,0.0167,0.4773
Jongno,285803233203919,0.3782,0.0051,0.0245
Jongno,286151043150116,0.5412,0.0497,0.0392
Jongno,286447912950626,0.2251,0.0037,0.0088
Jongno,286905329701118,0.2862,0.0009,0.1912
Jongno,287066672898041,0.3975,0.0274,0.0166
Jongno,2876586045988987,0.5268,0.0435,0.0139
Jongno,2879726858949773,0.58,0.0068,0.0153
Jongno,2883113685281104,0.5384,0.0,0.0012
Jongno,2892008991086646,0.3428,0.0402,0.005
Jongno,2892989100920489,0.4362,0.0723,0.0426
Jongno,2910408772621280,0.5672,0.0029,0.0203
Jongno,292513925812506,0.0965,0.0001,0.1318
Jongno,292857782428321,0.4346,0.0235,0.0337
Jongno,2929245797225026,0.2734,0.001,0.4695
Jongno,293574605584703,0.4576,0.1149,0.0085
Jongno,293866299104002,0.4082,0.0248,0.0209
Jongno,2939080343080094,0.3683,0.0338,0.0258
Jongno,294383842315014,0.4103,0.0003,0.1335
Jongno,294936868762968,0.5616,0.0067,0.0724
Jongno,295757392117623,0.4627,0.0302,0.0467
Jongno,297497571958298,0.6233,0.0287,0.003
Jongno,2983120788576212,0.3362,0.0118,0.0712
Jongno,298426618392205,0.5482,0.1361,0.0096
Jongno,298967441726311,0.5862,0.0047,0.0114
Jongno,299551905233176,0.4582,0.0067,0.02
Jongno,300390961622907,0.4998,0.001,0.083
Jongno,3011026435806559,0.25,0.0851,0.2153
Jongno,301885851482345,0.4349,0.0069,0.0
Jongno,302373311284988,0.4909,0.2594,0.001
Jongno,308958313939794,0.4305,0.0252,0.0844
Jongno,310258154039916,0.5877,0.0722,0.0034
Jongno,314078656744489,0.4155,0.0198,0.0231
Jongno,317248186499029,0.4738,0.0008,0.0153
Jongno,3173510749508363,0.3822,0.0062,0.0578
Jongno,317855396524670,0.2084,0.0089,0.0958
Jongno,320851576052691,0.4543,0.0573,0.0024
Jongno,321290722687280,0.693,0.0443,0.0003
Jongno,322694664263147,0.0909,0.0015,0.4462
Jongno,328927141993843,0.2716,0.049,0.0528
Jongno,330142148708510,0.4504,0.0148,0.0862
Jongno,333249574813109,0.4311,0.0556,0.0242
Jongno,333571898112409,0.4643,0.0219,0.0529
Jongno,338096504501711,0.3241,0.0639,0.0268
Jongno,3464787767153980,0.2863,0.0003,0.501
Jongno,3471424296292140,0.3318,0.0229,0.1339
Jongno,362658038517121,0.1461,0.0031,0.0141
Jongno,363207005123229,0.6261,0.0942,0.0173
Jongno,364590988292409,0.5916,0.0566,0.0832
Jongno,3675331452721736,0.134,0.002,0.4432
Jongno,370231227878060,0.2549,0.1903,0.0109
Jongno,3720875134707340,0.3929,0.0648,0.0078
Jongno,3873426726219291,0.3468,0.0002,0.4716
Jongno,3888849624562276,0.5446,0.1139,0.0021
Jongno,3927748607303050,0.7321,0.0058,0.0093
Jongno,3930697877008811,0.3191,0.0063,0.0759
Jongno,4015466291880079,0.5275,0.0359,0.0165
Jongno,4021502437931183,0.5726,0.0078,0.002
Jongno,4042580389169370,0.6342,0.0084,0.0296
Jongno,405099622605236,0.1076,0.0015,0.4421
Jongno,426843043217265,0.1156,0.0163,0.6506
Jongno,4309488235770507,0.3939,0.035,0.0249
Jongno,438650555860800,0.358,0.0132,0.3375
Jongno,452652949130176,0.6013,0.0192,0.0161
Jongno,456554952314394,0.5168,0.0093,0.0
Jongno,458472022100924,0.6512,0.1254,0.0017
Jongno,459272148638834,0.5135,0.2353,0.0017
Jongno,460695170296951,0.3303,0.0011,0.5101
Jongno,462641271624127,0.4209,0.0785,0.0292
Jongno,463468398275096,0.4955,0.0017,0.0325
Jongno,467290367902047,0.5287,0.0008,0.0477
Jongno,468619981087410,0.5661,0.0197,0.0017
Jongno,469869494092423,0.1786,0.0018,0.0004
Jongno,470730607316696,0.5728,0.0152,0.0062
Jongno,471372227311024,0.2789,0.0875,0.1071
Jongno,471863140536731,0.5349,0.0087,0.0269
Jongno,471970933918122,0.0907,0.0098,0.5381
Jongno,472699034005235,0.5646,0.0072,0.0128
Jongno,474194273828696,0.4418,0.0821,0.0738
Jongno,474856540503335,0.643,0.0128,0.1119
Jongno,479196933401077,0.632,0.0512,0.0078
Jongno,481329706537059,0.4511,0.0345,0.2436
Jongno,482364839483986,0.425,0.056,0.0
Jongno,482780102957811,0.5184,0.0464,0.0062
Jongno,484736837789667,0.4074,0.0009,0.3923
Jongno,485543552863962,0.3608,0.0062,0.0132
Jongno,490134562130020,0.4617,0.0491,0.0042
Jongno,492266452202517,0.1713,0.0576,0.1493
Jongno,493460781701509,0.3468,0.0251,0.0994
Jongno,495195298347217,0.414,0.0675,0.0
Jongno,495972251442531,0.4762,0.1224,0.0108
Jongno,498531359768917,0.4482,0.0087,0.3431
Jongno,501154434263176,0.5387,0.0075,0.1075
Jongno,502508959342046,0.2998,0.0063,0.4527
Jongno,505088372222841,0.3902,0.0019,0.4002
Jongno,506247157217271,0.4982,0.0108,0.0279
Jongno,506887090502587,0.6437,0.0186,0.0001
Jongno,510964606727235,0.1083,0.0313,0.4887
Jongno,512130689829950,0.1129,0.0217,0.395
Jongno,513450129676493,0.3851,0.0434,0.1691
Jongno,516449882863020,0.173,0.0232,0.2362
Jongno,517453476274105,0.2317,0.047,0.3384
Jongno,517548379619126,0.3903,0.0133,0.0537
Jongno,519121134098643,0.1121,0.014,0.6556
Jongno,521976872158108,0.4628,0.0064,0.2522
Jongno,523615645715653,0.4696,0.0314,0.0136
Jongno,523849345272729,0.2566,0.0984,0.0009
Jongno,525562368822196,0.4144,0.0071,0.0204
Jongno,5305832886156225,0.5591,0.035,0.001
Jongno,532226414457257,0.4215,0.0312,0.0995
Jongno,536103845741416,0.2157,0.0006,0.5933
Jongno,537784494265830,0.488,0.0121,0.0348
Jongno,551039649633723,0.595,0.0326,0.032
Jongno,5522916131115897,0.3067,0.2155,0.0657
Jongno,5526361807434107,0.5379,0.0306,0.0168
Jongno,554373842633528,0.3405,0.0526,0.0469
Jongno,562392204726849,0.2054,0.0004,0.1814
Jongno,562882381345225,0.584,0.0039,0.0848
Jongno,568367087465053,0.2952,0.0068,0.0736
Jongno,569327620697333,0.3797,0.1426,0.2585
Jongno,575145413455425,0.0765,0.0141,0.6139
Jongno,579726516298907,0.7946,0.0007,0.0097
Jongno,582537816057798,0.385,0.0357,0.0
Jongno,600547151340046,0.4563,0.0142,0.0054
Jongno,609296653799250,0.591,0.0323,0.014
Jongno,641517877244146,0.4576,0.1279,0.0258
Jongno,746623252702343,0.5431,0.0181,0.0054
Jongno,756195264935088,0.5938,0.0499,0.02
Jongno,761348387890425,0.601,0.0551,0.0409
Jongno,765104147413114,0.7141,0.1081,0.0148
Jongno,766128314273809,0.4243,0.0279,0.0421
Jongno,773588480003354,0.4797,0.0156,0.0151
Jongno,782963785925072,0.496,0.0055,0.1045
Jongno,785249778786648,0.5569,0.0205,0.0059
Jongno,792082111441945,0.1695,0.1583,0.1884
Jongno,793218408280850,0.3609,0.0307,0.1598
Jongno,794961928080866,0.4139,0.1019,0.0045
Jongno,795581217743773,0.1897,0.0109,0.4238
Jongno,807520800181149,0.6083,0.0167,0.0137
Jongno,809224139700751,0.2098,0.0568,0.0022
Jongno,811620043126921,0.5162,0.0117,0.0269
Jongno,815352172405728,0.2687,0.0066,0.04
Jongno,815846465686422,0.414,0.0203,0.0353
Jongno,816202277377952,0.1065,0.0004,0.443
Jongno,819319309017272,0.2694,0.0058,0.0015
Jongno,821158828821350,0.3561,0.0355,0.0058
Jongno,822747388339416,0.5627,0.2878,0.0062
Jongno,822867163344115,0.2419,0.0004,0.5786
Jongno,823176044966419,0.5999,0.0316,0.0101
Jongno,824869261788887,0.4029,0.0948,0.0006
Jongno,824998556113978,0.365,0.0007,0.4112
Jongno,834216183838958,0.5189,0.001,0.0269
Jongno,838880585027980,0.3839,0.0011,0.3722
Jongno,848959295691709,0.3751,0.0387,0.0956
Jongno,864485384103152,0.5659,0.0065,0.0042
Jongno,866514128770426,0.3637,0.0008,0.4146
Jongno,877918672986785,0.5623,0.1813,0.0005
Jongno,878964913661822,0.0892,0.0011,0.4419
Jongno,885545746379225,0.3506,0.0105,0.4233
Jongno,887606213290827,0.1269,0.0043,0.4408
Jongno,892297415748319,0.3177,0.001,0.4394
Jongno,906357393266082,0.2331,0.0168,0.2024
Jongno,906653184843034,0.0854,0.0001,0.7494
Jongno,906717173206157,0.378,0.0278,0.0039
Jongno,915618312615963,0.316,0.0491,0.0028
Jongno,927169494684488,0.4321,0.0123,0.0236
Jongno,927723247798274,0.5855,0.0272,0.0096
Jongno,929478554506723,0.6202,0.06,0.0216
Jongno,936903240475263,0.7004,0.0437,0.0048
Jongno,940974663112872,0.4108,0.1753,0.1521
Jongno,941743226600934,0.5717,0.0452,0.0016
Jongno,943882359485628,0.345,0.0008,0.0131
Jongno,955498055196452,0.1942,0.0408,0.0135
Jongno,957915098379171,0.5802,0.0932,0.1061
Jongno,957957768309037,0.4303,0.0022,0.014
Jongno,963462681090832,0.4893,0.0,0.0028
Jongno,968870800527957,0.468,0.0154,0.0248
Jongno,969166357190379,0.4982,0.1846,0.0834
Jongno,972386583507366,0.4631,0.0362,0.0018
Jongno,982328738971802,0.4882,0.0176,0.0084
Myeongdong,1001872865234797,0.4617,0.0321,0.1638
Myeongdong,1003319968392890,0.3725,0.0085,0.1386
Myeongdong,10086006361475550,0.1899,0.0963,0.2684
Myeongdong,10095974213850777,0.0736,0.074,0.4624
Myeongdong,1017032933812319,0.3733,0.0456,0.1239
Myeongdong,1021956743029637,0.2623,0.0242,0.0354
Myeongdong,1022860810007945,0.1562,0.1072,0.3218
Myeongdong,1023167666654372,0.0635,0.2494,0.1609
Myeongdong,1023564826557573,0.0414,0.1921,0.3296
Myeongdong,1024177869558971,0.4826,0.0278,0.1062
Myeongdong,1025621949641783,0.074,0.145,0.1732
Myeongdong,1028360836113303,0.1759,0.0232,0.0442
Myeongdong,1030789932520632,0.2284,0.0104,0.2854
Myeongdong,1030812998783889,0.1721,0.0723,0.3231
Myeongdong,1033569982008921,0.547,0.0183,0.2173
Myeongdong,1033934498730772,0.0454,0.1623,0.2843
Myeongdong,1035136265482259,0.1942,0.015,0.2359
Myeongdong,1039158258409581,0.1663,0.121,0.2314
Myeongdong,1040056481363372,0.6904,0.0043,0.1221
Myeongdong,1040188314845876,0.1006,0.0094,0.1756
Myeongdong,1040264554880049,0.1147,0.2029,0.1279
Myeongdong,1042870837935165,0.1664,0.0476,0.3591
Myeongdong,1045406457624083,0.5794,0.0107,0.0574
Myeongdong,1047166467387451,0.0669,0.0816,0.4205
Myeongdong,1051024573793454,0.1575,0.136,0.2382
Myeongdong,1051287886548591,0.1203,0.0913,0.1211
Myeongdong,1053068753695351,0.0943,0.2099,0.1402
Myeongdong,1053379243403184,0.1951,0.0149,0.2401
Myeongdong,1060679295952273,0.3208,0.0065,0.0748
Myeongdong,1061964838702234,0.1013,0.1685,0.1521
Myeongdong,1063010831826633,0.1661,0.0774,0.2942
Myeongdong,1066873508913922,0.0833,0.0221,0.1738
Myeongdong,1067448142065053,0.7677,0.0048,0.0373
Myeongdong,1067640201958980,0.0668,0.0672,0.4399
Myeongdong,1068691901858043,0.1065,0.1424,0.1742
Myeongdong,1072236084970622,0.1038,0.195,0.1407
Myeongdong,1074200221285883,0.22,0.0049,0.0958
Myeongdong,1077286704209843,0.6877,0.0025,0.1548
Myeongdong,1080273417374283,0.1127,0.1446,0.1648
Myeongdong,1086314580056969,0.0792,0.2081,0.1459
Myeongdong,1088396839843841,0.1182,0.156,0.1653
Myeongdong,1102490661971571,0.4973,0.0066,0.0434
Myeongdong,1126787755922149,0.5016,0.0111,0.1432
Myeongdong,1133992088523791,0.6502,0.0187,0.0095
Myeongdong,1147401887311859,0.3034,0.0113,0.0462
Myeongdong,1152561025857892,0.1968,0.0164,0.0591
Myeongdong,1155048902927257,0.6377,0.0161,0.0094
Myeongdong,1157730882716179,0.7291,0.0051,0.0508
Myeongdong,1158930249168463,0.3283,0.0544,0.1705
Myeongdong,1161038582553135,0.34,0.0019,0.2741
Myeongdong,1161802262282387,0.4193,0.0419,0.0414
Myeongdong,1162138301795957,0.4207,0.0219,0.2524
Myeongdong,1164133835735182,0.1573,0.0262,0.2361
Myeongdong,1172788074310610,0.6156,0.0107,0.0203
Myeongdong,1176737080917723,0.2931,0.0088,0.1051
Myeongdong,1178280767419241,0.7625,0.0045,0.0045
Myeongdong,1178845437224944,0.4982,0.0211,0.1372
Myeongdong,1185462673379832,0.1643,0.068,0.3287
Myeongdong,1187369013180155,0.5729,0.031,0.1605
Myeongdong,1203184987834388,0.8281,0.0001,0.0108
Myeongdong,1209141160531396,0.1217,0.1488,0.1672
Myeongdong,1210541294145350,0.305,0.0249,0.1213
Myeongdong,1219598279895854,0.1732,0.0105,0.4036
Myeongdong,1220540929450884,0.1901,0.0155,0.2347
Myeongdong,1224134229172834,0.2192,0.0138,0.2887
Myeongdong,1236899674750246,0.1604,0.0138,0.3423
Myeongdong,1240769237834113,0.1197,0.162,0.1584
Myeongdong,1246730402849648,0.4834,0.0036,0.2624
Myeongdong,1250981490068711,0.0976,0.1612,0.1727
Myeongdong,1257031489282195,0.1123,0.1799,0.1438
Myeongdong,1257204362666172,0.1607,0.0783,0.3226
Myeongdong,1265355538546609,0.0469,0.1248,0.3463
Myeongdong,1277881564042748,0.1933,0.0159,0.2319
Myeongdong,1278364693605432,0.4298,0.0113,0.0246
Myeongdong,1279038857113596,0.1518,0.1568,0.2635
Myeongdong,1281470546823195,0.089,0.1695,0.1661
Myeongdong,1285363896605076,0.3828,0.0027,0.0217
Myeongdong,1298150951733836,0.1364,0.1622,0.2287
Myeongdong,1301032562030561,0.1435,0.0817,0.2161
Myeongdong,1306038180897437,0.5593,0.003,0.0172
Myeongdong,131030976444427,0.6834,0.0001,0.0451
Myeongdong,1320057192807842,0.5212,0.0017,0.1565
Myeongdong,1320905246373586,0.5263,0.008,0.0067
Myeongdong,1327290141644531,0.3485,0.0195,0.4873
Myeongdong,1331795008654532,0.5234,0.0038,0.1031
Myeongdong,1345777847265801,0.5766,0.0025,0.0459
Myeongdong,1354614486003368,0.3918,0.0027,0.0048
Myeongdong,1354640082330878,0.4431,0.0356,0.0461
Myeongdong,1373636323817661,0.646,0.0069,0.0159
Myeongdong,1377747466718484,0.341,0.0,0.0341
Myeongdong,1381948039891395,0.6079,0.0466,0.0948
Myeongdong,1391274758879544,0.2916,0.0081,0.0845
Myeongdong,1397605581570143,0.2143,0.0147,0.3005
Myeongdong,1411126710207743,0.1006,0.1455,0.1721
Myeongdong,1413301603451626,0.5948,0.0045,0.0866
Myeongdong,1419089559219138,0.0521,0.001,0.19
Myeongdong,1420478499087172,0.1021,0.1681,0.1599
Myeongdong,1420808149139922,0.1202,0.1527,0.165
Myeongdong,1423038411937022,0.1157,0.1635,0.1614
Myeongdong,1425097995488469,0.3963,0.0151,0.3209
Myeongdong,1426030011914815,0.1508,0.1392,0.2309
Myeongdong,1428865858453991,0.6861,0.0008,0.0431
Myeongdong,1429704028226343,0.1589,0.0819,0.2495
Myeongdong,1436870190608644,0.7974,0.0018,0.0813
Myeongdong,1438618494253313,0.3139,0.0103,0.1191
Myeongdong,1444198420090384,0.3813,0.035,0.2712
Myeongdong,1463089688015314,0.1081,0.1242,0.2015
Myeongdong,1464224767560024,0.6651,0.0176,0.0464
Myeongdong,1466990770761854,0.5016,0.0204,0.1421
Myeongdong,1474247066949626,0.4444,0.0089,0.0964
Myeongdong,1475531053659224,0.476,0.0039,0.0171
Myeongdong,1482954566402460,0.0427,0.0024,0.0484
Myeongdong,1486510839381976,0.1088,0.1709,0.1678
Myeongdong,1487008619112702,0.4347,0.0037,0.014
Myeongdong,1516624769774402,0.0765,0.0098,0.2609
Myeongdong,1556397448862120,0.7797,0.0011,0.0571
Myeongdong,1571353737107348,0.2484,0.0231,0.2178
Myeongdong,1572843990065851,0.5079,0.0125,0.2387
Myeongdong,1579718646333987,0.5057,0.0031,0.0387
Myeongdong,1630021564379293,0.1319,0.1744,0.1299
Myeongdong,1642006713354523,0.5141,0.0136,0.1339
Myeongdong,1648987125720667,0.4896,0.0009,0.0229
Myeongdong,1664598507781504,0.5987,0.0069,0.0191
Myeongdong,1667356110862523,0.5615,0.0048,0.0629
Myeongdong,1681259409188533,0.104,0.1756,0.1731
Myeongdong,1687730035216926,0.1662,0.0516,0.3522
Myeongdong,1692738851360100,0.1932,0.0164,0.2385
Myeongdong,1696119731203579,0.5514,0.0286,0.0665
Myeongdong,1705271573491836,0.564,0.0023,0.0324
Myeongdong,1726578897963658,0.1082,0.1702,0.1738
Myeongdong,1730298314194933,0.4915,0.0028,0.0442
Myeongdong,1740037936696189,0.4435,0.007,0.0168
Myeongdong,1756869245226987,0.1551,0.0856,0.3123
Myeongdong,1765514794000677,0.0665,0.0652,0.4377
Myeongdong,1774455726799151,0.102,0.178,0.1537
Myeongdong,1775446500020306,0.1714,0.0043,0.085
Myeongdong,1791517418378660,0.1486,0.1435,0.2304
Myeongdong,1795298377867992,0.1587,0.0928,0.2023
Myeongdong,1799793594257061,0.3669,0.0063,0.2991
Myeongdong,1808720643316920,0.2716,0.0237,0.1699
Myeongdong,1842673693162770,0.4719,0.2564,0.0498
Myeongdong,1843754366518526,0.1616,0.0587,0.3416
Myeongdong,1870522753691388,0.387,0.0184,0.1201
Myeongdong,1872064580251684,0.1311,0.1361,0.2398
Myeongdong,1880351792821466,0.3817,0.077,0.062
Myeongdong,1891828741551353,0.0648,0.0794,0.4348
Myeongdong,1905525916910075,0.2979,0.0075,0.0721
Myeongdong,1911081046100455,0.0664,0.0625,0.4024
Myeongdong,1940121476563964,0.6476,0.0023,0.0674
Myeongdong,1946848946058168,0.1856,0.0774,0.2859
Myeongdong,1954581585073705,0.0784,0.0182,0.1195
Myeongdong,1972143419990513,0.08,0.1116,0.2111
Myeongdong,1976504202883461,0.1682,0.0175,0.2233
Myeongdong,2001440730730077,0.5549,0.0438,0.103
Myeongdong,2027317024134694,0.492,0.0065,0.2892
Myeongdong,2065131690674379,0.6083,0.0046,0.0118
Myeongdong,2072202273277704,0.7778,0.0348,0.0215
Myeongdong,2115143912330940,0.1244,0.1593,0.1595
Myeongdong,2116757902163177,0.1999,0.1067,0.2439
Myeongdong,2118460425326993,0.1602,0.0821,0.3288
Myeongdong,2154774914990266,0.3634,0.099,0.0894
Myeongdong,2157411784671225,0.168,0.054,0.3337
Myeongdong,2204337163405015,0.3784,0.0011,0.0286
Myeongdong,2278088685996338,0.5007,0.0033,0.0565
Myeongdong,2311892295907897,0.3609,0.0114,0.0849
Myeongdong,2344744989314983,0.4737,0.0157,0.0188
Myeongdong,2360172131011030,0.5446,0.0083,0.0147
Myeongdong,2372827673062876,0.6869,0.0006,0.1122
Myeongdong,2402730360080558,0.6636,0.0162,0.1492
Myeongdong,2415112952234370,0.548,0.0024,0.0449
Myeongdong,24217720474483920,0.6893,0.0009,0.0447
Myeongdong,24871658789139842,0.4128,0.0071,0.0677
Myeongdong,24884143491274306,0.5348,0.0121,0.0349
Myeongdong,2577978245741074,0.4741,0.086,0.0989
Myeongdong,2644512592555482,0.6085,0.0093,0.0199
Myeongdong,2660453810959346,0.3646,0.0069,0.0234
Myeongdong,2734878210042154,0.1316,0.0066,0.1826
Myeongdong,3104752229692823,0.4796,0.0081,0.0551
Myeongdong,311066487053371,0.5931,0.0626,0.0495
Myeongdong,3176859545812928,0.3653,0.0108,0.0374
Myeongdong,3975910402652806,0.7144,0.0331,0.0021
Myeongdong,4004679533106582,0.2299,0.0278,0.0301
Myeongdong,4052603721625583,0.0481,0.1302,0.326
Myeongdong,4104892419765979,0.4985,0.0074,0.018
Myeongdong,444297375392710,0.5017,0.0641,0.1844
Myeongdong,461357778296168,0.536,0.1334,0.0561
Myeongdong,480416534889965,0.5074,0.0167,0.0706
Myeongdong,507322665737510,0.2816,0.0127,0.2285
Myeongdong,520262007747176,0.1838,0.0039,0.0413
Myeongdong,547528617873840,0.5393,0.0061,0.1229
Myeongdong,550046318041899,0.1464,0.0145,0.3472
Myeongdong,552368487807508,0.0978,0.1679,0.1553
Myeongdong,559703616540378,0.6442,0.0508,0.1007
Myeongdong,569554489430798,0.4607,0.0111,0.0547
Myeongdong,578241722001346,0.1688,0.0862,0.2813
Myeongdong,593334226722512,0.1375,0.1319,0.2603
Myeongdong,596460596382270,0.1926,0.0168,0.2298
Myeongdong,601550785835841,0.2021,0.0173,0.2182
Myeongdong,601587929163877,0.1007,0.1307,0.1943
Myeongdong,602132425786522,0.116,0.1538,0.1707
Myeongdong,602541406285333,0.1087,0.1764,0.1414
Myeongdong,602697802760021,0.7261,0.0017,0.1321
Myeongdong,603926265970513,0.6967,0.0077,0.0111
Myeongdong,607293865163835,0.2079,0.1081,0.2648
Myeongdong,608668298655440,0.2245,0.0101,0.5974
Myeongdong,624977686043042,0.5536,0.0239,0.1239
Myeongdong,627303353729974,0.2244,0.0138,0.2838
Myeongdong,627891976531915,0.5651,0.0,0.0022
Myeongdong,628258980069773,0.6824,0.0138,0.004
Myeongdong,630107219339728,0.112,0.166,0.1623
Myeongdong,633907329249576,0.2618,0.018,0.2834
Myeongdong,633975373030341,0.18,0.1216,0.2435
Myeongdong,634069472896063,0.3416,0.0011,0.0213
Myeongdong,636203069150992,0.5813,0.0139,0.1258
Myeongdong,640505798738935,0.5856,0.0655,0.0889
Myeongdong,640954012256893,0.5372,0.0465,0.0995
Myeongdong,645026861912937,0.1763,0.055,0.3285
Myeongdong,645302251302722,0.1609,0.0487,0.2517
Myeongdong,646886638177778,0.3072,0.0089,0.0189
Myeongdong,650236844699103,0.2733,0.0107,0.1071
Myeongdong,652276194495413,0.1202,0.1679,0.1448
Myeongdong,652436601148196,0.1344,0.2262,0.2075
Myeongdong,653953647113152,0.7518,0.0066,0.0466
Myeongdong,656572266961514,0.7029,0.0042,0.1022
Myeongdong,664856063339931,0.6262,0.0006,0.0893
Myeongdong,672329675966874,0.2253,0.0151,0.2305
Myeongdong,673269498487428,0.6776,0.0005,0.0762
Myeongdong,677717591444336,0.8511,0.0146,0.0243
Myeongdong,682466254288763,0.6115,0.0063,0.0589
Myeongdong,682895551242154,0.1111,0.1804,0.1428
Myeongdong,684860253914223,0.6398,0.0125,0.0124
Myeongdong,686730407511039,0.1071,0.1692,0.1488
Myeongdong,686796027148777,0.4831,0.0013,0.0732
Myeongdong,688378714036594,0.1628,0.0601,0.3511
Myeongdong,693052479839860,0.1665,0.0785,0.28
Myeongdong,693636790313743,0.1437,0.1404,0.2445
Myeongdong,695537670115861,0.2631,0.018,0.0706
Myeongdong,696909149628876,0.1519,0.1433,0.2278
Myeongdong,698222664962560,0.5358,0.019,0.1238
Myeongdong,698638376409551,0.1665,0.1254,0.2285
Myeongdong,699505802822811,0.1688,0.0534,0.3409
Myeongdong,700142919662560,0.11,0.1186,0.2561
Myeongdong,700643385744607,0.4417,0.0012,0.0152
Myeongdong,702431549159499,0.2004,0.0864,0.2677
Myeongdong,703870319020798,0.1849,0.0198,0.2559
Myeongdong,704015195670474,0.1679,0.1248,0.241
Myeongdong,708874561774597,0.1286,0.0257,0.2299
Myeongdong,711935638382999,0.1088,0.0063,0.1488
Myeongdong,712690441082315,0.6173,0.0128,0.0842
Myeongdong,715555371056688,0.163,0.064,0.3344
Myeongdong,716618257967595,0.2044,0.0806,0.2326
Myeongdong,720964810679528,0.188,0.0101,0.0563
Myeongdong,721344010373980,0.0968,0.1615,0.1513
Myeongdong,722862280770286,0.3502,0.0084,0.031
Myeongdong,724598269972282,0.2882,0.0575,0.1082
Myeongdong,727711929908771,0.1151,0.0135,0.3102
Myeongdong,730115006333916,0.2925,0.0128,0.1178
Myeongdong,733388072711137,0.1954,0.0155,0.2339
Myeongdong,733684792408024,0.0998,0.2026,0.1412
Myeongdong,738774641985810,0.1039,0.1973,0.1402
Myeongdong,739568728570012,0.0633,0.0089,0.0544
Myeongdong,740949925063792,0.1936,0.0157,0.2386
Myeongdong,742979631620859,0.1905,0.032,0.2306
Myeongdong,746382644759335,0.1972,0.1086,0.2211
Myeongdong,746421561653601,0.0629,0.145,0.2069
Myeongdong,747732007679196,0.197,0.0153,0.2335
Myeongdong,765509286450917,0.4737,0.0302,0.0929
Myeongdong,767068812554426,0.1527,0.1621,0.225
Myeongdong,769290742333527,0.1489,0.0127,0.254
Myeongdong,771287868852813,0.4737,0.0051,0.0111
Myeongdong,773147132361815,0.4445,0.0188,0.1644
Myeongdong,777717268569025,0.6349,0.0016,0.1005
Myeongdong,778743784766705,0.3527,0.0017,0.0871
Myeongdong,787405993609096,0.0843,0.1129,0.2099
Myeongdong,796214033059729,0.4114,0.0072,0.0351
Myeongdong,797002832925989,0.6197,0.016,0.0206
Myeongdong,797499113455975,0.4857,0.0405,0.0455
Myeongdong,804090595311225,0.4139,0.0059,0.0123
Myeongdong,811868771238831,0.5394,0.0063,0.033
Myeongdong,824926273764547,0.5484,0.0125,0.0437
Myeongdong,830342255936109,0.6031,0.0073,0.0155
Myeongdong,839477315075903,0.4484,0.0015,0.0352
Myeongdong,843075930234678,0.6277,0.0029,0.0934
Myeongdong,846738035179906,0.5433,0.0071,0.0103
Myeongdong,847828497320006,0.2705,0.0208,0.063
Myeongdong,924482749890660,0.8384,0.0014,0.0145
Myeongdong,941922717802826,0.6959,0.009,0.0758
Myeongdong,950532920588258,0.8085,0.0,0.0109
Myeongdong,953468446986538,0.5602,0.0143,0.0217
Myeongdong,963825885732573,0.6,0.0118,0.1994
Myeongdong,964724249133798,0.5315,0.0303,0.1883
Myeongdong,967137978944065,0.4406,0.0096,0.1182
Myeongdong,9711715772276898,0.1595,0.0063,0.1611
Myeongdong,9743180882447810,0.1927,0.016,0.2308
Myeongdong,9770882219687253,0.2286,0.0203,0.1877
Myeongdong,981677727217116,0.2118,0.1009,0.234
Myeongdong,985990060313206,0.5338,0.0266,0.2118
Myeongdong,995944792477985,0.5956,0.0362,0.087
Myeongdong,9966389423451397,0.2768,0.0454,0.1736
Myeongdong,999068915425031,0.1918,0.0159,0.2309
Seogwipo,1000343634128753,0.4469,0.0214,0.184
Seogwipo,1005243276949265,0.4141,0.021,0.2205
Seogwipo,1061192907743767,0.1181,0.0751,0.0618
Seogwipo,1077402862669987,0.3058,0.0226,0.1666
Seogwipo,1090688894754483,0.3523,0.0328,0.0399
Seogwipo,1107243163100865,0.2621,0.03,0.1432
Seogwipo,1120069641837452,0.1519,0.0801,0.0212
Seogwipo,1125281657957281,0.2433,0.0098,0.2479
Seogwipo,1142498539556429,0.3842,0.0196,0.085
Seogwipo,1142818422894144,0.293,0.036,0.0676
Seogwipo,1143837619451823,0.2824,0.0395,0.0627
Seogwipo,1165626610566185,0.1833,0.0572,0.0485
Seogwipo,116945783782685,0.1929,0.0154,0.2599
Seogwipo,1173816846392848,0.4801,0.014,0.0923
Seogwipo,1180502269045188,0.1543,0.0102,0.2038
Seogwipo,1181363745670470,0.4252,0.0042,0.2288
Seogwipo,120040130129714,0.1867,0.0266,0.0159
Seogwipo,1204321116695898,0.2349,0.0201,0.1985
Seogwipo,1211997129239461,0.3892,0.0378,0.0482
Seogwipo,1217523678676713,0.2621,0.019,0.0366
Seogwipo,1225282114575400,0.3672,0.0155,0.034
Seogwipo,1236046496810220,0.2271,0.0196,0.1161
Seogwipo,124424616343509,0.1538,0.0101,0.1559
Seogwipo,1248396365630386,0.293,0.0499,0.1107
Seogwipo,1248862778862046,0.3773,0.0187,0.0893
Seogwipo,125571576219332,0.3606,0.0285,0.0602
Seogwipo,1297691313960424,0.288,0.0324,0.1314
Seogwipo,1313911962315494,0.1936,0.1242,0.1996
Seogwipo,134551415295373,0.5064,0.0236,0.045
Seogwipo,134665541949738,0.3035,0.0206,0.0927
Seogwipo,136989365088969,0.4263,0.0251,0.1791
Seogwipo,1378146935877819,0.1396,0.0101,0.1249
Seogwipo,140209311482525,0.4111,0.0271,0.0573
Seogwipo,141004028014692,0.3063,0.0583,0.0823
Seogwipo,1410897092608081,0.2708,0.0409,0.0835
Seogwipo,141869611259153,0.2041,0.0838,0.0585
Seogwipo,1419297151751512,0.3637,0.0218,0.1061
Seogwipo,1457824994558367,0.0629,0.0341,0.1284
Seogwipo,149073177200782,0.3195,0.0261,0.0071
Seogwipo,1499717510198731,0.2841,0.0792,0.211
Seogwipo,153584703444010,0.4373,0.0228,0.1746
Seogwipo,1559888584212310,0.4203,0.0191,0.0477
Seogwipo,1567711973422501,0.4021,0.0227,0.1589
Seogwipo,158818966187364,0.154,0.0218,0.1249
Seogwipo,160883569305020,0.1155,0.0075,0.0073
Seogwipo,161911455938472,0.2488,0.0195,0.0446
Seogwipo,1633637853500831,0.2978,0.0138,0.2713
Seogwipo,164552832271122,0.4183,0.0085,0.2655
Seogwipo,169857281719681,0.3818,0.0105,0.3142
Seogwipo,1706808386187359,0.1849,0.0569,0.0364
Seogwipo,171622921552771,0.0821,0.0737,0.081
Seogwipo,171803191421782,0.3163,0.0413,0.1187
Seogwipo,173574194672438,0.046,0.0161,0.0357
Seogwipo,174586124591556,0.3073,0.0348,0.1699
Seogwipo,176475974380117,0.4233,0.0239,0.0743
Seogwipo,179140130754530,0.096,0.0084,0.0845
Seogwipo,1801162740051674,0.0928,0.0174,0.0555
Seogwipo,181611560407972,0.2212,0.0197,0.1411
Seogwipo,1850529045130043,0.4047,0.0139,0.0979
Seogwipo,188806053114549,0.346,0.0085,0.2451
Seogwipo,1923172927882985,0.1471,0.1057,0.0179
Seogwipo,1941691159324513,0.3602,0.0059,0.356
Seogwipo,195025185772274,0.1719,0.1063,0.0539
Seogwipo,198618058754460,0.435,0.005,0.1491
Seogwipo,199852178639874,0.4222,0.0087,0.007
Seogwipo,203030784844180,0.0585,0.0346,0.1729
Seogwipo,203396358264850,0.1848,0.0565,0.0958
Seogwipo,2036960443147051,0.4727,0.0163,0.1721
Seogwipo,206331671147622,0.3274,0.0175,0.0484
Seogwipo,209809170749982,0.3903,0.0105,0.328
Seogwipo,211887787208081,0.4113,0.0226,0.0394
Seogwipo,217667706545842,0.3642,0.0293,0.1347
Seogwipo,220646052855752,0.3788,0.0292,0.057
Seogwipo,222121922698587,0.217,0.0248,0.2218
Seogwipo,224738529026888,0.1528,0.0416,0.0338
Seogwipo,227447145408332,0.0561,0.0026,0.0116
Seogwipo,232753468620397,0.274,0.0355,0.188
Seogwipo,238978854649360,0.4621,0.0265,0.0381
Seogwipo,243227614263706,0.3655,0.0115,0.3337
Seogwipo,247817087136056,0.2592,0.0185,0.4386
Seogwipo,248948617009505,0.1245,0.005,0.0844
Seogwipo,251655873414068,0.2816,0.0439,0.0905
Seogwipo,253283013249326,0.3415,0.0346,0.0642
Seogwipo,2556335094675093,0.3514,0.0111,0.2721
Seogwipo,2565162403779472,0.4179,0.0102,0.0208
Seogwipo,2583313005306459,0.3697,0.0164,0.0444
Seogwipo,2628888330591238,0.1841,0.0682,0.0547
Seogwipo,2707030446255653,0.4214,0.0253,0.0686
Seogwipo,274986624309712,0.1273,0.0057,0.0471
Seogwipo,276450684187157,0.2081,0.0534,0.1717
Seogwipo,280279113818321,0.369,0.0187,0.0999
Seogwipo,2804122543170530,0.2724,0.0692,0.1083
Seogwipo,2807035336180635,0.2114,0.0323,0.1462
Seogwipo,2810336459216151,0.3341,0.014,0.2402
Seogwipo,2828523244081602,0.1309,0.0282,0.1195
Seogwipo,2849593208688492,0.1729,0.0629,0.0526
Seogwipo,2855495438006734,0.3838,0.0311,0.0604
Seogwipo,288509616247131,0.3468,0.0057,0.1651
Seogwipo,2889532258031940,0.2376,0.0152,0.0607
Seogwipo,2907546596186566,0.4319,0.0059,0.1327
Seogwipo,2909338252654447,0.3821,0.0271,0.0809
Seogwipo,291478465961151,0.4268,0.0176,0.0857
Seogwipo,2943664399205363,0.375,0.0173,0.2605
Seogwipo,2954126034866804,0.3343,0.0323,0.0634
Seogwipo,296202178839425,0.3283,0.031,0.0963
Seogwipo,2969193909992255,0.14,0.0048,0.0119
Seogwipo,297001188628221,0.2996,0.0312,0.0985
Seogwipo,299226845242729,0.4812,0.0169,0.0808
Seogwipo,300708395064494,0.4471,0.0173,0.0496
Seogwipo,300945051520980,0.1078,0.0176,0.074
Seogwipo,302404958183575,0.423,0.0147,0.1029
Seogwipo,302513714754810,0.3139,0.0149,0.0126
Seogwipo,302836908113999,0.3808,0.0204,0.0885
Seogwipo,303191901264597,0.1005,0.0402,0.1287
Seogwipo,303835414686657,0.3054,0.0099,0.4292
Seogwipo,304097244642533,0.0922,0.0238,0.0602
Seogwipo,3041064589503577,0.0997,0.0353,0.062
Seogwipo,3046900478924204,0.3187,0.0417,0.2848
Seogwipo,305629441276015,0.337,0.0294,0.0788
Seogwipo,306630294260745,0.4039,0.0154,0.0868
Seogwipo,3081250725437526,0.389,0.0214,0.0748
Seogwipo,308785967352890,0.268,0.0156,0.4569
Seogwipo,309774117443045,0.2825,0.03,0.2118
Seogwipo,309822717267288,0.203,0.0267,0.1346
Seogwipo,309998643966263,0.3883,0.023,0.0303
Seogwipo,310147423971276,0.3513,0.0271,0.1201
Seogwipo,3118655358364816,0.3429,0.0291,0.0515
Seogwipo,313138153543272,0.3716,0.0097,0.0807
Seogwipo,313798083518309,0.396,0.0441,0.0488
Seogwipo,315851903386091,0.3024,0.0135,0.2488
Seogwipo,316258703198335,0.1477,0.0034,0.0412
Seogwipo,318005099677564,0.374,0.0317,0.03
Seogwipo,318546759642293,0.1009,0.0221,0.0351
Seogwipo,318998859578095,0.1203,0.017,0.0593
Seogwipo,321031282728954,0.2657,0.0366,0.0344
Seogwipo,321100572860092,0.2389,0.0499,0.1841
Seogwipo,321223432686669,0.1235,0.0071,0.1302
Seogwipo,321365419510782,0.0623,0.0027,0.0076
Seogwipo,323286629152914,0.5162,0.0204,0.1651
Seogwipo,324376925706579,0.4102,0.0283,0.087
Seogwipo,329068981957804,0.1411,0.0472,0.0692
Seogwipo,330304858454637,0.2498,0.01,0.1799
Seogwipo,332091401666501,0.2773,0.0222,0.3069
Seogwipo,334667311356535,0.3251,0.0122,0.2247
Seogwipo,335284357954987,0.3261,0.034,0.1065
Seogwipo,335383228146421,0.3901,0.0254,0.0751
Seogwipo,336010121217812,0.1821,0.0322,0.0192
Seogwipo,339257780888998,0.1658,0.0548,0.0563
Seogwipo,346243283521379,0.3906,0.0268,0.0892
Seogwipo,3467423813359865,0.3685,0.0208,0.1029
Seogwipo,371953850920761,0.4286,0.0206,0.2373
Seogwipo,374681713939262,0.317,0.0223,0.0139
Seogwipo,3773992949392770,0.2895,0.0119,0.1439
Seogwipo,378360876871810,0.4499,0.0154,0.1715
Seogwipo,3797077657058153,0.1826,0.0083,0.013
Seogwipo,3799203730177591,0.3306,0.0142,0.2081
Seogwipo,380975273197952,0.3712,0.024,0.0344
Seogwipo,3818207691640999,0.262,0.0436,0.1915
Seogwipo,3839583999423320,0.4575,0.0126,0.1661
Seogwipo,3871794919535651,0.337,0.0121,0.146
Seogwipo,3890485204405075,0.1383,0.0366,0.0212
Seogwipo,394523484982942,0.5177,0.0098,0.2059
Seogwipo,4021627577920576,0.3669,0.0281,0.097
Seogwipo,4026287944091376,0.3972,0.0282,0.1371
Seogwipo,4032697683481812,0.1222,0.0486,0.0203
Seogwipo,4044502622304779,0.392,0.0167,0.0299
Seogwipo,4089501111110109,0.4334,0.0243,0.08
Seogwipo,4103269316403028,0.3819,0.023,0.0961
Seogwipo,4267846683234681,0.2942,0.0088,0.1062
Seogwipo,4276600842389898,0.3512,0.0389,0.0457
Seogwipo,4302660096419662,0.2199,0.0987,0.0204
Seogwipo,4355668404466315,0.3156,0.0226,0.0721
Seogwipo,4480849825279573,0.3769,0.0147,0.1687
Seogwipo,450668466030028,0.0879,0.0657,0.0605
Seogwipo,457894621974431,0.0988,0.0075,0.08
Seogwipo,460024041958040,0.3995,0.0143,0.0941
Seogwipo,467092977932768,0.3679,0.027,0.0533
Seogwipo,471214517274971,0.3814,0.0323,0.041
Seogwipo,472411980700576,0.2546,0.0448,0.0488
Seogwipo,472657150728721,0.1306,0.077,0.0866
Seogwipo,473177580607451,0.3623,0.0338,0.2102
Seogwipo,474111460517890,0.4841,0.0046,0.099
Seogwipo,474699940469631,0.0979,0.0068,0.0069
Seogwipo,474701426968758,0.0831,0.0036,0.0088
Seogwipo,474811820501683,0.4802,0.0253,0.0338
Seogwipo,477039640271861,0.2712,0.0087,0.1335
Seogwipo,477351536849855,0.2028,0.0521,0.2114
Seogwipo,478203486729912,0.3602,0.0158,0.0988
Seogwipo,479545793280554,0.2269,0.0513,0.2962
Seogwipo,481903386365448,0.1012,0.0377,0.1005
Seogwipo,482048163070396,0.2594,0.0096,0.2485
Seogwipo,482459786204544,0.3894,0.0088,0.3291
Seogwipo,484460086335895,0.3074,0.04,0.1832
Seogwipo,485017506095678,0.3741,0.0085,0.254
Seogwipo,485213982793664,0.3966,0.0145,0.3165
Seogwipo,485439719204506,0.247,0.0302,0.0823
Seogwipo,485798355994463,0.1419,0.0611,0.0872
Seogwipo,489109382210484,0.469,0.0189,0.048
Seogwipo,489565272469877,0.2826,0.0361,0.0892
Seogwipo,491006812011094,0.2389,0.0019,0.0712
Seogwipo,493485471893721,0.1292,0.0359,0.0304
Seogwipo,493629118639122,0.2832,0.0701,0.1765
Seogwipo,494311115093683,0.2342,0.0738,0.1622
Seogwipo,494352022017881,0.1387,0.0671,0.0826
Seogwipo,494780391672110,0.46,0.0168,0.1788
Seogwipo,494828811715542,0.2082,0.022,0.0583
Seogwipo,494972974985622,0.3478,0.0349,0.0894
Seogwipo,495649441576372,0.4365,0.0146,0.0905
Seogwipo,495873874890125,0.1622,0.1353,0.1403
Seogwipo,496787074702013,0.3352,0.0187,0.2
Seogwipo,499609777757005,0.3501,0.0022,0.0664
Seogwipo,500126628009297,0.251,0.0081,0.0819
Seogwipo,500285957775271,0.4836,0.0268,0.0403
Seogwipo,500814114685124,0.3759,0.0338,0.1024
Seogwipo,505569047281376,0.2833,0.0383,0.0164
Seogwipo,510955470092682,0.2598,0.0247,0.1682
Seogwipo,511593373228265,0.1883,0.0567,0.0354
Seogwipo,511628080202417,0.4175,0.026,0.0952
Seogwipo,512599489904196,0.1551,0.0129,0.0301
Seogwipo,514188512939543,0.3219,0.0254,0.0715
Seogwipo,514202219764736,0.1651,0.0646,0.0728
Seogwipo,514917073028002,0.1024,0.0049,0.0733
Seogwipo,515591006474223,0.3864,0.0214,0.0303
Seogwipo,516046112757793,0.1854,0.0152,0.2129
Seogwipo,516227769560501,0.4461,0.0174,0.0806
Seogwipo,520152889016351,0.3456,0.0345,0.2383
Seogwipo,521520019022053,0.3977,0.0332,0.2254
Seogwipo,522103129151785,0.4523,0.016,0.189
Seogwipo,525648058489932,0.1415,0.0161,0.0783
Seogwipo,525652685111184,0.1554,0.0985,0.0211
Seogwipo,526242368375386,0.2947,0.0306,0.1358
Seogwipo,527280845102900,0.098,0.0444,0.1627
Seogwipo,531152021230622,0.3536,0.0336,0.1117
Seogwipo,532476598117943,0.3155,0.0044,0.2926
Seogwipo,538457120865681,0.3186,0.0223,0.1287
Seogwipo,538929597098246,0.2163,0.0532,0.107
Seogwipo,541619830555152,0.2971,0.0315,0.1553
Seogwipo,551083959600411,0.1168,0.081,0.07
Seogwipo,551815329316287,0.5046,0.0067,0.1025
Seogwipo,556785251972478,0.2273,0.0049,0.0394
Seogwipo,568502497450432,0.1902,0.0047,0.1388
Seogwipo,576647300235302,0.3879,0.0175,0.1048
Seogwipo,593192208323011,0.1624,0.1114,0.0555
Seogwipo,594692151515425,0.2766,0.0188,0.4003
Seogwipo,622466652053772,0.4243,0.0208,0.1927
Seogwipo,6261219207236900,0.5022,0.0167,0.0914
Seogwipo,656259538546523,0.3486,0.0434,0.0153
Seogwipo,664471171057720,0.3689,0.0292,0.0691
Seogwipo,739159366877296,0.07,0.0023,0.0396
Seogwipo,759889104698349,0.103,0.0521,0.1131
Seogwipo,760912051250169,0.1389,0.0042,0.0113
Seogwipo,767218213991864,0.2323,0.0331,0.0662
Seogwipo,769314977283539,0.3612,0.021,0.1019
Seogwipo,773711093516313,0.386,0.0275,0.0337
Seogwipo,773796946635211,0.5242,0.0206,0.1513
Seogwipo,782540355966255,0.3213,0.0361,0.2759
Seogwipo,783267012378022,0.4221,0.0284,0.1448
Seogwipo,787443938827590,0.0734,0.0033,0.0427
Seogwipo,798961677714005,0.4215,0.0178,0.0205
Seogwipo,800817324196510,0.197,0.0322,0.1219
Seogwipo,801214467456846,0.311,0.0461,0.0383
Seogwipo,805537630082070,0.3237,0.0095,0.2624
Seogwipo,819966035587406,0.2606,0.0382,0.3118
Seogwipo,821387352107812,0.3349,0.0041,0.0808
Seogwipo,822306935051818,0.3001,0.0252,0.2996
Seogwipo,823509061903962,0.2883,0.0425,0.0918
Seogwipo,826002791345233,0.3027,0.0632,0.0563
Seogwipo,827821248091879,0.2376,0.0162,0.1348
Seogwipo,835787187065280,0.3383,0.0326,0.0673
Seogwipo,838476110413543,0.2332,0.0576,0.0265
Seogwipo,838937353378649,0.3384,0.0219,0.0775
Seogwipo,843485713044387,0.3082,0.0115,0.4289
Seogwipo,847878759407642,0.4116,0.0235,0.0676
Seogwipo,852124925405463,0.4022,0.0235,0.1215
Seogwipo,853351318867024,0.2762,0.0083,0.4439
Seogwipo,856399785089625,0.0828,0.012,0.1455
Seogwipo,874419846473420,0.3185,0.0189,0.2666
Seogwipo,878048202751095,0.1468,0.0586,0.0574
Seogwipo,879201669299220,0.1718,0.003,0.0643
Seogwipo,884841065396773,0.2109,0.0316,0.0215
Seogwipo,893030118220775,0.4908,0.017,0.0868
Seogwipo,899920400565107,0.4915,0.0098,0.0992
Seogwipo,903203403859748,0.3546,0.0067,0.0505
Seogwipo,909207299870118,0.1482,0.0101,0.021
Seogwipo,911924009585910,0.1425,0.0466,0.1865
Seogwipo,912260589565090,0.3274,0.0496,0.1502
Seogwipo,913912866120335,0.3939,0.0397,0.063
Seogwipo,928890534630095,0.4383,0.0268,0.061
Seogwipo,933006074207001,0.312,0.0145,0.3644
Seogwipo,933496110557691,0.2946,0.0311,0.0995
Seogwipo,936508593838558,0.4157,0.0054,0.0544
Seogwipo,937109973799319,0.332,0.005,0.0163
Seogwipo,937294500400810,0.1227,0.0113,0.0529
Seogwipo,957306395044927,0.0912,0.0081,0.0118
Seogwipo,959536981485735,0.1255,0.0457,0.0659
Seogwipo,965055530999945,0.2136,0.0388,0.2009
Seogwipo,976478936447342,0.2162,0.0347,0.0226
Seogwipo,977131326476461,0.4644,0.0243,0.0758
Seogwipo,977314833097303,0.3623,0.0455,0.1014
Seogwipo,985115045565592,0.3476,0.0229,0.048
Seongsan Ilchulbong,1003823614440535,0.1864,0.0831,0.1414
Seongsan Ilchulbong,1041556107309740,0.2372,0.0748,0.29
Seongsan Ilchulbong,1053357319772872,0.4661,0.0505,0.0971
Seongsan Ilchulbong,1066057983917234,0.6416,0.0003,0.0
Seongsan Ilchulbong,1076253946798798,0.1721,0.251,0.1144
Seongsan Ilchulbong,1077153423348813,0.2654,0.0761,0.0706
Seongsan Ilchulbong,1079551999811225,0.1597,0.0584,0.2003
Seongsan Ilchulbong,1082770119447151,0.1865,0.09,0.2646
Seongsan Ilchulbong,1095039095119889,0.2233,0.0386,0.1165
Seongsan Ilchulbong,1098666021210693,0.2437,0.0177,0.1621
Seongsan Ilchulbong,1099168500579054,0.7,0.0088,0.0001
Seongsan Ilchulbong,1100759351193375,0.1701,0.0918,0.3049
Seongsan Ilchulbong,1101540973666341,0.6239,0.0024,0.0011
Seongsan Ilchulbong,1103522294033021,0.4311,0.0209,0.1684
Seongsan Ilchulbong,1104160287491400,0.2381,0.0145,0.3516
Seongsan Ilchulbong,1109227143684395,0.228,0.0796,0.0638
Seongsan Ilchulbong,1109558770349069,0.3514,0.0896,0.1054
Seongsan Ilchulbong,1114699136455928,0.1707,0.0611,0.0738
Seongsan Ilchulbong,111735510990109,0.6052,0.0,0.0005
Seongsan Ilchulbong,1118486532684402,0.2689,0.0649,0.073
Seongsan Ilchulbong,1124740005519316,0.2198,0.0572,0.0649
Seongsan Ilchulbong,1125214875362088,0.3037,0.0401,0.0613
Seongsan Ilchulbong,1126114238585957,0.3132,0.0238,0.1311
Seongsan Ilchulbong,1129466988378731,0.3677,0.0534,0.1315
Seongsan Ilchulbong,1133335377872198,0.3275,0.0498,0.1031
Seongsan Ilchulbong,1138033070721085,0.1676,0.0774,0.2521
Seongsan Ilchulbong,1143042996201138,0.7301,0.0012,0.0006
Seongsan Ilchulbong,1147280116697316,0.2092,0.1136,0.2626
Seongsan Ilchulbong,1147668585730213,0.6268,0.0048,0.0018
Seongsan Ilchulbong,1149239148875929,0.6907,0.0004,0.0007
Seongsan Ilchulbong,1151118155906746,0.2544,0.0298,0.0701
Seongsan Ilchulbong,1151653279355985,0.3268,0.0785,0.0629
Seongsan Ilchulbong,1160052162016649,0.2201,0.1273,0.2042
Seongsan Ilchulbong,1163664487958344,0.1383,0.0275,0.324
Seongsan Ilchulbong,1165103261096943,0.2323,0.0792,0.0598
Seongsan Ilchulbong,1168518353561492,0.6843,0.0079,0.0005
Seongsan Ilchulbong,1169209150662387,0.2292,0.0758,0.0688
Seongsan Ilchulbong,1174451473710603,0.312,0.0619,0.1206
Seongsan Ilchulbong,1175543280490904,0.1661,0.0498,0.1987
Seongsan Ilchulbong,1181448356367749,0.1948,0.0877,0.1852
Seongsan Ilchulbong,1181593316587424,0.3099,0.0301,0.2871
Seongsan Ilchulbong,1192888298363086,0.1143,0.0724,0.158
Seongsan Ilchulbong,1194848701928813,0.2124,0.0547,0.1245
Seongsan Ilchulbong,1200379677627093,0.1711,0.0508,0.1719
Seongsan Ilchulbong,1201518920287823,0.6773,0.0175,0.0
Seongsan Ilchulbong,1351818951857947,0.5216,0.0022,0.0064
Seongsan Ilchulbong,1352745755394890,0.2313,0.0401,0.2841
Seongsan Ilchulbong,1356262621719702,0.2533,0.0119,0.2993
Seongsan Ilchulbong,1359219358094143,0.4038,0.0471,0.1336
Seongsan Ilchulbong,136448471848826,0.5635,0.0042,0.0001
Seongsan Ilchulbong,1367281457317957,0.2181,0.0408,0.085
Seongsan Ilchulbong,137458488414847,0.7292,0.0003,0.0015
Seongsan Ilchulbong,1382326722477701,0.1978,0.1037,0.2284
Seongsan Ilchulbong,1386233055076013,0.5063,0.0033,0.0012
Seongsan Ilchulbong,140236214792954,0.6155,0.0025,0.0006
Seongsan Ilchulbong,1404615109906458,0.5262,0.0019,0.0011
Seongsan Ilchulbong,1411210992852502,0.3055,0.0272,0.2769
Seongsan Ilchulbong,1414887169136631,0.2122,0.0129,0.3756
Seongsan Ilchulbong,1421516194914586,0.5356,0.0038,0.0048
Seongsan Ilchulbong,1422148421470330,0.4768,0.0303,0.0004
Seongsan Ilchulbong,1423290774702331,0.6447,0.0003,0.0
Seongsan Ilchulbong,1439452976673216,0.1794,0.0924,0.0942
Seongsan Ilchulbong,1451424561916671,0.7205,0.0009,0.0019
Seongsan Ilchulbong,1454914725414924,0.1925,0.0478,0.3028
Seongsan Ilchulbong,145771904234678,0.6431,0.0099,0.0
Seongsan Ilchulbong,1464538340767511,0.1314,0.0496,0.3715
Seongsan Ilchulbong,1470645110500495,0.4745,0.0323,0.1066
Seongsan Ilchulbong,1477063072919823,0.2601,0.0205,0.241
Seongsan Ilchulbong,1487237995544093,0.267,0.0122,0.2944
Seongsan Ilchulbong,1488599458707981,0.3286,0.0399,0.1288
Seongsan Ilchulbong,149580857141271,0.4846,0.0085,0.0425
Seongsan Ilchulbong,1501230664123971,0.2355,0.0411,0.0881
Seongsan Ilchulbong,1518979058446421,0.6811,0.0078,0.0001
Seongsan Ilchulbong,1529913234258047,0.2307,0.0129,0.3455
Seongsan Ilchulbong,1531426370747609,0.1724,0.0247,0.3011
Seongsan Ilchulbong,155877586428021,0.5091,0.005,0.0082
Seongsan Ilchulbong,1574004266503635,0.3062,0.0297,0.2011
Seongsan Ilchulbong,1577189013061117,0.3488,0.0232,0.2315
Seongsan Ilchulbong,1579296832859564,0.2648,0.0237,0.2498
Seongsan Ilchulbong,1607755650058887,0.3608,0.0165,0.1586
Seongsan Ilchulbong,160880792659314,0.6337,0.0142,0.0
Seongsan Ilchulbong,1613848882720112,0.3153,0.0468,0.1982
Seongsan Ilchulbong,1630087924416470,0.2835,0.1315,0.2674
Seongsan Ilchulbong,1632228916960381,0.3761,0.0151,0.0096
Seongsan Ilchulbong,1647591759403703,0.3353,0.0299,0.1709
Seongsan Ilchulbong,1647943042687904,0.3429,0.0518,0.158
Seongsan Ilchulbong,1655103228636082,0.3113,0.0272,0.1937
Seongsan Ilchulbong,171197981597794,0.8099,0.0093,0.0003
Seongsan Ilchulbong,1757430291334749,0.2989,0.0408,0.253
Seongsan Ilchulbong,1760795811078030,0.2446,0.0453,0.2165
Seongsan Ilchulbong,178513650823291,0.5911,0.0105,0.0005
Seongsan Ilchulbong,179206510748518,0.6905,0.0076,0.0001
Seongsan Ilchulbong,1797625104081995,0.2886,0.0078,0.154
Seongsan Ilchulbong,1810374942792415,0.2572,0.1413,0.2606
Seongsan Ilchulbong,181105127223217,0.5676,0.0131,0.0127
Seongsan Ilchulbong,1812254022591141,0.3555,0.0503,0.131
Seongsan Ilchulbong,1814391642391474,0.1259,0.0256,0.339
Seongsan Ilchulbong,1825725427947509,0.3626,0.0402,0.1831
Seongsan Ilchulbong,182596190404924,0.6829,0.0016,0.0002
Seongsan Ilchulbong,183989960158602,0.6605,0.0023,0.0015
Seongsan Ilchulbong,184621013529291,0.3595,0.0245,0.0068
Seongsan Ilchulbong,1847802075736542,0.361,0.0507,0.1323
Seongsan Ilchulbong,1859658400867988,0.6109,0.0012,0.001
Seongsan Ilchulbong,1868072183656660,0.3036,0.0271,0.271
Seongsan Ilchulbong,1874958099634819,0.1813,0.1418,0.1792
Seongsan Ilchulbong,1924357444680385,0.2111,0.0276,0.1762
Seongsan Ilchulbong,1940416789749088,0.2127,0.0568,0.0672
Seongsan Ilchulbong,1961121194345476,0.2895,0.0537,0.2422
Seongsan Ilchulbong,198572598770758,0.5905,0.017,0.0282
Seongsan Ilchulbong,207515097853942,0.7339,0.0117,0.0029
Seongsan Ilchulbong,2113308269038762,0.2295,0.0538,0.0774
Seongsan Ilchulbong,2163109720730168,0.3734,0.0137,0.1555
Seongsan Ilchulbong,2166334520382051,0.2899,0.0544,0.1175
Seongsan Ilchulbong,219994276270114,0.6125,0.0324,0.0001
Seongsan Ilchulbong,220817799505277,0.5231,0.0109,0.0025
Seongsan Ilchulbong,224252562451179,0.6268,0.0066,0.0
Seongsan Ilchulbong,226210893910188,0.2336,0.0299,0.3096
Seongsan Ilchulbong,2283506385374096,0.2221,0.0271,0.3338
Seongsan Ilchulbong,228393165293933,0.6482,0.0053,0.0005
Seongsan Ilchulbong,2286179384918507,0.448,0.0449,0.1666
Seongsan Ilchulbong,228761178584920,0.3652,0.0066,0.002
Seongsan Ilchulbong,2335492799994711,0.2297,0.0372,0.1726
Seongsan Ilchulbong,2340206702842039,0.0953,0.0582,0.4148
Seongsan Ilchulbong,240735341156696,0.4192,0.0257,0.0091
Seongsan Ilchulbong,2449105268608815,0.2259,0.0786,0.1064
Seongsan Ilchulbong,249279356993862,0.4626,0.0131,0.0208
Seongsan Ilchulbong,2513262712198979,0.1459,0.0147,0.3576
Seongsan Ilchulbong,2528086574027946,0.205,0.0401,0.2949
Seongsan Ilchulbong,260113009133346,0.619,0.0008,0.0001
Seongsan Ilchulbong,260309579213851,0.3812,0.0033,0.0212
Seongsan Ilchulbong,272258964647352,0.4124,0.0026,0.0023
Seongsan Ilchulbong,282405274922361,0.3706,0.0549,0.1878
Seongsan Ilchulbong,2827086224096351,0.4262,0.0355,0.176
Seongsan Ilchulbong,2854399394819653,0.6863,0.0086,0.0027
Seongsan Ilchulbong,286575522919625,0.6031,0.003,0.0044
Seongsan Ilchulbong,2889966941156585,0.1584,0.0354,0.0926
Seongsan Ilchulbong,290952277285393,0.2186,0.049,0.0736
Seongsan Ilchulbong,292412325931659,0.4918,0.0227,0.0072
Seongsan Ilchulbong,294751718796983,0.7454,0.0046,0.0001
Seongsan Ilchulbong,298367535167674,0.6422,0.0086,0.0
Seongsan Ilchulbong,302370571564296,0.63,0.0149,0.0
Seongsan Ilchulbong,3027559887480837,0.5075,0.0159,0.0021
Seongsan Ilchulbong,303999171312348,0.4062,0.0068,0.025
Seongsan Ilchulbong,304279812708598,0.2368,0.2264,0.0963
Seongsan Ilchulbong,305498214388687,0.5796,0.0025,0.0034
Seongsan Ilchulbong,306690442305049,0.2104,0.1086,0.1052
Seongsan Ilchulbong,307020030933686,0.581,0.0048,0.0008
Seongsan Ilchulbong,307201805582170,0.3083,0.0565,0.0571
Seongsan Ilchulbong,309832224048833,0.6104,0.0011,0.0003
Seongsan Ilchulbong,313812856970194,0.5352,0.0108,0.006
Seongsan Ilchulbong,319650012875932,0.6247,0.0212,0.0001
Seongsan Ilchulbong,322919239199954,0.577,0.0073,0.0091
Seongsan Ilchulbong,324048573752379,0.3522,0.0445,0.186
Seongsan Ilchulbong,325791602295527,0.6353,0.0013,0.0
Seongsan Ilchulbong,327119310081260,0.3548,0.0154,0.1714
Seongsan Ilchulbong,329068979867719,0.3283,0.0709,0.1652
Seongsan Ilchulbong,3291517777820440,0.2166,0.0123,0.3651
Seongsan Ilchulbong,3318918568408098,0.2548,0.0198,0.176
Seongsan Ilchulbong,3323561307946862,0.2522,0.0637,0.2199
Seongsan Ilchulbong,333083808162109,0.5558,0.0219,0.0368
Seongsan Ilchulbong,334187709307123,0.1687,0.0257,0.2888
Seongsan Ilchulbong,3397617303861560,0.2899,0.0678,0.1922
Seongsan Ilchulbong,341912011811823,0.343,0.0609,0.17
Seongsan Ilchulbong,347091738345411,0.2579,0.0618,0.0701
Seongsan Ilchulbong,3574497599470777,0.2505,0.0593,0.0871
Seongsan Ilchulbong,3600345646897017,0.1994,0.126,0.1444
Seongsan Ilchulbong,3615161255400172,0.2197,0.0151,0.3445
Seongsan Ilchulbong,3707865959433600,0.2009,0.0633,0.078
Seongsan Ilchulbong,3709020032705946,0.1662,0.1179,0.2735
Seongsan Ilchulbong,3716796048640054,0.2389,0.061,0.0615
Seongsan Ilchulbong,3762505310545604,0.603,0.004,0.0142
Seongsan Ilchulbong,377492716936637,0.6059,0.0018,0.0008
Seongsan Ilchulbong,3784528985128275,0.2145,0.0802,0.067
Seongsan Ilchulbong,3791292204326702,0.4351,0.0175,0.006
Seongsan Ilchulbong,3795085654059698,0.1079,0.1583,0.2172
Seongsan Ilchulbong,3901400206646325,0.4701,0.0031,0.001
Seongsan Ilchulbong,394478031733670,0.7372,0.0221,0.0009
Seongsan Ilchulbong,394788626763304,0.2703,0.0739,0.1797
Seongsan Ilchulbong,399191196367741,0.2915,0.022,0.2844
Seongsan Ilchulbong,400429476122985,0.3172,0.046,0.203
Seongsan Ilchulbong,401473975985450,0.2173,0.0521,0.0964
Seongsan Ilchulbong,402640709204367,0.1671,0.1006,0.2891
Seongsan Ilchulbong,408368045294709,0.2899,0.0885,0.2732
Seongsan Ilchulbong,408986078754934,0.2732,0.0323,0.1323
Seongsan Ilchulbong,4105838509496006,0.6086,0.0003,0.0001
Seongsan Ilchulbong,412215008114381,0.1803,0.039,0.1032
Seongsan Ilchulbong,415913397818445,0.1945,0.0397,0.0788
Seongsan Ilchulbong,417553394210945,0.1322,0.0621,0.2001
Seongsan Ilchulbong,421301730646033,0.1778,0.2195,0.0536
Seongsan Ilchulbong,427927916509972,0.2574,0.0298,0.3215
Seongsan Ilchulbong,429993068103585,0.4174,0.0037,0.0063
Seongsan Ilchulbong,440669745119956,0.2284,0.061,0.0604
Seongsan Ilchulbong,443291824941592,0.3854,0.0316,0.2072
Seongsan Ilchulbong,444162914769785,0.2734,0.0159,0.2655
Seongsan Ilchulbong,445069387888903,0.2478,0.0438,0.0867
Seongsan Ilchulbong,447222157692982,0.3115,0.0276,0.1331
Seongsan Ilchulbong,447356197863672,0.2053,0.0742,0.1466
Seongsan Ilchulbong,447730504607410,0.2414,0.0589,0.2935
Seongsan Ilchulbong,448083891066522,0.275,0.0123,0.186
Seongsan Ilchulbong,449173277520114,0.1537,0.2397,0.1511
Seongsan Ilchulbong,449178387497188,0.3523,0.1042,0.1169
Seongsan Ilchulbong,450986464044874,0.3061,0.0477,0.1941
Seongsan Ilchulbong,453664187306743,0.2239,0.0133,0.3544
Seongsan Ilchulbong,455108163627389,0.2161,0.0503,0.0851
Seongsan Ilchulbong,457410548666328,0.5851,0.007,0.0011
Seongsan Ilchulbong,458985649893838,0.2584,0.043,0.2463
Seongsan Ilchulbong,461302619892065,0.2257,0.0174,0.3533
Seongsan Ilchulbong,467023671230834,0.6441,0.0179,0.0
Seongsan Ilchulbong,467529839035023,0.1798,0.0266,0.322
Seongsan Ilchulbong,475364150414496,0.5576,0.0128,0.0023
Seongsan Ilchulbong,476358213591247,0.3955,0.0251,0.0057
Seongsan Ilchulbong,478295570121100,0.6125,0.0025,0.0008
Seongsan Ilchulbong,480283053027805,0.6458,0.0232,0.0196
Seongsan Ilchulbong,481518353069128,0.6722,0.0205,0.0
Seongsan Ilchulbong,482692926390793,0.5671,0.0043,0.0298
Seongsan Ilchulbong,484629199451809,0.4769,0.0079,0.0027
Seongsan Ilchulbong,489030799016343,0.6007,0.0007,0.0003
Seongsan Ilchulbong,498381758120961,0.4211,0.0086,0.0009
Seongsan Ilchulbong,499893144757629,0.6289,0.012,0.0104
Seongsan Ilchulbong,500211727770323,0.6214,0.0052,0.0047
Seongsan Ilchulbong,508124583699739,0.5289,0.0012,0.0014
Seongsan Ilchulbong,508653223614016,0.6888,0.001,0.0019
Seongsan Ilchulbong,509508826893482,0.5929,0.0015,0.0002
Seongsan Ilchulbong,516846309671717,0.4313,0.0066,0.01
Seongsan Ilchulbong,518179525849159,0.6001,0.0017,0.0001
Seongsan Ilchulbong,521094175557152,0.6275,0.0199,0.0001
Seongsan Ilchulbong,531618384523606,0.5421,0.0058,0.0012
Seongsan Ilchulbong,5457201297686099,0.5147,0.0059,0.0223
Seongsan Ilchulbong,548980596507299,0.6138,0.0023,0.0001
Seongsan Ilchulbong,5514620921912410,0.6054,0.0054,0.0074
Seongsan Ilchulbong,560435884942678,0.4476,0.0195,0.0147
Seongsan Ilchulbong,579178263021253,0.5936,0.0035,0.0037
Seongsan Ilchulbong,580692909577306,0.6598,0.0149,0.0002
Seongsan Ilchulbong,594008758169896,0.6027,0.0016,0.0045
Seongsan Ilchulbong,605971447465570,0.4395,0.0234,0.004
Seongsan Ilchulbong,610456996578277,0.5914,0.0013,0.0015
Seongsan Ilchulbong,629228038476666,0.5992,0.0019,0.0003
Seongsan Ilchulbong,675359958008875,0.3009,0.0159,0.2916
Seongsan Ilchulbong,678109677718863,0.328,0.0713,0.0565
Seongsan Ilchulbong,714684847275231,0.1504,0.0497,0.091
Seongsan Ilchulbong,7253507114759502,0.2096,0.0636,0.0798
Seongsan Ilchulbong,733087494054611,0.6055,0.0077,0.0145
Seongsan Ilchulbong,7365001180288236,0.3006,0.0396,0.2186
Seongsan Ilchulbong,737170411932226,0.3409,0.0569,0.0654
Seongsan Ilchulbong,7415291735228535,0.1005,0.0779,0.3208
Seongsan Ilchulbong,742613884608267,0.1368,0.058,0.361
Seongsan Ilchulbong,742786516401887,0.644,0.0294,0.0197
Seongsan Ilchulbong,743730516304105,0.3866,0.0029,0.0038
Seongsan Ilchulbong,744882240966113,0.3427,0.0265,0.2341
Seongsan Ilchulbong,7473728576054663,0.1335,0.0866,0.2644
Seongsan Ilchulbong,747712214142019,0.112,0.0594,0.3658
Seongsan Ilchulbong,747762605917767,0.6206,0.0009,0.0
Seongsan Ilchulbong,748195750756780,0.3098,0.0351,0.2024
Seongsan Ilchulbong,751481340446043,0.1243,0.0869,0.2672
Seongsan Ilchulbong,752508966993025,0.3268,0.0539,0.2851
Seongsan Ilchulbong,7547176305402730,0.2891,0.0293,0.2082
Seongsan Ilchulbong,7612103708865222,0.2074,0.0605,0.0656
Seongsan Ilchulbong,764855147488863,0.5713,0.0023,0.0007
Seongsan Ilchulbong,767426115519605,0.2284,0.0091,0.3384
Seongsan Ilchulbong,771754975091362,0.0919,0.0888,0.1702
Seongsan Ilchulbong,7759611154106808,0.2453,0.0284,0.081
Seongsan Ilchulbong,777442097409665,0.1392,0.1168,0.3046
Seongsan Ilchulbong,787470762992712,0.1457,0.0636,0.1438
Seongsan Ilchulbong,789360456462738,0.3332,0.0433,0.2477
Seongsan Ilchulbong,790273811914536,0.6125,0.0007,0.0002
Seongsan Ilchulbong,7907628039256598,0.4083,0.0168,0.1754
Seongsan Ilchulbong,796470719066121,0.2259,0.0346,0.3666
Seongsan Ilchulbong,797190999019340,0.22,0.0539,0.0667
Seongsan Ilchulbong,797564408542530,0.3156,0.0403,0.1767
Seongsan Ilchulbong,798182617790617,0.6265,0.0024,0.0008
Seongsan Ilchulbong,798508151766000,0.2688,0.0281,0.1518
Seongsan Ilchulbong,816186962628149,0.5813,0.0031,0.0009
Seongsan Ilchulbong,824394591822611,0.7273,0.0019,0.0006
Seongsan Ilchulbong,8407225055960113,0.1133,0.0172,0.1906
Seongsan Ilchulbong,849894875598918,0.6925,0.0006,0.0006
Seongsan Ilchulbong,872084424641823,0.1735,0.029,0.1067
Seongsan Ilchulbong,876196814524479,0.4707,0.0381,0.0929
Seongsan Ilchulbong,879637082615229,0.4623,0.0007,0.0002
Seongsan Ilchulbong,893871132415253,0.1376,0.0272,0.2992
Seongsan Ilchulbong,923542375110302,0.5699,0.0028,0.0
Seongsan Ilchulbong,942340857364769,0.0865,0.0618,0.2326
Seongsan Ilchulbong,942535827543738,0.3254,0.0587,0.1502
Seongsan Ilchulbong,946082056193111,0.6021,0.0002,0.0002
Seongsan Ilchulbong,950905932414690,0.6382,0.0008,0.0001
Seongsan Ilchulbong,952675716363410,0.2455,0.0575,0.0686
Seongsan Ilchulbong,955961906233845,0.3107,0.0312,0.2189
Seongsan Ilchulbong,956573432392422,0.2281,0.0418,0.0845
Seongsan Ilchulbong,958769959088214,0.2376,0.024,0.1042
Seongsan Ilchulbong,959303065390057,0.2178,0.032,0.3008
Seongsan Ilchulbong,959436088738477,0.2297,0.0592,0.0676
Seongsan Ilchulbong,960974088889202,0.2227,0.0979,0.1145
Seongsan Ilchulbong,961679732220320,0.1947,0.0244,0.355
Seongsan Ilchulbong,967677614702588,0.1202,0.0581,0.289
Seongsan Ilchulbong,970923794044083,0.188,0.0473,0.183
Seongsan Ilchulbong,972187971141491,0.1898,0.1176,0.2052
Seongsan Ilchulbong,973639757768271,0.3894,0.0227,0.1591
Seongsan Ilchulbong,974467517591159,0.2705,0.0685,0.3058
Seongsan Ilchulbong,977406936433798,0.5256,0.0052,0.0024
Seongsan Ilchulbong,977989019606841,0.6894,0.0089,0.0002
Seongsan Ilchulbong,986694496373700,0.2188,0.0419,0.076
Seongsu,1003762611866246,0.3434,0.2562,0.025
Seongsu,1004624711100817,0.2226,0.1687,0.0729
Seongsu,1005152668214836,0.8786,0.0884,0.009
Seongsu,1008950643932984,0.6094,0.0302,0.1555
Seongsu,1009462740510531,0.444,0.0688,0.1219
Seongsu,1020143076675448,0.6537,0.1415,0.04
Seongsu,1027380282570038,0.4583,0.0396,0.1457
Seongsu,1030756222290670,0.4033,0.0064,0.0752
Seongsu,1036347464975788,0.5007,0.191,0.091
Seongsu,1070704050661750,0.6124,0.0077,0.0081
Seongsu,1074122397018462,0.7651,0.042,0.0458
Seongsu,1079501836454522,0.0814,0.5145,0.2538
Seongsu,1083721092722535,0.2553,0.2442,0.0264
Seongsu,1084809966377251,0.5729,0.2347,0.0385
Seongsu,1087841058942937,0.7596,0.0017,0.0333
Seongsu,1089504075470372,0.5436,0.1874,0.0632
Seongsu,1094587331656895,0.5143,0.0012,0.0089
Seongsu,1098324044796768,0.5168,0.0058,0.025
Seongsu,1102824671000629,0.4629,0.0167,0.0289
Seongsu,1115812139636134,0.4385,0.0009,0.061
Seongsu,1123858775517140,0.503,0.002,0.0466
Seongsu,1126186331409465,0.4571,0.0377,0.0299
Seongsu,1135624893767485,0.4953,0.0022,0.0196
Seongsu,1135874164112599,0.7183,0.001,0.0699
Seongsu,1142281153121741,0.4323,0.0043,0.209
Seongsu,1147544079923739,0.7202,0.0065,0.0381
Seongsu,1155378761810849,0.1933,0.0002,0.017
Seongsu,1159853395400258,0.5809,0.0445,0.1382
Seongsu,1160295809110620,0.6572,0.1916,0.0393
Seongsu,1161436188532762,0.1117,0.0252,0.0075
Seongsu,1162187905514782,0.5969,0.0025,0.0605
Seongsu,1166535734962373,0.3615,0.2215,0.049
Seongsu,1169412428192192,0.5445,0.0525,0.1527
Seongsu,1172619197604435,0.606,0.1067,0.0214
Seongsu,1174405297011076,0.284,0.0077,0.5464
Seongsu,1179127673138739,0.6375,0.0861,0.0596
Seongsu,1187924452738270,0.4565,0.0278,0.2219
Seongsu,1188553879428513,0.5154,0.0264,0.1372
Seongsu,1190017892803293,0.4743,0.0083,0.2441
Seongsu,1190252272615457,0.5034,0.0859,0.0599
Seongsu,1192592185811057,0.3298,0.0102,0.1436
Seongsu,1195094285752360,0.5444,0.0508,0.1662
Seongsu,1195900528805549,0.6889,0.1381,0.0256
Seongsu,1201153937932949,0.4794,0.0479,0.0309
Seongsu,1202782250674525,0.8087,0.0002,0.0036
Seongsu,1203117724755095,0.5045,0.1067,0.149
Seongsu,1203987550472502,0.4456,0.0731,0.0483
Seongsu,1212781379685162,0.7615,0.0044,0.0187
Seongsu,1212786766279551,0.3287,0.0063,0.2839
Seongsu,1217059786671230,0.5676,0.036,0.1056
Seongsu,1217398359152461,0.3308,0.1939,0.0386
Seongsu,1219286892910273,0.32,0.0336,0.097
Seongsu,1234784891400865,0.5311,0.0096,0.0421
Seongsu,1248132632727774,0.5314,0.0058,0.0363
Seongsu,1260727327826142,0.5369,0.1172,0.0192
Seongsu,1322607085655673,0.4313,0.1101,0.0261
Seongsu,1330676094835441,0.5515,0.1341,0.1085
Seongsu,1331547514838998,0.5599,0.1199,0.0526
Seongsu,1343375350202520,0.6113,0.1034,0.1333
Seongsu,1344597763477614,0.5431,0.1836,0.0267
Seongsu,1357387265393895,0.4167,0.1768,0.1035
Seongsu,1366156684390953,0.5385,0.0698,0.1941
Seongsu,1366157348052142,0.4917,0.0167,0.0438
Seongsu,1366459381140181,0.5272,0.0909,0.1964
Seongsu,1368983030814542,0.4636,0.0373,0.1377
Seongsu,1370047066932468,0.7036,0.0144,0.0003
Seongsu,1372184217007564,0.7413,0.057,0.0374
Seongsu,1381538929689335,0.584,0.0562,0.0881
Seongsu,1383349392676073,0.4874,0.2243,0.0364
Seongsu,1394694488213478,0.4549,0.1081,0.0604
Seongsu,1417261108931450,0.4377,0.0071,0.0107
Seongsu,1424407201519507,0.5152,0.0019,0.1241
Seongsu,1435178537859462,0.6484,0.0865,0.071
Seongsu,143541811904392,0.6674,0.0006,0.025
Seongsu,1436936817026178,0.6131,0.0421,0.1088
Seongsu,145986901337336,0.4894,0.004,0.0749
Seongsu,1468603120749987,0.2952,0.0366,0.0631
Seongsu,146967688215350,0.2172,0.0094,0.0012
Seongsu,1479518379201121,0.5059,0.004,0.0158
Seongsu,1487384568842767,0.5677,0.1211,0.0879
Seongsu,1496632557968011,0.4887,0.0473,0.0219
Seongsu,1511857136104295,0.907,0.0002,0.0004
Seongsu,153118394249546,0.4904,0.0093,0.0647
Seongsu,1540070116950427,0.4246,0.0554,0.1035
Seongsu,1560084235050739,0.3765,0.0007,0.0663
Seongsu,1573367060009328,0.736,0.0632,0.008
Seongsu,1579342796090434,0.6705,0.0981,0.026
Seongsu,1579605492753596,0.4866,0.067,0.1072
Seongsu,1584057842095392,0.6962,0.0009,0.0623
Seongsu,1586953185349833,0.6404,0.1547,0.0205
Seongsu,1603807337688572,0.5578,0.0863,0.1568
Seongsu,1605542230199644,0.4935,0.1639,0.0635
Seongsu,1607189263412419,0.7263,0.0215,0.0185
Seongsu,1608693169952969,0.5584,0.0588,0.0873
Seongsu,1616163999197966,0.5898,0.0321,0.145
Seongsu,161805803285858,0.5173,0.0016,0.0108
Seongsu,1624265331679308,0.2852,0.0178,0.1619
Seongsu,1635099551159862,0.5714,0.0431,0.0306
Seongsu,1637698790102627,0.7999,0.0001,0.0054
Seongsu,1656982111740081,0.6133,0.0203,0.035
Seongsu,1658812014892489,0.4692,0.0411,0.0583
Seongsu,1690418075689258,0.5475,0.0682,0.1949
Seongsu,1705560343689697,0.3352,0.0366,0.3126
Seongsu,1707452216787274,0.3849,0.2086,0.1092
Seongsu,1709646619652988,0.7008,0.076,0.0473
Seongsu,1763742474357598,0.4291,0.1167,0.1773
Seongsu,1793091504598702,0.5366,0.105,0.0789
Seongsu,1806179516544514,0.5115,0.2801,0.0922
Seongsu,1812068619269278,0.7042,0.03,0.0344
Seongsu,1816645858836805,0.2633,0.0098,0.0007
Seongsu,1823825041748661,0.6793,0.0733,0.0331
Seongsu,1827152391458688,0.5546,0.0691,0.0712
Seongsu,1827316181121713,0.6328,0.0673,0.0519
Seongsu,1842472192758837,0.3897,0.0137,0.0607
Seongsu,1844127359679375,0.4966,0.1241,0.1323
Seongsu,1864141921013783,0.6365,0.0425,0.1049
Seongsu,1883936895458767,0.4659,0.003,0.0897
Seongsu,1884994498999996,0.5187,0.0731,0.0808
Seongsu,1888324794878024,0.5305,0.0043,0.0249
Seongsu,1892110584569471,0.8182,0.0001,0.0271
Seongsu,1932254000563377,0.6464,0.0042,0.194
Seongsu,1935886783613619,0.5593,0.2251,0.0013
Seongsu,1962127407463407,0.743,0.0006,0.0189
Seongsu,1978138999342264,0.3764,0.0403,0.0417
Seongsu,2044406059261921,0.6604,0.0224,0.0212
Seongsu,2045926199223859,0.4299,0.1081,0.0266
Seongsu,2059592337847160,0.5307,0.0447,0.1929
Seongsu,2095312877535643,0.4057,0.0139,0.0584
Seongsu,2095329334272504,0.577,0.0258,0.1146
Seongsu,210980718169559,0.4485,0.0065,0.0159
Seongsu,2110963606033222,0.3326,0.0848,0.0791
Seongsu,2112660935777190,0.5676,0.0001,0.0409
Seongsu,2127377070944914,0.6838,0.006,0.0139
Seongsu,2129336357424567,0.6153,0.0015,0.0485
Seongsu,2135961439935939,0.3934,0.0143,0.0327
Seongsu,2157151908078322,0.6306,0.0739,0.0827
Seongsu,2167327920291725,0.5913,0.0384,0.1778
Seongsu,2168786373636066,0.521,0.0481,0.2273
Seongsu,2207818246226417,0.9098,0.0,0.0
Seongsu,225545509910292,0.616,0.0363,0.0168
Seongsu,231866525937159,0.7647,0.0043,0.1116
Seongsu,234674029736750,0.6023,0.0285,0.1187
Seongsu,248103665052690,0.6789,0.0007,0.0637
Seongsu,251497381318943,0.4695,0.0089,0.0968
Seongsu,2565024746979578,0.2526,0.0028,0.3006
Seongsu,264847023290122,0.7291,0.029,0.0195
Seongsu,266376866464957,0.4177,0.0007,0.0944
Seongsu,2696103950550579,0.397,0.0083,0.0707
Seongsu,2704518929740468,0.5753,0.0739,0.1053
Seongsu,2768077120007555,0.5916,0.0082,0.207
Seongsu,286147304451303,0.5047,0.1657,0.0001
Seongsu,2937517266430057,0.3215,0.0508,0.3357
Seongsu,2955162854791212,0.4696,0.0753,0.014
Seongsu,330963940007878,0.5494,0.0488,0.1462
Seongsu,336796635708980,0.5213,0.071,0.0016
Seongsu,3369067750033618,0.6209,0.0816,0.0182
Seongsu,3451756418387500,0.4247,0.0305,0.0183
Seongsu,3484875155157357,0.5663,0.0088,0.0527
Seongsu,355146137021278,0.5912,0.0289,0.1341
Seongsu,3578239945802823,0.6236,0.1472,0.0628
Seongsu,3592815837636000,0.5302,0.0267,0.1983
Seongsu,3603887776498097,0.4261,0.0125,0.0821
Seongsu,3687342221583519,0.7432,0.1191,0.0
Seongsu,3727532374156115,0.8492,0.0075,0.0
Seongsu,373123478374408,0.5054,0.0005,0.0172
Seongsu,3774892759504817,0.636,0.0798,0.0622
Seongsu,3786215248296159,0.5996,0.0858,0.1914
Seongsu,3871705806430303,0.4527,0.0485,0.1898
Seongsu,392925490328783,0.5309,0.0423,0.1112
Seongsu,3934328046836468,0.4265,0.1366,0.1583
Seongsu,3948319158728855,0.7981,0.0,0.0517
Seongsu,396286236570259,0.5483,0.0002,0.0512
Seongsu,396680373344145,0.8751,0.0288,0.0023
Seongsu,398388589832470,0.6124,0.0037,0.0008
Seongsu,403979039129044,0.5189,0.0804,0.0921
Seongsu,404607485833243,0.5904,0.0549,0.0903
Seongsu,4051005015178845,0.4657,0.0898,0.1628
Seongsu,409648335257584,0.4383,0.0011,0.1147
Seongsu,410406328592154,0.5488,0.0434,0.1548
Seongsu,416738061145868,0.316,0.1007,0.0716
Seongsu,419841124333534,0.4299,0.008,0.0136
Seongsu,420230500716275,0.7268,0.0322,0.095
Seongsu,422517537145289,0.5459,0.0065,0.0841
Seongsu,425512596747234,0.7282,0.0141,0.0582
Seongsu,427709326617657,0.8437,0.0,0.0087
Seongsu,434770212580744,0.278,0.0273,0.174
Seongsu,436669209047197,0.455,0.0009,0.0586
Seongsu,442638311709297,0.4909,0.0019,0.1278
Seongsu,443220551526595,0.8667,0.0004,0.0257
Seongsu,443628367783740,0.5927,0.0738,0.0188
Seongsu,449502380787689,0.8567,0.0102,0.0051
Seongsu,451331134038870,0.3966,0.011,0.0639
Seongsu,453276743901919,0.5578,0.0032,0.0081
Seongsu,454500893902772,0.5297,0.0255,0.0551
Seongsu,455624203669014,0.5392,0.0433,0.0006
Seongsu,461321869654609,0.8441,0.035,0.0
Seongsu,462842622672897,0.3412,0.1255,0.0415
Seongsu,463840319173425,0.6836,0.0025,0.0156
Seongsu,464149056179385,0.7692,0.0282,0.0157
Seongsu,466622252383306,0.3811,0.0151,0.0168
Seongsu,471243234997123,0.3807,0.006,0.0531
Seongsu,483757623977519,0.6692,0.0158,0.0586
Seongsu,487210603870651,0.6637,0.0685,0.0586
Seongsu,514331578167544,0.5427,0.0336,0.1586
Seongsu,519216823674447,0.3622,0.0024,0.2395
Seongsu,527484115910815,0.378,0.0048,0.0503
Seongsu,527899439333465,0.6141,0.0031,0.0328
Seongsu,528101016651441,0.5797,0.0709,0.1443
Seongsu,528537022497007,0.4761,0.0907,0.0139
Seongsu,538542082598624,0.6061,0.0333,0.13
Seongsu,541789765617367,0.3871,0.0297,0.2281
Seongsu,5557356914368677,0.4386,0.0089,0.0378
Seongsu,556269576563775,0.8345,0.0007,0.015
Seongsu,577970185298157,0.4123,0.0839,0.1622
Seongsu,587359544332954,0.3761,0.0751,0.1501
Seongsu,597633192180810,0.2551,0.0006,0.1057
Seongsu,6056566807742539,0.7338,0.0049,0.0628
Seongsu,607003182373098,0.4053,0.0731,0.1664
Seongsu,626759250343949,0.3501,0.0727,0.0857
Seongsu,627867716707580,0.5109,0.1506,0.0524
Seongsu,640813475478150,0.5475,0.0732,0.0862
Seongsu,643655688369651,0.5326,0.1166,0.0923
Seongsu,644746955180756,0.5603,0.1175,0.0541
Seongsu,649997331104759,0.6601,0.1418,0.0675
Seongsu,651144584293721,0.6585,0.0598,0.1449
Seongsu,657001107080429,0.4453,0.1058,0.0259
Seongsu,675595674925432,0.6202,0.099,0.0932
Seongsu,676078924860686,0.5291,0.0949,0.1855
Seongsu,680861174470661,0.3884,0.0343,0.0966
Seongsu,681260734066234,0.3903,0.0299,0.0052
Seongsu,687746600357311,0.668,0.0493,0.0886
Seongsu,689755770177905,0.7397,0.0614,0.0357
Seongsu,7158359847623783,0.4998,0.0794,0.0321
Seongsu,720123579762695,0.7244,0.0039,0.0387
Seongsu,728266282714867,0.1728,0.3078,0.4132
Seongsu,729034388775031,0.447,0.0065,0.2987
Seongsu,729881902143833,0.6153,0.0094,0.0637
Seongsu,730145538508511,0.6549,0.0128,0.0044
Seongsu,7325699854219818,0.5986,0.085,0.0524
Seongsu,738252558480132,0.0699,0.4474,0.351
Seongsu,739917251663352,0.5587,0.0198,0.1097
Seongsu,746472387106987,0.8552,0.0012,0.0156
Seongsu,746540730977713,0.5139,0.0076,0.0133
Seongsu,749046360717508,0.7171,0.0062,0.0846
Seongsu,763578702197569,0.548,0.0211,0.1341
Seongsu,775639334542856,0.7252,0.021,0.0179
Seongsu,775734794653904,0.6447,0.1101,0.0857
Seongsu,777393410598396,0.8256,0.0046,0.0189
Seongsu,7780350765317426,0.4316,0.0257,0.0074
Seongsu,781675737260788,0.1503,0.3818,0.3934
Seongsu,798874565629641,0.5404,0.0141,0.228
Seongsu,805323134280074,0.9779,0.0,0.0006
Seongsu,806378587497352,0.7266,0.0164,0.0356
Seongsu,806815317443279,0.7994,0.0255,0.0158
Seongsu,808451413979858,0.656,0.0559,0.019
Seongsu,810840984241020,0.5269,0.015,0.0485
Seongsu,815858943780424,0.6853,0.0006,0.0276
Seongsu,818129736848433,0.5991,0.0204,0.0009
Seongsu,847689176545557,0.4092,0.0262,0.0536
Seongsu,8710826075658196,0.6429,0.0004,0.0372
Seongsu,877060420058609,0.8185,0.0,0.0051
Seongsu,880144309865261,0.4955,0.017,0.0282
Seongsu,887927595876645,0.7648,0.0012,0.0061
Seongsu,895233025118383,0.6162,0.0103,0.0064
Seongsu,900825504450839,0.2742,0.0003,0.0467
Seongsu,903603454871039,0.534,0.0064,0.0425
Seongsu,9259554960833000,0.63,0.0893,0.1126
Seongsu,927492755090735,0.66,0.0002,0.0698
Seongsu,929338144733476,0.4776,0.0384,0.0023
Seongsu,938369714171569,0.6353,0.0115,0.0242
Seongsu,939154347994644,0.6454,0.0072,0.0022
Seongsu,939185244351667,0.4992,0.0059,0.0067
Seongsu,940064805411304,0.3288,0.0021,0.1948
Seongsu,9428158980613231,0.4679,0.148,0.0314
Seongsu,945269254265250,0.5956,0.0163,0.022
Seongsu,9455197281203924,0.5564,0.0585,0.1523
Seongsu,950785379892875,0.6509,0.0103,0.0311
Seongsu,953197603196775,0.4744,0.1479,0.1442
Seongsu,954903546857533,0.327,0.0959,0.1135
Seongsu,957251458515732,0.5792,0.0034,0.0348
Seongsu,957324432799128,0.817,0.0004,0.0068
Seongsu,959036799283174,0.5615,0.011,0.0048
Seongsu,964038345719882,0.6113,0.0575,0.001
Seongsu,964644082321318,0.6513,0.1212,0.0382
Seongsu,966857182283836,0.2241,0.1747,0.2434
Seongsu,968340044777957,0.4834,0.0917,0.0571
Seongsu,970715330830458,0.3893,0.007,0.0037
Seongsu,972202250410586,0.7158,0.0621,0.0133
Seongsu,974017924327238,0.6749,0.0654,0.0526
Seongsu,975955250931456,0.356,0.1514,0.0732
Seongsu,976341530942907,0.0787,0.5194,0.2923
Seongsu,976613914598045,0.2269,0.0561,0.0804
Seongsu,978024373675226,0.7227,0.0023,0.0131
Seongsu,982902896031932,0.5259,0.0418,0.0021
Seongsu,985630173540310,0.6535,0.0198,0.1837
Seongsu,987135916469216,0.5209,0.1178,0.105
Seongsu,992269555937915,0.7741,0.002,0.0095
Seongsu,994687432616173,0.449,0.1304,0.0278
Seongsu,996109972615274,0.3907,0.1466,0.2248
Seongsu,997687912317602,0.5068,0.0471,0.0014
