image_id,neighborhood,longitude,latitude,sign_count,frame_language,combined_text
1003197857963721,Gangnam,127.034213,37.497937,4,Mixed,출과 | 듬엄B | 2412 | 다어아든
1017147865355803,Gangnam,127.02970333333,37.498379722222,1,Hangul,역삼세무서
1033995711879804,Gangnam,127.032617,37.495638,1,Hangul,104다드
1036176633644085,Gangnam,127.03467638889,37.499838333333,0,No_Text,None
1045754010728464,Gangnam,127.030847,37.498497,0,No_Text,None
1046512623956941,Gangnam,127.032897,37.497248,2,Mixed,1무다 | NJTHANL
1068146373676810,Gangnam,127.02520011073,37.498972682477,11,Mixed,해키스어학원 | 43F | <Er | RE든 | 3변과 | 서초4동 | 주민센터 | G | TESIPLF | 가 | 3481-581
1092253339596118,Gangnam,127.032867,37.497627,0,No_Text,None
1098142130682320,Gangnam,127.03538832327,37.50035013566,0,No_Text,None
1105121809976681,Gangnam,127.025631862,37.497308582465,0,No_Text,None
1106198573208634,Gangnam,127.02583053177,37.503923528013,5,Mixed,러 | 2F | 소교기전문점 | 자 | MYO
1119507171892836,Gangnam,127.03415307773,37.500003650089,0,No_Text,None
1153641375083341,Gangnam,127.02955830231,37.502664694719,0,No_Text,None
1155869902893926,Gangnam,127.032453,37.49591,0,No_Text,None
1167240587835724,Gangnam,127.033725,37.499208,9,Mixed,1 | 0107 | 673521 | 2보 | DYOT0 | 이자카야 | 삼미미국수 | 삼미비 | 국수컴
1167946988139659,Gangnam,127.033968,37.497882,2,Hangul,아이카프라자 | 간
1168988617935775,Gangnam,127.032962,37.497075,4,Mixed,1무투 | 크도 | NU | 10171
1169981723471426,Gangnam,127.02159674867,37.496193852655,0,No_Text,None
1172786556494144,Gangnam,127.02182294667,37.495215126667,0,No_Text,None
1178445945925785,Gangnam,127.03038115925,37.502996673609,0,No_Text,None
1180103519805852,Gangnam,127.031955,37.496763,1,Hangul,대고
1183879466727244,Gangnam,127.030952,37.498638,0,No_Text,None
1193079681114625,Gangnam,127.03292448187,37.501930095078,0,No_Text,None
1200861597026513,Gangnam,127.03514410665,37.500111984776,0,No_Text,None
1203170371195408,Gangnam,127.030953,37.498247,1,Hangul,19:44고
1230293508807681,Gangnam,127.03381,37.498378,3,Mixed,R | COde | 26년차자
1237226073359237,Gangnam,127.02383176771,37.498622218081,0,No_Text,None
1246430515771964,Gangnam,127.02992300339,37.49856083345,0,No_Text,None
1261343710935261,Gangnam,127.03101231754,37.498911898689,0,No_Text,None
1264826740586729,Gangnam,127.0326439,37.501872,0,No_Text,None
127529909395978,Gangnam,127.02583333333,37.500555555556,3,Hangul,프교 | 금층 | -
1335683491446203,Gangnam,127.032637,37.49569,1,Other,5
1336703000990069,Gangnam,127.03339,37.496337,0,No_Text,None
1338219560547754,Gangnam,127.033943,37.499375,7,Mixed,공금마루 | 투석 | 팥 | TOUSJ0UR | Thie?G | Goffee | Bean
1354316468286637,Gangnam,127.03179758055,37.501578920674,3,Hangul,프리우스 | 희삼 | 101
1363575997344845,Gangnam,127.02168991768,37.495647600305,0,No_Text,None
136569218496176,Gangnam,127.03366325961,37.499674015009,0,No_Text,None
1369426893413820,Gangnam,127.03022210955,37.502759404775,0,No_Text,None
1370021100815983,Gangnam,127.032822,37.49756,3,Hangul,구1 | 19 | 대부단부거입은
138868394879795,Gangnam,127.03039333333,37.498931388889,2,English,60 | IzAirND
1392068967858636,Gangnam,127.03383867187,37.500255851959,0,No_Text,None
1403682526644215,Gangnam,127.03113729566,37.498954030369,0,No_Text,None
1409033506102259,Gangnam,127.0298406396,37.498531014663,0,No_Text,None
141723727878040,Gangnam,127.0216389886,37.496087541878,0,No_Text,None
1419427268496997,Gangnam,127.03338833333,37.498953333333,3,Hangul,/ | 크스 | 大
143474161093977,Gangnam,127.02439385222,37.498706976647,1,Hangul,예개스어학원
145790464188009,Gangnam,127.02428846117,37.496883765187,0,No_Text,None
146958743998822,Gangnam,127.02554910473,37.497279535678,0,No_Text,None
1543357496029501,Gangnam,127.02100337121,37.497579207051,0,No_Text,None
1585189918848241,Gangnam,127.03145,37.498993,0,No_Text,None
160229782623448,Gangnam,127.0213846784,37.496061296288,0,No_Text,None
1623881914954644,Gangnam,127.032878,37.499672,3,Hangul,19 | 아10마미 | 구등
1627035900826309,Gangnam,127.02246720675,37.496360935605,0,No_Text,None
1627592650764406,Gangnam,127.03383325895,37.499723347242,0,No_Text,None
164006482241528,Gangnam,127.03027061179,37.503045690585,0,No_Text,None
1642979789426248,Gangnam,127.02891402663,37.498243567453,0,No_Text,None
164615212260474,Gangnam,127.02667536629,37.49935139588,3,Mixed,공사중 | 부E524옹고서험 | 구께8생집/
166519182068033,Gangnam,127.02817187729,37.498024225666,3,English,HLF | [ | /
1670899587638335,Gangnam,127.03401,37.499502,6,Mixed,1무 | 경하류공 | 지망 | AGUETTE | 9연세더무은내리의원투식자정 | Tie Goflec Benn
167333748726793,Gangnam,127.0262415066,37.499193219029,0,No_Text,None
167616805258795,Gangnam,127.03577783404,37.500440256391,0,No_Text,None
170756088298808,Gangnam,127.029891962,37.501852366,0,No_Text,None
1708050766762428,Gangnam,127.03134,37.498897,4,Mixed,B | 10조원 | 돌파 | r1S
1722587827927867,Gangnam,127.03087057236,37.50131626903,0,No_Text,None
172893171424772,Gangnam,127.02454990211,37.504802486854,0,No_Text,None
173555667981008,Gangnam,127.02777777778,37.499722222222,1,Hangul,셰좋만
178334110820151,Gangnam,127.03558169167,37.500400435121,0,No_Text,None
180855673814121,Gangnam,127.03115914608,37.50147378558,0,No_Text,None
1810108849171029,Gangnam,127.02627358019,37.497525313356,0,No_Text,None
182687000385735,Gangnam,127.02893510599,37.498250099045,0,No_Text,None
1830961400397616,Gangnam,127.02951138987,37.50262868219,0,No_Text,None
1840891986085196,Gangnam,127.02730599286,37.497844960643,0,No_Text,None
1886163448212307,Gangnam,127.03027286007,37.502782434328,0,No_Text,None
189428983029178,Gangnam,127.03201356385,37.49917937909,0,No_Text,None
189883056340721,Gangnam,127.02708138859,37.503762196396,0,No_Text,None
193019259335775,Gangnam,127.02986936,37.502680347742,1,Hangul,3151시
193147802537677,Gangnam,127.02285070648,37.496469558209,0,No_Text,None
1940698592745454,Gangnam,127.02243079214,37.503934173813,3,Mixed,11 | 견인지 | SE
194986132464588,Gangnam,127.02931652484,37.498363411699,0,No_Text,None
1951458675002871,Gangnam,127.02306498362,37.496556857842,0,No_Text,None
195766442365030,Gangnam,127.0294963105,37.503478219242,0,No_Text,None
197071222251765,Gangnam,127.02944478941,37.498398715374,0,No_Text,None
1990669624415856,Gangnam,127.02130893895,37.496023046274,0,No_Text,None
203619048102598,Gangnam,127.02187658523,37.495025505942,0,No_Text,None
203942208209562,Gangnam,127.03549576472,37.500378021796,0,No_Text,None
207228927632838,Gangnam,127.03457315929,37.500136419642,1,Hangul,광남자일으누리약국
2079970675761763,Gangnam,127.033285,37.496395,0,No_Text,None
209674070782234,Gangnam,127.03307622492,37.501684320202,7,Mixed,연합 | ELEVEE | 지통 | AAA | TRIPLE | A | COFF
210308667237394,Gangnam,127.02942166667,37.498366388889,1,Hangul,서층역상세
212679907102694,Gangnam,127.02366686011,37.504339188812,2,Mixed,제입약관 | LA0g렁
2190583651789177,Gangnam,127.02546448391,37.49725408542,0,No_Text,None
219436876296974,Gangnam,127.02328764355,37.496586002586,0,No_Text,None
219927079647254,Gangnam,127.02457366462,37.498744482981,0,No_Text,None
225398562694774,Gangnam,127.02720013288,37.497813269174,0,No_Text,None
2352404555144280,Gangnam,127.033262,37.499812,2,Mixed,1무중라대1 | BVLGAR!
243829677507244,Gangnam,127.02188602509,37.50380884947,4,Mixed,6hic | CHICKEA | EE터 | FLAF표
245470620660804,Gangnam,127.02983,37.499048333333,1,Hangul,드리국
246603643910373,Gangnam,127.02499072871,37.501893389307,0,No_Text,None
247473177127047,Gangnam,127.03017097338,37.502736711871,0,No_Text,None
252594599991122,Gangnam,127.02642239178,37.497568305848,1,Hangul,<시
254106896499147,Gangnam,127.02594995148,37.497401859532,1,Mixed,Ait dt루 ae
257219509241978,Gangnam,127.02561162259,37.497300539633,0,No_Text,None
2588202284813026,Gangnam,127.02833333333,37.498333333333,4,Hangul,100122967 | 긴격자 | 진려폰 | 1112111:
262614622279344,Gangnam,127.03185985266,37.499149153429,0,No_Text,None
2665342437089494,Gangnam,127.02940365614,37.503536663158,0,No_Text,None
272782937928528,Gangnam,127.0252103854,37.501390586131,5,Mixed,M | HOF SOJU | 피맥문 | 대당 | 부동
278761447201313,Gangnam,127.02777777778,37.499166666667,14,Mixed,꿰면움구 | 무휴 | 다시 | I~g-A~A>+~1-$~4 | 108006 | 은 | 시피 | T587-4900 | 산 | 대 | 10 | 차장 | 5F | 창과
279977310502977,Gangnam,127.03543452677,37.500205523549,1,Hangul,아
280565797140175,Gangnam,127.02245528571,37.4981493,0,No_Text,None
2813518952232588,Gangnam,127.02944235826,37.502409136697,1,English,Hr
281509060308829,Gangnam,127.02583333333,37.500555555556,3,Mixed,표레영 | ACTOR | B1
2830553990492125,Gangnam,127.03561154857,37.500279166749,0,No_Text,None
284834106626927,Gangnam,127.03578301868,37.500324240984,0,No_Text,None
2848864791995162,Gangnam,127.0222792037,37.498127419224,0,No_Text,None
285446473228323,Gangnam,127.02742972635,37.503824006835,0,No_Text,None
287497283009805,Gangnam,127.0353043395,37.500323330727,0,No_Text,None
2883817518500457,Gangnam,127.02164764545,37.496104189696,0,No_Text,None
289481716129417,Gangnam,127.03419423774,37.500018600676,0,No_Text,None
2903859456550049,Gangnam,127.0339386605,37.499755998169,0,No_Text,None
2910604679188363,Gangnam,127.03455012273,37.499938500311,0,No_Text,None
2934335963447341,Gangnam,127.02556991792,37.497286587914,0,No_Text,None
295053692111044,Gangnam,127.02466160406,37.497018061888,0,No_Text,None
2959867094281145,Gangnam,127.02534202342,37.497208066838,0,No_Text,None
2967934446794543,Gangnam,127.03275099424,37.499408152555,0,No_Text,None
297111975398242,Gangnam,127.02849084572,37.498116289594,0,No_Text,None
297709961910514,Gangnam,127.0302412428,37.498653681224,0,No_Text,None
297853171917691,Gangnam,127.02387502842,37.496791392556,1,English,GALLERY
299219241740875,Gangnam,127.02104449907,37.49592795535,0,No_Text,None
3000234980209022,Gangnam,127.0231571343,37.5041666,6,Mixed,공간부동사50: | 6 | 부동산 | 건물뒤편 | 주릇 | D든
3020438924948321,Gangnam,127.03258370702,37.50189597542,0,No_Text,None
302243741352644,Gangnam,127.0274548342,37.497887932241,0,No_Text,None
302588047998310,Gangnam,127.03215190961,37.501770622271,0,No_Text,None
3026091144287744,Gangnam,127.02551118052,37.500862464935,7,Mixed,본클리닉익원 | 13F사람사랑치과의원 | 12F | no | and | 월매네즈막 | 마블정형외과의
304107347922959,Gangnam,127.02979852839,37.501775355508,7,Mixed,마이요 | 보스주로 | 조표 | R | 은5E | 이부차량 | 출임금지
304781777753596,Gangnam,127.03543062329,37.500362889427,0,No_Text,None
3052140571668402,Gangnam,127.034275,37.499615,3,Mixed, Ime | 연크 | 중호고
3054919961429684,Gangnam,127.03077972222,37.498904722222,0,No_Text,None
3081518185493585,Gangnam,127.03272833333,37.498739722222,0,No_Text,None
311395844036256,Gangnam,127.02305033597,37.498307151079,0,No_Text,None
312006654215620,Gangnam,127.034335,37.49975,0,No_Text,None
316260610207715,Gangnam,127.02553206842,37.500771084211,3,Mixed,H0 | 문실 | 금연구역
317158469780550,Gangnam,127.02459687283,37.49700191841,0,No_Text,None
317222359787176,Gangnam,127.03015712178,37.4986271549,0,No_Text,None
319593779576252,Gangnam,127.03220245287,37.499239829445,0,No_Text,None
320054499490295,Gangnam,127.02648386138,37.50021912853,1,English,FFE
321154622934261,Gangnam,127.02960395394,37.501998602075,0,No_Text,None
321690199469374,Gangnam,127.0336422739,37.499667293835,0,No_Text,None
328897188585906,Gangnam,127.02249075953,37.504017294358,1,Hangul,울놈논
337192007825770,Gangnam,127.02236327766,37.496326245319,0,No_Text,None
3420859801379326,Gangnam,127.030987,37.498712,0,No_Text,None
342151147332528,Gangnam,127.02827365113,37.503983375044,0,No_Text,None
351848652970272,Gangnam,127.03070260665,37.49880168531,0,No_Text,None
3539034856316426,Gangnam,127.03374830553,37.499957723941,0,No_Text,None
3562922807344220,Gangnam,127.032402,37.495972,5,Mixed,끄5대 | 국기원 | 30 | LEE | 14
371398577521295,Gangnam,127.03568843752,37.500429174151,0,No_Text,None
374873383864323,Gangnam,127.02163608508,37.496069670856,0,No_Text,None
375110733828583,Gangnam,127.02805555556,37.498611111111,0,No_Text,None
376201940413068,Gangnam,127.0332643805,37.499546862392,0,No_Text,None
377306533634371,Gangnam,127.02392562564,37.504467899359,3,Hangul,이로 | 펠리스 | 그
3803017496463372,Gangnam,127.03219565381,37.501804451269,0,No_Text,None
380889623065417,Gangnam,127.02966972222,37.498865,0,No_Text,None
384334310216992,Gangnam,127.03326166667,37.498861388889,0,No_Text,None
389357315574252,Gangnam,127.02564056751,37.504020259052,4,English,KODFICHFUF | BoWi | 24 | CimbingPark
3898027800304197,Gangnam,127.03194769386,37.49916640552,0,No_Text,None
391998688592475,Gangnam,127.02989607377,37.503183954098,0,No_Text,None
3941337229282570,Gangnam,127.03140548887,37.499048551843,0,No_Text,None
4008338675954125,Gangnam,127.02175225256,37.495398717891,0,No_Text,None
4097246403882948,Gangnam,127.033783,37.498647,1,Hangul,1대부구
4157802907596882,Gangnam,127.0286081984,37.50393706,0,No_Text,None
4295739473792015,Gangnam,127.03285530815,37.499442922961,0,No_Text,None
450038932762407,Gangnam,127.02272197275,37.49643537145,1,English,M6
452627845806903,Gangnam,127.029565,37.499023333333,0,No_Text,None
4541548555878475,Gangnam,127.02433111607,37.496895760844,0,No_Text,None
454452422292862,Gangnam,127.02688286523,37.497717602969,0,No_Text,None
461284625142710,Gangnam,127.03493784426,37.500232049092,1,English,LLCRE
464747557927388,Gangnam,127.025081,37.498950247458,1,Hangul,솔이네
465117961427500,Gangnam,127.02940198894,37.498387051614,0,No_Text,None
466326861108863,Gangnam,127.02165587907,37.495837723742,0,No_Text,None
466653334595288,Gangnam,127.02590732762,37.497389816481,1,Hangul,은
466808117956296,Gangnam,127.02438083333,37.504295,2,Hangul,궁성하 | 0편2
467168757695394,Gangnam,127.02454835629,37.496943449322,0,No_Text,None
471214657434086,Gangnam,127.02328527002,37.498337550503,0,No_Text,None
473234280394929,Gangnam,127.02777777778,37.500555555556,14,Mixed,경군 | 타미 | 여로 | | | 스레비크 | 포닉 | 2F | 24 | 맛 | 도 | 래 | 418THA! | 연습장 | 예개립나
473487340530633,Gangnam,127.03528263803,37.500318253244,1,Hangul,개주은임
473767573949272,Gangnam,127.03473138889,37.499881388889,1,Hangul,십가
473875110537756,Gangnam,127.02872371393,37.498186029189,0,No_Text,None
473975823827983,Gangnam,127.02556159011,37.504711645604,11,Mixed,라YH피 | 은 | 09 | 고속터미널 | Gangnam Stn | - | 1pe5s06 | 반포C | HarrTdegy어Br | 6트 | 담명
477442953524782,Gangnam,127.03565555142,37.500287476591,0,No_Text,None
477540500128911,Gangnam,127.03011630142,37.501586341026,0,No_Text,None
477611976800207,Gangnam,127.03038494561,37.50132879883,0,No_Text,None
486825412771396,Gangnam,127.02502393839,37.501852462064,11,Mixed,부산이묵 | menu | 꼬마김밥 | 교기쌀국수 | KCMEWO1 | J0A구 | 대학학 | 커스에거 | 유어원 | 원기소국기님 | 시
488053305962160,Gangnam,127.03385431632,37.499729924519,0,No_Text,None
488869785690582,Gangnam,127.03310806415,37.501650164006,5,Mixed,눈스선 | ELEVE | 지통 | A44 | TR!!
489311342187710,Gangnam,127.03007157603,37.498603816566,0,No_Text,None
489711368894920,Gangnam,127.02330931142,37.496591167853,0,No_Text,None
490512138927442,Gangnam,127.02377621625,37.504390339375,8,Mixed,은행 | 그 | 먹 | 시 | FELIZ | 유흡주점 | FELIZ | 컬리스
493696601748263,Gangnam,127.02503328024,37.504683528547,6,Mixed,공Y운 | 우전방100 | 2022년01 | 새서울철도 | 유응문운금 | [070-4163-055
494821928224506,Gangnam,127.02265770985,37.496418039852,0,No_Text,None
494893878370071,Gangnam,127.03463755475,37.500153371206,2,Hangul,스마르정으 | 가정오누정립구
496785152191343,Gangnam,127.03342138889,37.499016388889,2,Mixed,NCoKr서 | 고
500851614374032,Gangnam,127.02994362726,37.498568230807,0,No_Text,None
501421124313701,Gangnam,127.0282359058,37.498042115298,1,Other,[
501899550941113,Gangnam,127.03094985102,37.498890791007,0,No_Text,None
503930107407139,Gangnam,127.0230172874,37.496521827247,0,No_Text,None
505392990653182,Gangnam,127.03387537381,37.499736501834,0,No_Text,None
507290553787748,Gangnam,127.02501881457,37.497129698937,3,English,6001 | GURUF | COFFILUE
507438683951223,Gangnam,127.02417979627,37.496858929034,0,No_Text,None
507905500366620,Gangnam,127.02983607653,37.503305959529,0,No_Text,None
509139646936830,Gangnam,127.03389929065,37.499927338755,0,No_Text,None
511071683241237,Gangnam,127.03068199569,37.498794265005,0,No_Text,None
512291619807005,Gangnam,127.02258855957,37.50406196587,2,Hangul,베 | 한국부동산
512407196558176,Gangnam,127.02827836326,37.498054549093,0,No_Text,None
512788606832665,Gangnam,127.02726363966,37.497832303522,0,No_Text,None
513659499669774,Gangnam,127.03520638889,37.500133055556,0,No_Text,None
513791846459823,Gangnam,127.03432436513,37.499857465025,0,No_Text,None
518165515881138,Gangnam,127.0291461493,37.498314874645,0,No_Text,None
518173372876020,Gangnam,127.0270735155,37.497774378741,0,No_Text,None
519813939386716,Gangnam,127.03360040216,37.4996536556,0,No_Text,None
520392785799679,Gangnam,127.03003842137,37.501718693893,0,No_Text,None
521391149234008,Gangnam,127.02945026724,37.50245137666,1,English,ULLUIH!
524177902069199,Gangnam,127.0264600028,37.50032672972,2,Hangul,이트약국 | 약
533637721348785,Gangnam,127.02597248603,37.504922577126,6,Mixed,호연내과 | B개인PT/ | 신논현 | 약양 | H0 | a1a
543825147002151,Gangnam,127.02998513197,37.498582553165,0,No_Text,None
544185444944107,Gangnam,127.033417,37.497803,3,Mixed,부동산 | F4 | 566-1932--
5595274350501919,Gangnam,127.033015,37.499298333333,0,No_Text,None
559970351639284,Gangnam,127.02536358138,37.49721351667,0,No_Text,None
561768201452239,Gangnam,127.03372792685,37.500098936757,0,No_Text,None
574025453578844,Gangnam,127.02542107277,37.499060997245,7,Mixed,경이 | /562 | 2별관 | 4원 | 창시요스시 | 이춘복 | ARRT
580255696700062,Gangnam,127.0346164205,37.500146951966,0,No_Text,None
583315301537050,Gangnam,127.03307,37.496752,1,Other,2025101
590234195245117,Gangnam,127.02732716986,37.497851288491,0,No_Text,None
598889548170584,Gangnam,127.02956372694,37.502228846863,2,Mixed,국기원 | KUKKIWON TOCK
607146080260725,Gangnam,127.03472833333,37.499883333333,0,No_Text,None
6183469591679194,Gangnam,127.02882956285,37.498217743418,0,No_Text,None
630248063132359,Gangnam,127.031103,37.498055,6,Mixed,무 | 지하고료 | 50% | P디 | 프리랜싯 | 50
635487674076012,Gangnam,127.02654969362,37.49760565956,0,No_Text,None
643483748315849,Gangnam,127.033423,37.49614,2,Hangul,친배족 | 될
649222091246031,Gangnam,127.032632,37.495705,0,No_Text,None
662358099622738,Gangnam,127.032705,37.495295,2,Hangul,1대니마무 | 단
666987574554908,Gangnam,127.03326166667,37.498861388889,0,No_Text,None
674327008341035,Gangnam,127.033963,37.499397,6,Mixed,의금로 | 투석 | TOUSLJ0UJS | 은 | Ghe | GoffeeBean
674755368401553,Gangnam,127.033872,37.498233,6,Mixed,1대구대고 | BAR | CDGLE | 전포차 | Y6Gr | 2부
678034678038531,Gangnam,127.033282,37.495893,1,Hangul,0마
684570323923027,Gangnam,127.034215,37.498045,0,No_Text,None
685626127340311,Gangnam,127.031452,37.497523,2,Hangul,1는 | 주정차금치
686660594026117,Gangnam,127.033632,37.500148,2,Hangul,1무대 | 3
697096824967665,Gangnam,127.03077972222,37.498904722222,0,No_Text,None
702559350785006,Gangnam,127.03199833333,37.498461388889,0,No_Text,None
716894853066726,Gangnam,127.034275,37.499615,0,No_Text,None
722549955448956,Gangnam,127.03467638889,37.499838333333,5,Mixed,GRAZIA | 미친가 | 미치게좋은 | 컨텐츠 | 우
748574996107786,Gangnam,127.03229333333,37.498493333333,0,No_Text,None
749439362364157,Gangnam,127.0322442913,37.499253531862,1,Other,/41
753205862030431,Gangnam,127.02914413216,37.503720491373,0,No_Text,None
754242145252751,Gangnam,127.03438168127,37.500081549533,0,No_Text,None
773902873485381,Gangnam,127.02527446794,37.504654360976,2,Mixed,인지역 | ITWOSON
776045723298166,Gangnam,127.03597719409,37.500372357577,0,No_Text,None
778834986158351,Gangnam,127.03256253682,37.499346977873,0,No_Text,None
785329312123206,Gangnam,127.02551591018,37.504390017232,0,No_Text,None
786410548728026,Gangnam,127.02317151099,37.498328838743,0,No_Text,None
792192405093719,Gangnam,127.03338833333,37.498953333333,1,Hangul,두수선열소
795928527966903,Gangnam,127.03556664586,37.500274804763,1,Hangul,동무드
796576567945301,Gangnam,127.02983582642,37.503259064151,0,No_Text,None
796892534598647,Gangnam,127.0275,37.499722222222,1,Hangul,터방
799693874304469,Gangnam,127.03081882335,37.501298867665,0,No_Text,None
800588510875872,Gangnam,127.03540931922,37.500356836893,0,No_Text,None
803030897302415,Gangnam,127.02527674002,37.497193839018,1,Other,968
807321390190400,Gangnam,127.02393969417,37.496807735916,6,Hangul,수상 | 대상수상 | 퓨레울 | 공농은교 | 최우수상 | 름
809001396711292,Gangnam,127.02381109818,37.496773299358,2,Mixed,GALLERY L | 퓨올
812926666287427,Gangnam,127.03486909299,37.500030520298,0,No_Text,None
819749365560753,Gangnam,127.02525449277,37.497190593548,0,No_Text,None
823569821600955,Gangnam,127.02556757486,37.50409942367,4,Hangul,아색들 | 재임주차장 | 분주 | 원주추어탕
826204248302455,Gangnam,127.0230358936,37.504159232293,1,Hangul,개
827001051567296,Gangnam,127.02419671864,37.498666435146,1,Other,11111191
844758126387085,Gangnam,127.03377034278,37.500162510203,0,No_Text,None
849186184027498,Gangnam,127.032957,37.497045,2,Mixed,크 | THELAVARTOIS
855208038539140,Gangnam,127.03414913346,37.499821637035,0,No_Text,None
856982268362175,Gangnam,127.03489403276,37.500223086203,3,Mixed,로 | 재주신황코이무 | MANKEE CAADLL
857675064836932,Gangnam,127.0282146077,37.498036051028,1,Other,10
868460423733699,Gangnam,127.02424533994,37.49687287939,0,No_Text,None
873763403237500,Gangnam,127.02498104293,37.50470977393,1,Other,452
882939135597429,Gangnam,127.02150198543,37.49636434311,0,No_Text,None
885256098722463,Gangnam,127.02495221388,37.502032855226,8,Mixed,고/차드 | 이상정차 | 난 | CUBE | TO2-53[-925C | Thie  | Goffe | 롯데택배
888919758618634,Gangnam,127.02353952157,37.496684092677,0,No_Text,None
901425937321864,Gangnam,127.02975833333,37.49905,2,Mixed,정300Z | GBUS
915098962386785,Gangnam,127.02609050303,37.497457283895,0,No_Text,None
9267681759989497,Gangnam,127.03302,37.496968,1,Hangul,무
927435334767233,Gangnam,127.02660883105,37.503821832902,0,No_Text,None
929017277899265,Gangnam,127.02518375179,37.50144233125,8,Mixed,모 | 현로가요 | 건 | HYURDA! | P시A지 | 미드 | 다 | 모망폰
938112890288776,Gangnam,127.03442389501,37.50009450158,0,No_Text,None
938909448109989,Gangnam,127.033923,37.499922,0,No_Text,None
940193986567677,Gangnam,127.02347394761,37.496670209905,0,No_Text,None
943462046420781,Gangnam,127.02650107556,37.503847945926,2,Hangul,다 | 앙고치
944095056423760,Gangnam,127.02957544343,37.502047215429,0,No_Text,None
944925132950879,Gangnam,127.0227471242,37.498217921174,0,No_Text,None
955002551925200,Gangnam,127.02778778474,37.503927797926,0,No_Text,None
964548220981845,Gangnam,127.02901939822,37.498276277342,0,No_Text,None
972705143495357,Gangnam,127.02155549118,37.496222080392,3,Mixed,조11 | /ly | Seocho
9801675416562895,Gangnam,127.031383,37.497682,3,Mixed,10:단1급 | U0 | 국제
992672327935101,Gangnam,127.02919490372,37.503696404787,0,No_Text,None
999432333795190,Gangnam,127.02210906632,37.496251522892,0,No_Text,None
1001417597060412,Hongdae,126.92314835707,37.555589249749,13,Mixed,2%0 | 10%0F | 0이 | PARTY | ETUDEHOUSE | SeuBeneHsfOr ForeSHERS | 부피 | 코곰 | IRLCOLD | 9 | 1/196 | Oreae! | 6
1009066186531740,Hongdae,126.92309233401,37.555497095431,8,Mixed,n0 | Take | 11113111 | AIMITN | LANEIGE | 어이 | CRIIAU! | WI!
1009889163084856,Hongdae,126.92300473821,37.555275276831,9,Mixed,진박서 | 둥공 | 물늘을 | ! | REFL | 손분하미리고 | 에F | 6h | !
1015045829028363,Hongdae,126.92109589961,37.556154252616,1,Hangul,산오정
1024345183013103,Hongdae,126.9183662,37.5582146,0,No_Text,None
1034297818890280,Hongdae,126.9227655,37.5587938,2,English,OOZY COFFEE | 6
1035567485376812,Hongdae,126.9230382,37.5585716,4,Hangul,10-34117%9 | 공교물교 | 양장전문 | 서진든
1044753917637208,Hongdae,126.9232126,37.558372,6,Mixed,래찌 | | | 이야F | 호: | 3590-5251 | 205
1050398163897171,Hongdae,126.9229701,37.5586326,0,No_Text,None
1051051619910101,Hongdae,126.9225525,37.5589508,2,Mixed,25 | 자FF50
1055384219870672,Hongdae,126.9229548,37.5586437,0,No_Text,None
1060676512713871,Hongdae,126.9181738,37.558434,1,Hangul,다
1060992782644083,Hongdae,126.9232287,37.5584477,2,Mixed,6a0시 | 비임
1064439478472327,Hongdae,126.9229378,37.5580259,3,Mixed,개 | OFFEE | ESAOOFFEF
1067838191342455,Hongdae,126.9228375,37.5587317,1,Hangul,휴어사
1073419228088404,Hongdae,126.9182593,37.5583327,0,No_Text,None
1073520869838237,Hongdae,126.92224609916,37.556668159414,4,Hangul,퍼스투디오 | 나시 | 수화요리 | 이중집
1074558971223315,Hongdae,126.9184008,37.5581596,1,Mixed,MoTAF는
1074633514631225,Hongdae,126.9182908,37.5582993,0,No_Text,None
1079015915841074,Hongdae,126.92301170462,37.555347311787,9,Mixed,REPUBLIC | RREF | /044I가 | R! | 3I? | 세계맥주 | 6hic | 아플 | 144-708
1080128744176976,Hongdae,126.9227803,37.5587788,2,Mixed,DO2Y COFFEE | 건론~오
1083386455485461,Hongdae,126.92200786356,37.556767992392,0,No_Text,None
1086065908585703,Hongdae,126.92170726096,37.555809472112,1,Hangul,중
1090323906334330,Hongdae,126.918139,37.5584703,0,No_Text,None
1091437852849435,Hongdae,126.9186902,37.5578839,1,Other,44
1092023201292398,Hongdae,126.92218699123,37.55681814337,5,Mixed,T원!:3143-0525 | 도청탐자 | 성지의 | VOCAT | 33-402
1097222175804429,Hongdae,126.9232074,37.5584628,2,Mixed,리공시 | [2UIA
1104422820040926,Hongdae,126.92302188314,37.556072465356,3,Hangul,시터더오로스 | 터요 | 호
1105553988297405,Hongdae,126.9178323,37.5587945,0,No_Text,None
111461154352710,Hongdae,126.92183728907,37.555976933607,6,Hangul,시다리지 | 허용울 | 공사차랑진출입로 | 민건은명콩심니다 | 퓨요 | 피피우
1126024436030219,Hongdae,126.9182465,37.5583549,0,No_Text,None
1156734449507697,Hongdae,126.9229848,37.5580858,2,Hangul,태음올바른스시 | 대비대무교8
1162476655635858,Hongdae,126.9229845,37.5586214,0,No_Text,None
1193191625894115,Hongdae,126.918553,37.5579997,0,No_Text,None
1213263773343789,Hongdae,126.9225854,37.5589238,2,Mixed,HS: | 공
1216060426388469,Hongdae,126.9230525,37.5585575,0,No_Text,None
1220409266241375,Hongdae,126.9183855,37.5581747,0,No_Text,None
1220559815927738,Hongdae,126.9226535,37.5588806,2,English,GS25 | FLSEOUL
1232534481247807,Hongdae,126.9184506,37.55812,0,No_Text,None
1236247831559230,Hongdae,126.9231266,37.5584928,2,English,338-1662 | OL!
1250372126674404,Hongdae,126.9181566,37.5584511,0,No_Text,None
1250860659970772,Hongdae,126.9232348,37.5584307,0,No_Text,None
1255454609591235,Hongdae,126.9185964,37.5579555,0,No_Text,None
1264887695260029,Hongdae,126.9231175,37.5582594,1,Hangul,아로마
1265014711662644,Hongdae,126.9232203,37.5583839,3,Mixed,래짱 | YD연! | 이비임후과
1275451584200743,Hongdae,126.9185824,37.5579684,0,No_Text,None
1288186333309777,Hongdae,126.9227332,37.558819,3,Mixed,002! | COFFEE | 대
1325430752481454,Hongdae,126.9180991,37.5585042,0,No_Text,None
1346171679801157,Hongdae,126.9229584,37.5580401,0,No_Text,None
1348537002195236,Hongdae,126.92191702002,37.556051554555,5,Hangul,운금운노과 | 교동 | 허용 | 음 | 궁포
1354507285645385,Hongdae,126.9179632,37.5586533,0,No_Text,None
135794488544465,Hongdae,126.92092237358,37.556105511179,16,Mixed,타복상 | COFFEE | COFFEE | MEGA MG OCOFFEE | VEAIMELOIFE | 도 | 100% | MAKES | FLITER26L | PREMIUM | EVERYTHING | ARABICA | COFFEE | 아메리카노 | OKAYER | 1500원
1359957828638237,Hongdae,126.9226397,37.5588927,2,English,GS25 | FCSEOUL
1360172621730293,Hongdae,126.9227012,37.5588437,1,English,O0ZY COFFE
1365667197850620,Hongdae,126.9231972,37.558358,4,Mixed,이이립기 | F0u운F | S01원 | T323-6455
1367687957854906,Hongdae,126.9232194,37.5584558,2,Mixed,Y | 하리공
138857048180205,Hongdae,126.92222421607,37.556583842857,10,Hangul,파매째재 | 공는이 | 오요드스 | 모고 | 월장교기 | 마사지후 | 1411111! | 구미 | 157 | 292
1393431981012557,Hongdae,126.92224808735,37.556777454217,8,Mixed,GB | 아카 | 고무 | : | 미 | T01:3143-9525 | IVSOA | O BABEANS
1396205274859776,Hongdae,126.9231688,37.5584781,4,Mixed,P킨 | OLIVE | 5000 | 구제만독
1399834367052103,Hongdae,126.9218702597,37.556010167165,4,Mixed,터o | 호음 | 에 | 1010A12525
1402103020167763,Hongdae,126.92171955015,37.555819370216,0,No_Text,None
140650808051158,Hongdae,126.92182932934,37.555965041914,8,Mixed,유금운농구르 | 허용 | 을 | 무음웅궁 | 하 | 지피스소 | 피교호 | 금공CYRE
1418015305897735,Hongdae,126.9227488,37.5588059,4,Mixed,2동 | OOZY COFFEE | 무요 | ace
1418391342747353,Hongdae,126.9181926,37.5584163,0,No_Text,None
141878341261274,Hongdae,126.9229995,37.55608125,7,Mixed,여거0크거 | 내움 | 무교 | 모상고용 | 눈하Z | 피오 | 이모피이
1426066322142040,Hongdae,126.9177734,37.5588616,3,Mixed,신속중 | Police | 200m
1426320995230380,Hongdae,126.9186434,37.5579125,0,No_Text,None
1428319215072201,Hongdae,126.9230937,37.5585136,5,Mixed,대대 | Caeteria | haea! | 소풍 | 금름
1429381177423249,Hongdae,126.92160953571,37.556393935714,2,Hangul,쇼망 | 600시2보!
1429491874746614,Hongdae,126.9186714,37.5578807,0,No_Text,None
1435025164229669,Hongdae,126.9228523,37.5587172,1,Hangul,어사승요
144542961024359,Hongdae,126.92085659747,37.556086546835,6,Mixed,MEGA | MGC | COFFEE | 아메리 | 150 | 추천음료:
144667564307177,Hongdae,126.92319270403,37.555684540464,4,Mixed,-! | 0 | 느 | Gafe
1447524583087749,Hongdae,126.9186677,37.5578786,0,No_Text,None
144909184283331,Hongdae,126.92321732673,37.555655841582,3,Hangul,등 | 계임 | -
1449864586196781,Hongdae,126.9178508,37.5587801,4,Hangul,른마트 | 금 | 함보포금의입금지진 | 무
1449925118681892,Hongdae,126.92325609476,37.555606284274,13,Mixed,나1 | FRI | 티미막국중 | 금 | 논 | UR | 케임 | 기 | TORE | A/704 | SHOESLAB | 시 | FOLDER
1463669428400617,Hongdae,126.9231093,37.5585018,3,Hangul,소풍 | 1무 | 2!
1479929693447707,Hongdae,126.9230619,37.5581812,1,English,Pourtoi
152047536890679,Hongdae,126.9208206624,37.555996449174,0,No_Text,None
153500183411414,Hongdae,126.92200598411,37.556070907646,1,Hangul,비회
157043553093628,Hongdae,126.92086400971,37.556073009314,8,English,EGA MG | CCOFF | MEGA MGC | COFFEE | COFFEE | MAKES | EVERYTHING | OKAYER
1581380272782690,Hongdae,126.9186833,37.5578869,2,English,- | T7/
158454946237163,Hongdae,126.92308647748,37.555984783783,1,English,CGV
1591256645549741,Hongdae,126.9180813,37.5585212,0,No_Text,None
1603372757009524,Hongdae,126.9179438,37.558673,0,No_Text,None
161867405941176,Hongdae,126.92190594143,37.556677052275,3,Hangul,무사 | 10000 | 3000
161924159207481,Hongdae,126.92322798291,37.555645017085,4,Mixed,LGUC | 논미 | R | 게임
162932532434911,Hongdae,126.92202623138,37.556074829195,2,Mixed,"""OC음고 | W"
1637454889773029,Hongdae,126.92315391988,37.55576356081,4,Mixed,SUPER SALE | DMEON | 부09구고님 | SUPER SALE
164184655636699,Hongdae,126.92083309312,37.55608314463,7,Mixed,행보한잔 | 름H피 | 농굴문공 | 아메로 | LOM | 15 | 추현음료:
1646142509426051,Hongdae,126.9186779,37.5578843,0,No_Text,None
164643815601158,Hongdae,126.92312653705,37.555518626564,0,No_Text,None
1658578654860359,Hongdae,126.9230289,37.5585839,0,No_Text,None
167791218511198,Hongdae,126.92166927971,37.556441097322,3,Mixed,쇼킹 | STAY | 국신역
170550974989421,Hongdae,126.92324424366,37.555631567252,6,Mixed,111 | G | 5논어마 | IAnd harEIT? | X자남사 | 2015/05
171150594927326,Hongdae,126.92158074655,37.556365375676,13,Mixed,|I[C | 쇼링노제밤 | 00N2IHE | 어느다운나라' | 치하 | S5A-T241SM FhNSC0 LID | ProtG | - | UEPROIG | 하이트비야 | 자 | 가진파맛있는집 | 내
1713565178808048,Hongdae,126.92131652552,37.556155552299,0,No_Text,None
173149338057371,Hongdae,126.9222588157,37.556714794283,2,Mixed,공늘하마문모 | DBABEANS
1748575596052226,Hongdae,126.9186479,37.5578987,1,Hangul,문소208
175133904509702,Hongdae,126.921929889,37.556055658153,2,Hangul,용울 | 공사차랑진출임로
1756332061621992,Hongdae,126.9186553,37.5578891,0,No_Text,None
175687807783807,Hongdae,126.92308239551,37.555501604486,9,Mixed,Out B1 | Take | 리A04에 | F십1NY1 | 이 | WNM! | 애경 | NH | 1
1760828511982512,Hongdae,126.9180268,37.5585723,0,No_Text,None
1766381620922921,Hongdae,126.9180653,37.5585395,0,No_Text,None
177019920978651,Hongdae,126.92225688474,37.556731807423,2,Mixed,GB | 아카데미유
1773167583275202,Hongdae,126.9229217,37.5586688,1,Hangul,차어사장을
1836089226592761,Hongdae,126.9211424521,37.556164323761,9,Mixed,끔치국 | 24시영업 | 장치생태구도주북남골이계절병 | 자연산회해물전운 | BAR | 3AR | 그 | 오 | 클를
186611656654312,Hongdae,126.92104932993,37.556118808208,12,Hangul,대신목냉재 | 가자미 | 해삼 | 또는 | 0유 | 39000원 | 해물모듬회 | 산낙지전복멍게 | 해상개불광어연어 | 40000원 | /정 | 르는
1878982212898353,Hongdae,126.922822,37.5587452,1,Hangul,사보쿠
188300059816602,Hongdae,126.92208344287,37.556837691203,1,Hangul,도청담
1912350566192377,Hongdae,126.9230629,37.5585415,0,No_Text,None
192391109293096,Hongdae,126.92320128036,37.555675719636,1,Hangul,는
1925877344854740,Hongdae,126.9186096,37.55794,1,Hangul,실인론된
192797679247112,Hongdae,126.92312665252,37.55587821619,0,No_Text,None
1931521247660911,Hongdae,126.9230144,37.5585971,0,No_Text,None
1936386750534464,Hongdae,126.9231049,37.5582425,8,Mixed,322-8894 | 아로마 | U{o: | 한 | 부기가 | 이 | 전자낭 | 원
1936779809793100,Hongdae,126.92136256965,37.55615239725,0,No_Text,None
1938071636967586,Hongdae,126.9228901,37.5586923,2,Hangul,1동 | 화어사솥을
1947024732370371,Hongdae,126.918216,37.5583974,0,No_Text,None
1951653035572357,Hongdae,126.9229312,37.5579653,4,English,201 | YCCEKGRT | MEGA | CUFFEF
202188234928236,Hongdae,126.92172745511,37.555830455108,0,No_Text,None
2048400048652218,Hongdae,126.92084295357,37.556084651389,8,Mixed,파담델크 | 연즈 | MEGA | MGC | COFFEE | 아메리 | 150 | 플
2100919627049687,Hongdae,126.9231893,37.5584695,3,Mixed,Toleli시 | OLIVE | YOUNG
211323640589981,Hongdae,126.9219836753,37.556067810757,0,No_Text,None
2127622504384723,Hongdae,126.9231436,37.558293,1,English,CAFE GATE
219482442986476,Hongdae,126.92180272428,37.555902264735,0,No_Text,None
226644208798422,Hongdae,126.92086721237,37.556068627835,7,English,100% | KES | PrEMiun | ARABICA | YIHING | COFEE: | YER
24031887673074317,Hongdae,126.918493,37.5580695,0,No_Text,None
2433839256748495,Hongdae,126.92178584272,37.556575166006,11,Mixed,RETALLLTL | 총대외식복협관 | 주차장 | A2-F90 | 시 | 3009 | 종 | 10000 | 주 | CGV | 13000
2458778047810805,Hongdae,126.9231462,37.5584847,4,Mixed,이비 | 통교점 | T338-1G52 | LIAVF
250825773494457,Hongdae,126.9208359913,37.556066097516,3,Mixed,치리이트전로 | 피 | 창HoUd
253544236522366,Hongdae,126.92167999156,37.556464485226,1,English,STAY
2594681967501867,Hongdae,126.92156877518,37.556342304422,14,Mixed,너V든 | 피TF | GOOK;ZINE | 어름다운 | SEA-TRAns$+ +fNg CO LiD' | 부27510 | ot | 물는 | BEER BANG | 하이트비어 | 여말업터회학: | = | 색 | 주가진까맛있는집
264076782171146,Hongdae,126.9211092125,37.556160019231,3,Hangul,큰스카이 | 금시 | 산오쟁물이
2682366168621204,Hongdae,126.9230756,37.5585237,2,Hangul,밤 | 덮밤면
2689372314687271,Hongdae,126.92169129709,37.556480586245,1,Hangul,양
270718931466893,Hongdae,126.92314328243,37.555556600417,5,Mixed,0%어 | 이4이 | SOOHIODFE | C00 | 1/616FF1고
274437467727888,Hongdae,126.9231524664,37.555603026078,9,Mixed,00000Th12N6 | JODCSM1B5 | 1A5SET8PAG | PAR | ETUDEH | S금시3럼 | SPECA! | 모보문는 | 1
275537674273311,Hongdae,126.92096697265,37.556102482056,0,No_Text,None
277398304081387,Hongdae,126.922999,37.55526965102,6,Mixed,68 | VO[ | X | DVD | 인룰H스 | 사진
278526717191764,Hongdae,126.92128151172,37.556160386667,0,No_Text,None
2793654797565621,Hongdae,126.92096514513,37.556105179646,0,No_Text,None
2823945134523658,Hongdae,126.92086964823,37.556090527507,5,Mixed,MEGA | MGC COFFEE | 아메리 | 150 | 질몽공흥:
283218776824675,Hongdae,126.92099750672,37.556094324111,3,Hangul,헌산자포시란 | 표시짐독 | 어버
284103366775923,Hongdae,126.9211939763,37.5561653358,6,Mixed,곰치국 | 인나시영업 | 4호션 | BAR | BAR | 급모사거교
286407269827823,Hongdae,126.92207544008,37.55684039332,1,Hangul,이쿠은단국레위수피로단숙중
2865179377058079,Hongdae,126.92082745254,37.556078273225,3,Mixed,대 | A-COFF! | |노
286595213170932,Hongdae,126.92169110999,37.55580409889,0,No_Text,None
287749216347683,Hongdae,126.92216970741,37.556823454321,2,Hangul,성지 | 약
292814289061002,Hongdae,126.92301473406,37.555336063745,14,Mixed,진박사 | 60% | CAa | 중 | REPUBLL | RE | Dvd? | 3 | 문어 | 세계맥주 | 모드매담 | 세 | hC | 아남
297010491970875,Hongdae,126.92298043636,37.555260872728,2,Mixed,DV | 사진
299051381712647,Hongdae,126.92316761622,37.555738575667,3,English,LI/E | SUPER SAL | andals
2994495310710706,Hongdae,126.9226701,37.5588694,2,English,GS25 | FLSE
299528318566105,Hongdae,126.92192911651,37.556699267584,2,English,DL0I | 3000
302830228061327,Hongdae,126.92304279232,37.555539247299,12,Mixed,Out B1 | Take | HTVIMV | 1 | 비3NV1 | 러이 | 10V11 | H무 | WNN! | 애장 | NDH | 어너
30349338861346243,Hongdae,126.9180114,37.5585915,1,Hangul,니
304315221272044,Hongdae,126.92147684814,37.556217153926,10,Mixed,CUINNESS | Beer Bang | Grlslerg | Hloud | 낮술 | FUPODCA | Free | BEERF | BAN | 예약가능
309574790554911,Hongdae,126.9208258002,37.556071772244,7,English,100% | C | AKES | PREMIUN | CAER | ARABICA | COFFEE
310379900679791,Hongdae,126.92096728563,37.556101250284,0,No_Text,None
31213362298262819,Hongdae,126.9177535,37.5588749,4,Hangul,안마 | 결드림동점 | 헤어삼 | 관신
3141525402653446,Hongdae,126.918565,37.5579851,0,No_Text,None
314170896867350,Hongdae,126.9229931235,37.555272280876,2,English,CAa | CAG
3176549512521942,Hongdae,126.9230924,37.5582273,5,Mixed,322-889 | DPULE | : | 101 | 의
318990926330809,Hongdae,126.92177255411,37.555866108217,1,Hangul,오
3209557862663859,Hongdae,126.92297576226,37.555385138683,8,Mixed,주 | 9rKO! | 6I | ! | 3I3 | 세계맥주 | 109 | 6hic
322403289285818,Hongdae,126.92173832733,37.555846327328,0,No_Text,None
323461935861027,Hongdae,126.92312243227,37.555892419323,0,No_Text,None
327584715660737,Hongdae,126.92306838215,37.556037353059,0,No_Text,None
3290520484406294,Hongdae,126.9208201,37.5559886,2,Hangul,이제카록으로 | 커피주문하세요
333452354967574,Hongdae,126.92180391091,37.555912109109,0,No_Text,None
334449231692492,Hongdae,126.92320931035,37.555665862067,5,Mixed,등 | 일는 | 하단 | PG | VR
335765734598472,Hongdae,126.92305622835,37.556049771654,2,Hangul,195110156 | 나스
340776117384318,Hongdae,126.92195868605,37.556725927199,1,Hangul,연주잠
350210643198510,Hongdae,126.92165769548,37.556419938027,9,Mixed,쇼킹 | G91561대1 | STAY | Cafe6AF | 국산백주 | 고원 | 수입액주와 | 맛았는안주름 | 느껴보서요
352245462903425,Hongdae,126.92302564647,37.555541,10,Mixed,Take Out B1 | CCTV | 공금아플 | 고공 | NLIT | 부I | 4EISE | KRITALKS | WMI! | CHICKEN
3526328700926377,Hongdae,126.92293624413,37.555435177733,15,Mixed,사진박사 | 6등공 | aAa | 05원 | IRE REPUBLIC | Dndd | 럼 | 요푸러고 | 337-3479 | 요 | 남근어 | EAFE | 티라미수집트 | 스터면 | 고
3666644670108924,Hongdae,126.9209850256,37.556094059274,3,Hangul,원산지 | 표시판 | 표시품목
370259664425473,Hongdae,126.92096655681,37.556099065447,0,No_Text,None
371250154324990,Hongdae,126.92308083879,37.555993591111,0,No_Text,None
371916070888859,Hongdae,126.92159051311,37.55638016047,6,Mixed,소링고밤 | 11447A15FfPA | T | 자 | 이트비하F | 가집자무있는검
373945384003380,Hongdae,126.92085609263,37.556049423763,1,Hangul,다금
376390463697510,Hongdae,126.92085635025,37.556072144191,7,English,GA MG | CCo | MEGA MGC COFFEE | COFFEE | MAKES | EVERYTHING | OKAYER
381082999854877,Hongdae,126.92313374925,37.555851919404,5,Mixed,/ANS | 무I/ | 로유오 | 금구가림을 | 38념
3821175788173394,Hongdae,126.9228082,37.5587563,0,No_Text,None
3898608587135625,Hongdae,126.9179246,37.5586926,0,No_Text,None
3951435068452346,Hongdae,126.9231677,37.5583254,2,English,CAFE GATE | 1500
3963407197085519,Hongdae,126.921524004,37.5562613952,36,Mixed,GUINNESS | 대 | 27500 | 소주는 | 퓨표 | 리포 | 깨끗공 | Welc | 이터 | 자 | BerBolig | Grberg | 36500 | Chicken | & | Beer | 55 | 낮줄 | 과F | 대완영 | 리포 | ER | REERD | 단체예약가능 | 문의 | 0231411599 | 이트비어뱅 | 대 | 맛있는 | 집짜 | 가 | 맥주 | 클라 | 만든 | 진짜 | 제대로
3973966319360458,Hongdae,126.92299815249,37.555215629819,3,Mixed,구텔 | Dv | []
4012878508758957,Hongdae,126.92096682431,37.556097775383,4,Hangul,원산지 | 표시판 | 표시품목 | 음식명
4049361278725167,Hongdae,126.9230802,37.5582104,4,Mixed, DOUELE | DUCAD | 한이 | POUT
4055803231173743,Hongdae,126.9214595374,37.556199509298,9,Mixed,Beer Bang | Grslier'g | 낮술 | 휴식 | 대환영 | 40% | 할믿 | 드 | Moud
4126041394131163,Hongdae,126.92172641649,37.556515479381,1,Hangul,시다리다
4159714404115283,Hongdae,126.9218144897,37.555942183513,0,No_Text,None
4171414676255199,Hongdae,126.92096643738,37.556103646106,0,No_Text,None
4230571310288867,Hongdae,126.92316461785,37.555622794384,9,Mixed,56 | [ | NS | 333 | PT이문 | 26 | Solb | 1 | TIMGOLD
426339101972869,Hongdae,126.92096107586,37.55610815071,0,No_Text,None
4278526812234145,Hongdae,126.92115804975,37.556162847304,13,Mixed,부분만 | 지배 | 곰치국 | 023367707 | 주용농T본오폰 | 드피 | 마음버스슴차장 | BAR | BAR | 대포이 | 본교로사거리 | 오 | 큰
4300221526728935,Hongdae,126.92225274022,37.556751139117,5,Mixed,G: | 아카데 | 연수생도점 | 무든 | D BABEANS
4335997343118960,Hongdae,126.92082895116,37.556005451163,6,Mixed,스탁복셀 | 오렌지보제장 | BLGU | YACOFFELE | 먹자 | O아
4343317655730931,Hongdae,126.92303483218,37.55549809082,4,Mixed,I! | &HOF | CHICKEN | 위목성영
462887531453193,Hongdae,126.92121211296,37.556165563501,2,English,S4T | BAR
467206197688741,Hongdae,126.9217519952,37.55654017972,12,Mixed,RETALILIT | 총대외식복합관주차장 | A710-A1-00 | HG | 구0단부30년 | 30002 | 10000 | 기주차 | CGV! | 주함 | 13000 | CR
469033704188003,Hongdae,126.92220164694,37.556615527022,17,Mixed,336-9277 | 청기와 | 성교기 | 너입속눈샘 | 정건과 | 334~경336 | 나쁜여자BAR | 유기짜생고기 | 6몸 | 10-5 | - | 0는 | 수바베큐 | 골병이무침 | 모듬소세지 | 류금 | 10B
469868244307029,Hongdae,126.9209675,37.556099803529,0,No_Text,None
470089864256265,Hongdae,126.92223078671,37.556574116929,16,Mixed,|| | 부미제재 | 스아휘궤전문 | 나번여자 | 192 | 유정고기 | 치킨 | AR | BL | 마사지농 | 팔팔 | 2F | 1411111! | 인동광어 | 직판장 | 338-9292
472407804013380,Hongdae,126.92223452937,37.556566767444,14,Mixed,대J | 이상길 | 나번여자 | 神 | 융청고기 | 치킨호 | A | 주징북주정동사킨 | 마사지휴유 | 2 | 규 | 330-9292 | 차 | 자
477438343372600,Hongdae,126.92184501647,37.556627622353,5,Mixed,식믹주차금 | 구 | 소용무F | 10000 | 13000
482677939632485,Hongdae,126.92189352877,37.556033434525,1,English,REFl
483171342889529,Hongdae,126.92221538584,37.556591625248,12,Hangul,아아워뤄전문 | 대제재 | 번난반여자 | 전문점 | 3369217 | 생교기 | 35-568 | 마사지휴 | 스포 | 28 | 두부관 | 13
484202299532172,Hongdae,126.92187922805,37.556019228054,1,Hangul,에시
486279922620895,Hongdae,126.921607,37.555785,21,Mixed,5o | 211 | 교4모 | CL | HS0 | D원 | //L | 9LX00 | 버리늘리피고 | 다1109 | 퓨라 | 남는 | 감자면 | EcL | 개 | 금리고 | 감자면 | 진라면 | 금위 | F | F오
492600830582917,Hongdae,126.9232288,37.5583959,2,Hangul,부이비인후과/ | 노래짱
493900941850108,Hongdae,126.92220691,37.556602078,21,Mixed,나번여자 | F | 전문점 | 336-9277 | 청기화 | BAF | 생고기 | 무오 | 3343335 | 나쁜여자BAR | 00-5215-9188 | 3F | 2만 | 모듬소재차 | 두부김차 | 문담남볶는 | 물려드 | 사사모구에 | 음을 | 담모래집볶음 | 오늘티볶음
495436044984680,Hongdae,126.92301719216,37.555296056863,6,Hangul,자 | 진박 | 606공 | /문 | 학건 | 솥문하머리크
496225111605274,Hongdae,126.92124800206,37.556165313864,1,English,BAR
496524444812073,Hongdae,126.92224449767,37.55678955814,5,Mixed,골 | 자 | T9l:314-0525 | 1V00A | D BABEANS
497661251674538,Hongdae,126.92205045374,37.5568042826,0,No_Text,None
497864581260321,Hongdae,126.9208637,37.5560608,3,Hangul,스타복시 | 0아 | 리름피
498261454952186,Hongdae,126.92302862002,37.555527424926,7,Mixed,Take Out B1 | CC | HA | 공든 | ! | &HOF | CHICKEN
500419704331406,Hongdae,126.92180578651,37.555922825778,2,Mixed,의 | AG
504906503884211,Hongdae,126.92205940763,37.556819429008,0,No_Text,None
512065039931733,Hongdae,126.92181554086,37.556605614985,8,Mixed,PAZ보로1G | 핵대외식복합단주차장 | 1490-1층 | 나우 | 11:9단 | 10000 | GV | 13000
512347410194043,Hongdae,126.92162508815,37.555782898683,11,Mixed,mentos | mentos | 기어야 | mentos | 04미린 | 10088 | 019 | 지어야 | 다 | HSHE | 2+1
515202176328580,Hongdae,126.92300122607,37.555446912424,8,Mixed,最 | 05 | Brand Marketo | REPUBLIC | M6/ | 16-3고4 | <E | 그공우고
516693232838872,Hongdae,126.92170850625,37.556498475,0,No_Text,None
517631479262027,Hongdae,126.92221784923,37.556643970215,11,Mixed,334-333 | 총개와생코기 | 부 | 채치 | 7기 | 부름 | 이중 | 부대퍼개 | AEFRIGEPATEDHAT | DORTER! | 0
519368129097065,Hongdae,126.92301682209,37.555321334358,18,Mixed,나진박사 | 6등공 | 고 | CAa | RE REPUBLK | 오옥우고 | 유 | 3I3 | - | 109 | 모공 | 세계맥주 | 므복마 | 6hr | 스듬디오 | 표토 | B1 | 사진
520397765630938,Hongdae,126.92303408983,37.555482437316,5,Mixed,00:52-00:21 | 7/0A | 카페 | CHICKE | Brand Market
523411205352650,Hongdae,126.92101508406,37.556098475299,5,Hangul,부가 | 원산지 | 표시판 | 음식명 | 표시품목
525570842145965,Hongdae,126.92301004541,37.556077347124,7,Mixed,솜도최조볼형오피스 | 도어면 | RIG | 눈하오 | 피호 | 자진거주의 | 왕
526368708725172,Hongdae,126.9210791446,37.556155416958,3,Hangul,밤티 | 물회 | 20000
546153623037255,Hongdae,126.92220518055,37.55663085074,7,Hangul,334-3336 | 정건과 | 나쁜여 | 행복우줄수에는래력 | 기와생고기 | | | 예부대지개
549445559385494,Hongdae,126.92317,37.555726333168,2,English,Jandal | 1BHFN ANYUG
555967962475325,Hongdae,126.92122961637,37.556165560947,3,Mixed,곰치국 | BAR | BAR
557759681890801,Hongdae,126.92177937931,37.555874290641,0,No_Text,None
559393525474563,Hongdae,126.92206118375,37.556832193882,3,Hangul,대 | 고 | 40
571448963818290,Hongdae,126.9218623925,37.55600147929,3,Mixed,이테크더리부 | 움움 | MLB
576915936613009,Hongdae,126.92103166515,37.556104998645,2,Hangul,원산지 | 표시면
585516401265683,Hongdae,126.9177901,37.5588466,3,Hangul,드럼통숯불구0 | 구대상무 | 부불모림구미
591774417300187,Hongdae,126.9178993,37.5587273,0,No_Text,None
620491897062508,Hongdae,126.9186807,37.5578859,0,No_Text,None
639101300821575,Hongdae,126.92313842744,37.555540367793,1,English,/9S
645077365232069,Hongdae,126.923129,37.5582758,2,Mixed,CAFEGATE | 가
650993794647798,Hongdae,126.922795,37.5587678,2,Mixed,MET COFFEE | 부어오쿠리/
653037374430629,Hongdae,126.918479,37.5580859,0,No_Text,None
677193955144130,Hongdae,126.9183694,37.5581904,1,English,HEMD
684634841147675,Hongdae,126.9185224,37.5580342,1,Hangul,고
688788690810880,Hongdae,126.9229279,37.5579499,0,No_Text,None
693142563540968,Hongdae,126.9178766,37.5587413,0,No_Text,None
693495633655068,Hongdae,126.9229756,37.5579193,0,No_Text,None
695065393290872,Hongdae,126.9179777,37.558633,0,No_Text,None
696591096616018,Hongdae,126.9227163,37.5588307,1,English,OOZY COFFEE
705597892084681,Hongdae,126.9186646,37.557881,0,No_Text,None
707973178503254,Hongdae,126.9184164,37.558146,1,Hangul,있기
708920842072938,Hongdae,126.92315,37.5583105,4,Mixed,[[[/ | 그 | CAFE GATE | 150
714335741532071,Hongdae,126.9186691,37.5578788,0,No_Text,None
716082041173786,Hongdae,126.918462,37.558104,0,No_Text,None
718276190959494,Hongdae,126.9183432,37.5582486,0,No_Text,None
720558940932926,Hongdae,126.9180468,37.5585553,0,No_Text,None
730151986230378,Hongdae,126.9229376,37.5586557,1,Hangul,회광는
731513182620363,Hongdae,126.9229769,37.5580685,1,Hangul,다을올바푼스시
737639535422793,Hongdae,126.9181176,37.5584886,0,No_Text,None
741495838557840,Hongdae,126.9186753,37.5578831,0,No_Text,None
741674123172927,Hongdae,126.92203120957,37.556786901208,1,Hangul,회십대과
742000969801895,Hongdae,126.92311034195,37.555497427435,1,Hangul,!0브폰
743685378226992,Hongdae,126.9226871,37.5588561,3,Mixed,52개 | FESEDDI | 0621 CFE
743718791552590,Hongdae,126.9225656,37.5589337,2,Mixed,조525 | AESELD!
748462745826577,Hongdae,126.921767721,37.555856535,0,No_Text,None
750671518932185,Hongdae,126.92155577333,37.556317443257,23,Mixed,Sam | EIVE | [1[ | GOOKAZINE | 나라 | 아름다운 | 175272 | Coud Set Menu | ASet | SEA-TRANS SHIPPING CO LID | 보고어유니아런 | 부2750 | 이F | 10%께 | BSet | 3600 | GTG1 | 금라드5노가리포 | Proto | 주전문점 | BEER BANG | 쿄바어우 | 주가진짜있는집
762374093055497,Hongdae,126.9179956,37.5586116,0,No_Text,None
772220493683791,Hongdae,126.92225854637,37.556697651147,4,Mixed,미표과 | 7BABEA신5 | 39000원 | 0232499업한
772550736796802,Hongdae,126.92212537971,37.556826036715,1,Hangul,회집대과
773508056666409,Hongdae,126.9218789262,37.556653173209,2,Other,10000 | 13000
773909999936918,Hongdae,126.92303577146,37.556066526519,4,Hangul,파급모 | 호무분 | 피어 | 20
775135131869196,Hongdae,126.9229966,37.5581052,0,No_Text,None
787624195195791,Hongdae,126.92219967703,37.556811052871,4,Mixed,성치 | T9:3143-052 | 무 | VDCAV
791828281478406,Hongdae,126.92190633841,37.556046338413,0,No_Text,None
796472677643491,Hongdae,126.92295816086,37.556074533812,4,Mixed,든든한산재보형이함에 | 르큰돈 | 리5 | G
812637522680701,Hongdae,126.92301690472,37.555281666993,8,Mixed,Y | 유움 | CAC | 크수F | 스보머러 | oea | 미부! | 6hC
813319316267911,Hongdae,126.92206723424,37.556839382977,9,Mixed,E7RI | 수시로단속중 | 어곳은 | 단속반이 | 돌고오신쓰레기는 | 이루예내집 | 대점포양대 | 18시: | 반드시과회주셰요
816076609096601,Hongdae,126.92225370276,37.556681407817,1,English,BABEAS
825117218378877,Hongdae,126.92313254545,37.555526272725,0,No_Text,None
829878784287953,Hongdae,126.92154360885,37.556294037168,26,Mixed,Woud | Hone | Kloud | Set Menu | GUINHESS | A | Set | 클라우드3병+노가리포 | 27500 | 하이 | Nelcome | Set | B | BANG | 36500 | 153LPL | 16066 | 이는 | 도5병+노가리포 | 음L동I[GN5/5 | 풍빌올우 | 001234159 | 맛있는집 | 진짜 | 생맥주가 | 100%치59
831852314354137,Hongdae,126.92150732705,37.556244227049,22,Mixed,GUNNESS | 하이트비어뱅 | S | Welcome | Beer Bong | Crllierg | Chicken | & | Beer | 153너한 | 낮술 | 대환영 | BAVG | UDPGRFEE | PAID | 단체예약가능 | 문의 | 0231411599 | 불라우드 | Houd | 있는집 | loud
8330774010317569,Hongdae,126.92324084179,37.55561062587,8,Mixed,화농하마 | CL5U | 논둥를 | R | 자냉냉 | 4/704 | HOESLAB | FOLDER
833131200888932,Hongdae,126.92304791457,37.55605781407,1,Hangul,문흥
843026999946696,Hongdae,126.92117410818,37.556163562413,10,Mixed,주문할 | 곰치국 | 고나시덩명 | BAR | 버스승지컴 | BAR | 동교로사거 | 권 | 리 | 무북국
847945842472720,Hongdae,126.92184799404,37.555987085487,0,No_Text,None
862097477704609,Hongdae,126.9214070861,37.557995060538,0,No_Text,None
871691300228348,Hongdae,126.9217953974,37.555888483484,0,No_Text,None
896473211203758,Hongdae,126.92222114257,37.556803418534,3,Mixed,Tel:3143-052 | S드P모거 | VODAT
908150646409561,Hongdae,126.9215348298,37.556275790196,30,Mixed,매 | AReaP | et | Menu | GLINNESS | 27500 | 3병+노가리포 | 스스 | 하어뱅 | Welcome | 36500 | Beer | 1153LpL둥 | 병+노가리포 | FER | BANG | 고N/ | 단제예약가: | 문90234159: | 표비올우 | 맛있는집 | 궁고른 | 생맥주가 | 만든진짜맥주 | 세대로 | 않 | 물타지 | 몰츠Malts의 | 100% | Hond
910490746472855,Hongdae,126.92223211764,37.556655193587,9,Hangul,썹 | 정혼과 | 스즈피스루디오 | 주 | 무용10로 | 부 | 대 | 씨 | 개
917714855718911,Hongdae,126.92095258958,37.556109473547,3,Hangul,원 | 원 | 원
940018870151267,Hongdae,126.9229723853,37.55544327706,9,Mixed,사진박사 | 18 | 포림: | 균 | DVD | URE REPUBLIC | 고우고분 | B1 | 므볼
958896678179210,Hongdae,126.92143618182,37.556176609091,1,Other,999
9609233405848522,Hongdae,126.9183084,37.5582819,0,No_Text,None
9883804831746834,Hongdae,126.9230722,37.5581948,1,English,POD
9971902672844851,Hongdae,126.9185377,37.5580177,0,No_Text,None
1001588124827923,Itaewon,126.9973404,37.538794,0,No_Text,None
1003773858356781,Itaewon,126.986788,37.536645,0,No_Text,None
10038031962891589,Itaewon,126.98685690494,37.535367327624,0,No_Text,None
1003955724028807,Itaewon,126.99734,37.538795,0,No_Text,None
1004825867213081,Itaewon,126.9976285,37.5392141,0,No_Text,None
1009339107194491,Itaewon,126.986845,37.536065,0,No_Text,None
1012179626932023,Itaewon,126.9971392,37.5408279,0,No_Text,None
1012521430800943,Itaewon,126.9866843,37.5376372,4,English,"Hio | DashCam | N3732159"" | 0250B141L08:25:08"
1012744187397571,Itaewon,126.9866865,37.5375653,6,Mixed,"Mio | DashCam | 025108410R25:04 | 38주교 | 13732156"" | 126-59121:"
1016079523755043,Itaewon,126.98678347794,37.536748181138,0,No_Text,None
1028874835722498,Itaewon,126.98674763463,37.537062938975,0,No_Text,None
1084348418727636,Itaewon,126.99512524,37.53144636,15,Mixed,선불폰 | 개통 | 신 | 성 | 고 | 부 | DURICEE | 박살니고 | 국-은 | 11: | 들어간 | 부리무가구거리조정정사L | LGG5 | S | 아65AN
1087976206426022,Itaewon,126.987358,37.534368,2,Hangul,2025702 | 1무대4대
1090985089410289,Itaewon,126.9971296,37.5401665,0,No_Text,None
1096926284707102,Itaewon,126.9975309,37.5408517,0,No_Text,None
1105014330007636,Itaewon,126.99505446,37.53151648,5,Mixed,F | 신성가구 | 물물교환 | 자국나자중곳가구편물와세사대스출스로트 | 7956349
1115436766187091,Itaewon,126.9967986,37.5402535,0,No_Text,None
1115455852265954,Itaewon,126.99470156,37.53216984,0,No_Text,None
1117328689567680,Itaewon,126.9974831,37.5398798,0,No_Text,None
1120760931778409,Itaewon,126.98669393,37.53569023,0,No_Text,None
1122489462141800,Itaewon,126.9974606,37.5397649,0,No_Text,None
1123595932196307,Itaewon,126.9975225,37.5394506,1,English,CCP
1131301574041721,Itaewon,126.99459234,37.53280463,0,No_Text,None
1135975847690566,Itaewon,126.9974864,37.5398806,1,Other,[!]
1148140597044068,Itaewon,126.98694767781,37.539073648704,0,No_Text,None
1148423776401421,Itaewon,126.9973767,37.5387333,0,No_Text,None
1150768346504856,Itaewon,126.98679176829,37.538358079643,0,No_Text,None
1151324152636100,Itaewon,126.9975318,37.5399232,0,No_Text,None
1152975293039886,Itaewon,126.98670942686,37.537850268807,0,No_Text,None
1153496016239218,Itaewon,126.9867803,37.536635,5,Mixed,"Mio | DashCam | 세37업호123"" | 025105410R:25:1 | 12년"
1154398059326122,Itaewon,126.98681952334,37.53644248755,0,No_Text,None
1163012695483057,Itaewon,126.9893385,37.5327051,8,Mixed,"명N시 | Mio | DashCam | 025108110R25:5A | 48KT | N3731584"" | 12 | +59212:"
1163713962076436,Itaewon,126.9900557,37.5317043,6,English,"Mio | DashCam | N3731545"" | 25:0 | 126: | 48kT"
1164433821358911,Itaewon,126.9971413,37.5408281,0,No_Text,None
1164568048310089,Itaewon,126.9896535,37.5322678,6,English,Mio | DashCam | 025/105/110825:5: | 49 | N3781568 | 12659223:
1168638970275564,Itaewon,126.99432328,37.53345987,0,No_Text,None
1169565528056609,Itaewon,126.98680984719,37.535911592442,1,Hangul,비개
1173467014243680,Itaewon,126.9888889,37.5334107,4,English,"Mio | DashCam | N3732090"" | 02510511110:25:49"
1175671090440700,Itaewon,126.9968008,37.5402277,0,No_Text,None
1176797190010578,Itaewon,126.997172,37.5406917,0,No_Text,None
1181050133577217,Itaewon,126.9891667,37.5329579,7,English,Mio | DashCam | 13731597 | 025I | T5110:8:25:5? | 49kT | 12%
1181297613454129,Itaewon,126.98698106312,37.535125812115,2,Hangul,고육문화된 | 시불이협원조문박교
1183893150402464,Itaewon,126.98663858106,37.537462558474,0,No_Text,None
1189855462046189,Itaewon,126.9976995,37.5394231,0,No_Text,None
1192000525618211,Itaewon,126.98672568598,37.537265858097,0,No_Text,None
1192274715112089,Itaewon,126.9977514,37.5396406,0,No_Text,None
1192336815297868,Itaewon,126.9974401,37.539845,0,No_Text,None
1192965432289502,Itaewon,126.986668,37.537738,0,No_Text,None
1193294025003928,Itaewon,126.9978844,37.5395154,0,No_Text,None
1193555315719632,Itaewon,126.98714303164,37.539444080886,2,Hangul,전는 | 51830
1194435464893419,Itaewon,126.997817,37.5390498,0,No_Text,None
1201251957974646,Itaewon,126.9976197,37.5409793,0,No_Text,None
1204358947601111,Itaewon,126.9977395,37.5392974,0,No_Text,None
1205729181255264,Itaewon,126.9872575,37.5398124,10,Mixed,"2025 | 고양 | 카구엘스포 | 0닉 | Mio | DashCam | 202510F111018:22:50 | 37KIT7 | 세3752239"" | 12659143:"
1205736847589689,Itaewon,126.987287,37.534517,1,Hangul,1무4고교
1208752310594693,Itaewon,126.987577,37.533925,2,Hangul,부모25미크2터 | 10:04:26
1213974023737903,Itaewon,126.987238,37.539812,1,Hangul,1무
1218319845993320,Itaewon,126.9968399,37.540284,0,No_Text,None
1222832984800016,Itaewon,126.98672516951,37.537800447264,3,English,MAF! | TENG5 | KIT
1234741421596018,Itaewon,126.987287,37.539937,1,English,HR
1257787641521673,Itaewon,126.98786983971,37.534005771604,0,No_Text,None
129201422528678,Itaewon,126.98663481,37.53873109,1,Other,3%
1308313686943375,Itaewon,126.9868881,37.5354877,5,English,Mio | DashCam | 13732815 | 025L | 12659128
1318892236087918,Itaewon,126.98862543278,37.533334200563,0,No_Text,None
1325309771736753,Itaewon,126.9975301,37.5400528,0,No_Text,None
1326268271977414,Itaewon,126.9890849,37.5330868,6,Mixed,Mio | DashCam | N3731597 | 1025 | 151110::25:5? | 12년
1339087284049747,Itaewon,126.988792,37.533083,0,No_Text,None
1358404928693426,Itaewon,126.989243,37.532653,0,No_Text,None
1362814397946400,Itaewon,126.98684346053,37.538700426674,0,No_Text,None
1364216734138904,Itaewon,126.98798581003,37.533870242591,0,No_Text,None
1364936341515836,Itaewon,126.986708,37.538157,0,No_Text,None
1365055921609628,Itaewon,126.98726063001,37.534630318846,0,No_Text,None
1370520603642892,Itaewon,126.9970833,37.5400618,0,No_Text,None
1373908723739678,Itaewon,126.9874277,37.5402919,4,Mixed,"Mio | DashCam | 서3732256"" | 025511L0R:2:51"
1381508463023172,Itaewon,126.98734801785,37.540032442576,0,No_Text,None
1386098075104103,Itaewon,126.99494221,37.53168463,6,Hangul,공사안내 | 이태원 | 뭔턱가구커리 | 조성궁사 | 공 | 청령9시1상
1388338905180379,Itaewon,126.9976081,37.5409781,0,No_Text,None
1409416100202478,Itaewon,126.98684311284,37.535482320771,0,No_Text,None
1410243713685734,Itaewon,126.98670372083,37.537756919036,0,No_Text,None
1418486975519218,Itaewon,126.9968911,37.5404501,0,No_Text,None
1422024988962980,Itaewon,126.9868232,37.5362048,6,Mixed,"Mio | DashCam | 세3722112"" | 02510B110825:1T | 12659125 | 40IT1"
1433828203913984,Itaewon,126.9971479,37.5404493,0,No_Text,None
1434240224650457,Itaewon,126.9868117,37.5363483,4,Mixed,"Mio | DashCam | 세373115"" | '025108110:25:16"
145153157504901,Itaewon,126.99514689,37.53142672,14,Mixed,시 | 홈돔 | 교호 | gners! | LG | KT | 선물폰 | 신규개능 | 유로규 | 기본료 | 4500 | 요금체님 | 누구나카는 | 중고폰물화
1456813818536685,Itaewon,126.9975232,37.5389948,0,No_Text,None
1458296684797003,Itaewon,126.9977066,37.5392819,0,No_Text,None
147275714072275,Itaewon,126.99496069,37.53164728,2,Hangul,조궁 | 제
1484631365474773,Itaewon,126.9974567,37.5398219,0,No_Text,None
1496281240992233,Itaewon,126.9973419,37.5387896,0,No_Text,None
1522690835270302,Itaewon,126.9950433,37.5383617,0,No_Text,None
152563410137664,Itaewon,126.9867144,37.5402636,4,English,DA | VINC! | CREATIVE | 2015
1527822024806152,Itaewon,126.9975656,37.5409387,0,No_Text,None
1529692461223524,Itaewon,126.9976195,37.5409831,0,No_Text,None
1559549791196287,Itaewon,126.99032659018,37.531224568747,0,No_Text,None
1568034960425430,Itaewon,126.9949109,37.5384159,0,No_Text,None
1577464669624033,Itaewon,126.98859396879,37.533358850911,0,No_Text,None
1595496440983000,Itaewon,126.986903,37.53881,1,Hangul,주무
1607073570131658,Itaewon,126.9971138,37.5407638,0,No_Text,None
1614914329298901,Itaewon,126.9973199,37.5397515,0,No_Text,None
1672560866689253,Itaewon,126.9866929,37.5374215,11,Mixed,"늘빈프닫고 | 반포대고 | 공라요 | 삼각지떡 | 전금 | Mio | DashCam | 02510B11108:25:05 | 397 | 세3732152"" | 12659121"
1680532812881550,Itaewon,126.9901874,37.5315154,5,Mixed,"Mio | DashCam | 025/0B111L0R25:0F | 47KIT | 세37업1537"""
1681278719139167,Itaewon,126.987055,37.534945,1,Hangul,1무1
1682113859376480,Itaewon,126.986765,37.536838,0,No_Text,None
1690092605227908,Itaewon,126.9876369,37.5408423,4,English,"Mio | DashCam | N3732275"" | 0251051101R20:16"
1691726381580669,Itaewon,126.9971725,37.5402121,0,No_Text,None
1702775403666951,Itaewon,126.986945,37.535245,0,No_Text,None
1711878819538626,Itaewon,126.986977,37.538975,0,No_Text,None
1724380961626060,Itaewon,126.98825076505,37.533800901597,0,No_Text,None
1730256677842344,Itaewon,126.986912,37.5354,3,Hangul,동신02 | 자생한방병원 | 069:
1731378357666334,Itaewon,126.9968165,37.5402288,0,No_Text,None
1737599343468007,Itaewon,126.99001245115,37.531658596154,0,No_Text,None
1740505313023639,Itaewon,126.9977549,37.539434,2,Other,- | -
1767673823813673,Itaewon,126.987198,37.53969,0,No_Text,None
1785640962282123,Itaewon,126.9871425,37.5395397,8,Mixed,전문 | 302 | 518309 | Mio | DashCam | 신372230 | '0250511 0! | 24:00
1799659540888107,Itaewon,126.98663236013,37.537764092583,0,No_Text,None
1807006853144412,Itaewon,126.9974467,37.5388515,0,No_Text,None
1819315375256303,Itaewon,126.9974445,37.5398626,0,No_Text,None
1850505515785381,Itaewon,126.98670965296,37.537460975227,0,No_Text,None
1853124212183028,Itaewon,126.98664373561,37.537366773209,0,No_Text,None
1869889250504090,Itaewon,126.98692746587,37.535361801735,2,Hangul,필육분한관 | 벼올이즈중
189559176334955,Itaewon,126.9866016,37.5401645,0,No_Text,None
1899634087515845,Itaewon,126.98758231647,37.534247529798,0,No_Text,None
1902627820273851,Itaewon,126.9868812,37.5355594,7,Mixed,RAYNO | Mio | DashCam | 137932857 | 025L | 12년 | 5127
1903050096783052,Itaewon,126.9974991,37.5393593,0,No_Text,None
1914832142012812,Itaewon,126.99514426,37.53140925,2,Mixed,10LYGA | 분
192083329888069,Itaewon,126.99006474855,37.531593012747,0,No_Text,None
196481413232792,Itaewon,126.98941474303,37.532482056811,0,No_Text,None
1979185499143290,Itaewon,126.9978151,37.5390408,0,No_Text,None
201240555143450,Itaewon,126.99460418,37.53283873,1,English,LIBe
2068599666990984,Itaewon,126.9870715,37.5393315,12,Mixed,"제정관리단앞 | 용산2가동 | 회나무로 | 신흥로 | 00n남r0 | Mio | DashCam | 0251051101:24:05 | 12KT | 세37업2218"" | 12년 | 59135-"
2088717331513059,Itaewon,126.9973629,37.5398121,0,No_Text,None
2095250310876291,Itaewon,126.9976347,37.5393383,0,No_Text,None
2106386159782379,Itaewon,126.987238,37.539812,1,Other,190
2116829682096642,Itaewon,126.98975599489,37.532082063771,0,No_Text,None
2133869990402794,Itaewon,126.986695,37.537397,0,No_Text,None
2169846220112564,Itaewon,126.98663236013,37.537764092583,0,No_Text,None
2308661909514099,Itaewon,126.9888653556,37.533113008876,0,No_Text,None
238605111390096,Itaewon,126.98671576,37.53591393,0,No_Text,None
2454776708201509,Itaewon,126.9896984,37.5322052,6,English,"Mio | DashCam | 1025108110:25:59 | 50 KTF | N3731564"" | 126:"
245896047949410,Itaewon,126.99048466641,37.53100519039,0,No_Text,None
247662071127941,Itaewon,126.98689875354,37.534598778006,3,Hangul,내피금음 | 적신호시 | 래0
251277790765399,Itaewon,126.98734524298,37.53440667499,0,No_Text,None
2526007804361119,Itaewon,126.98674299549,37.537990257187,0,No_Text,None
2542108999270365,Itaewon,126.98780820425,37.534064591091,0,No_Text,None
2570610209813264,Itaewon,126.9875523,37.5401994,8,Mixed,50 | 단속 | 무19 | 2991 | DashCam | 02510511L0:8:22:50 | 12[달151 | 49
262069980297819,Itaewon,126.9968545,37.5404591,0,No_Text,None
269772674884891,Itaewon,126.99443994,37.53314957,7,Hangul,배나무 | 11111 | 못작림경/기고무: | 금가교 | 어리디스로연정회모: | 부인과고동사고 | 수당회단성장
271409734695388,Itaewon,126.9868931,37.5407706,1,Other,1790-8833
2767388516800991,Itaewon,126.9871938,37.5346672,3,English,Mio | DashCam | '0250B1hLr!
280753074284420,Itaewon,126.98919931405,37.53270377009,1,Hangul,용산구청
285060693287423,Itaewon,126.98662428,37.53948969,0,No_Text,None
2859284354289949,Itaewon,126.98674860146,37.537484411578,2,Mixed,치킹 | 내MADF
2871563226340447,Itaewon,126.98924373622,37.532716983557,1,Hangul,개인
2880614648933572,Itaewon,126.98690046894,37.538588238958,3,Mixed,CHEESEHICK | 노택연승 | Lz
2889133864575851,Itaewon,126.9971007,37.5405683,0,No_Text,None
289423349325763,Itaewon,126.9950933,37.53147942,7,Hangul,가구 | 물물 | 교환 | 컴민티가구거리 | 조상공사입니단 | 둥룡룩공금료 | 시
28952514577697890,Itaewon,126.9896093,37.5323306,6,Mixed,"Mio | DashCam | 제3781568"" | 025105111L08:25:59 | 12659223 | 4971"
29118605254391430,Itaewon,126.98768919606,37.540955970219,0,No_Text,None
302207534831643,Itaewon,126.99511403,37.53145696,17,Mixed,점력비션폰 | 힉 | 예9000 | Playmohe | 가구 | 물물 | 교 | 정중지 | 내 | 식 | 동업무가능 | 보호금 | 북자구거려: | 주 | 소남 | LGG5 | 불무환들얼음
3057843807698734,Itaewon,126.98706427993,37.539218590807,0,No_Text,None
307895588947712,Itaewon,126.9974978,37.539404,0,No_Text,None
3143784159096307,Itaewon,126.987337,37.540067,3,Mixed,고무A | :무 | 래림틈스드
318628232939204,Itaewon,126.98666575,37.53603351,0,No_Text,None
320597387767518,Itaewon,126.9969357,37.5408648,0,No_Text,None
324532419040720,Itaewon,126.9867136,37.5402798,5,Mixed,JKITCHEN | x | 구께 | 박스테이크 | 멘치카츠
327062118834830,Itaewon,126.9869048,37.540789,3,Mixed,790-8833 | - | D에
3412771582358527,Itaewon,126.9973303,37.5407146,0,No_Text,None
3469282206705948,Itaewon,126.9972043,37.5402358,0,No_Text,None
3523847111276331,Itaewon,126.98836996583,37.533518222657,0,No_Text,None
3604806429820235,Itaewon,126.987213,37.534662,2,Hangul,2무25무크2 | 109구고
3660045844324765,Itaewon,126.9974624,37.5397659,0,No_Text,None
3662765520495588,Itaewon,126.99482212,37.5319212,0,No_Text,None
372009034106378,Itaewon,126.98667166,37.53592731,0,No_Text,None
3748304642120592,Itaewon,126.9971637,37.540793,0,No_Text,None
3864452890437793,Itaewon,126.9870524,37.5392612,13,Mixed,"립러려오 | 수반포대교 | 용산2가동 | 이태원2동 | 신흥로 | 회나무로 | Sinheung-I0 | Hoenamu-ro | Mio | DashCam | 서3132215 | 025/0841L0R:24:09 | 126959134"""
395147289536377,Itaewon,126.9975996,37.5409672,0,No_Text,None
396837906002079,Itaewon,126.9976155,37.5388782,0,No_Text,None
3977646859223433,Itaewon,126.9897889,37.5320805,6,Mixed,"Mio | DashCam | S0자구 | N3731560"" | 126 | 59229"
4112297765658687,Itaewon,126.986788,37.538477,13,Mixed,이 | - | 45 | 72관념공동주가의 | 용산아이프 | 한국금거래소 | 2025년1월1일기준개별공사 | 기간:2025 | 32 | 현수막게시대 | 광고문 | 린디자인C0n으로 | 신청해주셰요
421190347403855,Itaewon,126.997314,37.5402292,0,No_Text,None
421726567531695,Itaewon,126.9977353,37.5396828,0,No_Text,None
4224522840901914,Itaewon,126.99461898,37.53290199,3,Hangul,주차금지 | 32 | 문은
422920390570263,Itaewon,126.996799,37.5402283,0,No_Text,None
427018650473168,Itaewon,126.9867214,37.5370629,4,Mixed,"Mio | DashCam | 세373213염"" | 02510BL11108:25:09"
431634293084669,Itaewon,126.9971102,37.5404984,0,No_Text,None
435226052612096,Itaewon,126.9971461,37.5408171,3,Hangul,디0름방 | 지퓨프리대 | 경로
437852802718062,Itaewon,126.986827,37.536255,2,Hangul,이륜치 | 교통시방사고
441914145614743,Itaewon,126.98665045764,37.538028804199,0,No_Text,None
442157898749702,Itaewon,126.9973277,37.5407506,12,Mixed,에티켓 | 이용 | 공원 | 편학양개마든 | 이내은 | 작용2n | 해주세요 | 목 | 1가슴줄목줄 | 뒤처리를 | 수거및 | 2배설물
443483445110343,Itaewon,126.9976396,37.5409763,0,No_Text,None
444267774903961,Itaewon,126.9968464,37.5404955,0,No_Text,None
449063844544131,Itaewon,126.9975397,37.5400805,0,No_Text,None
449631507773098,Itaewon,126.9973788,37.5397291,0,No_Text,None
451647364636268,Itaewon,126.989243,37.532653,0,No_Text,None
453989377240531,Itaewon,126.9976083,37.5409783,0,No_Text,None
456336523647293,Itaewon,126.9977112,37.5394279,1,English,FETFAIT
464180311311620,Itaewon,126.9875692402,37.540525314499,0,No_Text,None
466444629881624,Itaewon,126.9867675,37.5367784,9,Mixed,5% | 아태원지하차도구 | Mio | DashCam | 저3732131 | 02510B11025:1: | 2% | 41구 | 95122
468225172422585,Itaewon,126.997634,37.5409847,0,No_Text,None
470265167646835,Itaewon,126.99445693,37.53310322,1,Hangul,김
473602715074341,Itaewon,126.997139,37.5408309,0,No_Text,None
474068115123104,Itaewon,126.9977943,37.5393413,0,No_Text,None
474129552320127,Itaewon,126.98699980118,37.53906961748,0,No_Text,None
482102612941029,Itaewon,126.98734366522,37.539892760925,5,Hangul,공인증개사 | 사무소 | 114 | 로 | 금79061919
483644878013504,Itaewon,126.98951584616,37.532415316773,2,Mixed,Y | 개인
496239536083713,Itaewon,126.9971443,37.5408285,0,No_Text,None
496973326814748,Itaewon,126.9885327,37.53382,5,Mixed,"RAYNO | Mio | DashCam | 세37업2419"" | 02510511L0:-25:45"
501970442747009,Itaewon,126.98674982553,37.536446746647,0,No_Text,None
502043932963216,Itaewon,126.98980670978,37.531963734184,1,English,FURRO
509254006880143,Itaewon,126.98653027,37.53727743,0,No_Text,None
510748460296617,Itaewon,126.9868059,37.5404582,1,Other,650621
522478245798751,Itaewon,126.9867132,37.5403041,2,Hangul,10420조0 | 1546824141
531486589965507,Itaewon,126.989249,37.5328302,4,Mixed,"Mio | DashCam | 1373158용"" | 025051110825:5"
538798852590401,Itaewon,126.987163,37.539572,0,No_Text,None
542921795492965,Itaewon,126.986788,37.536645,0,No_Text,None
543994976593154,Itaewon,126.99472371,37.53210155,4,Mixed,고작 | 4께 | ung | 미A5
558423043213893,Itaewon,126.98701641568,37.539116917605,0,No_Text,None
558475228474420,Itaewon,126.98662787,37.53867757,0,No_Text,None
574218948967876,Itaewon,126.98668159875,37.536958435123,0,No_Text,None
583404786385819,Itaewon,126.99434978,37.53332946,4,Mixed,호 | Lote | 주차금지 | PAISSEREF
586986340468231,Itaewon,126.98686,37.535883,1,Hangul,19:무구고
596362705575396,Itaewon,126.9865954896,37.534673499465,1,English,01F
611015908599595,Itaewon,126.986812,37.538563,0,No_Text,None
614316974731789,Itaewon,126.9870818,37.5348635,5,Mixed,"Mio | DashCam | N3732606"" | 0251051110H25:2 | 12년"
614823638133288,Itaewon,126.98675812894,37.536958466693,0,No_Text,None
615282230639397,Itaewon,126.9865954896,37.534673499465,0,No_Text,None
623620749511764,Itaewon,126.98752915684,37.540513381733,0,No_Text,None
635567632541194,Itaewon,126.98662936232,37.537667423043,0,No_Text,None
636490295767851,Itaewon,126.9866871,37.537709,6,Mixed,"Mio | DashCam | 10251081110:25:0? | 126159121: | 357 | N373호163"""
642804414999532,Itaewon,126.9892059,37.5328935,4,Mixed,"Mio | DashCam | 세3731588"" | 02510511110::25:58"
648047944493126,Itaewon,126.987213,37.534662,2,Hangul,고무고미고물 | 10:19121
651317874105412,Itaewon,126.98667419303,37.537064691113,0,No_Text,None
653813093715377,Itaewon,126.9895643,37.5323931,6,Mixed,Mio | DashCam | 세37당1571 | 025108111025:5T | 12659221: | 497
655972000416131,Itaewon,126.9873026,37.5345579,4,English,"Mio | DashCam | 02510A1- | 32471"""
659650180080182,Itaewon,126.9867322,37.5380669,5,Mixed,"Mio | DashCam | 137업2175"" | 025051 | 24:5!"
669437228999667,Itaewon,126.98812,37.533588,0,No_Text,None
671365595446553,Itaewon,126.9867284,37.5369912,6,Mixed,"Mio | DashCam | 0250B111L0R:25:09 | 1265당122: | 407구 | 세372호13음"""
671954232171653,Itaewon,126.9868371,37.5359894,11,Mixed,사명 | 농반포대고 | 반포대교 | 마아리 | 생각지역 | 이라원로 | Mio | DashCam | 0251081110825:19 | 126159126 | !려/회1무마
682811054265498,Itaewon,126.989382,37.53249,0,No_Text,None
689001830118227,Itaewon,126.98749466161,37.540417372216,0,No_Text,None
691915526501159,Itaewon,126.989887,37.53186,0,No_Text,None
695395149477513,Itaewon,126.9868174,37.5384932,7,Mixed,"Mio | DashCam | 세3732191"" | 02510A1110R: | 24:51 | 12659127 | 341"
7111773462256158,Itaewon,126.9973767,37.5387333,0,No_Text,None
730878066171138,Itaewon,126.98680903466,37.535601701546,0,No_Text,None
737009766994933,Itaewon,126.98670523,37.53595356,0,No_Text,None
747836430760350,Itaewon,126.9975532,37.5394653,0,No_Text,None
7579197168825735,Itaewon,126.9974962,37.5394021,0,No_Text,None
758758771508476,Itaewon,126.99431575,37.53349085,1,Other,32
7590771220971081,Itaewon,126.9975087,37.5407994,0,No_Text,None
7617831465000229,Itaewon,126.997335,37.5407509,13,Mixed,이용 | 공원 | 진관 | 함행이 | 비공마이 | 이내은 | 착용2m | 1가슴줄목줄 | 꼭 | 해주세요 | 뒤처리를 | 2배설물 | 글수거
7645896308830210,Itaewon,126.9976104,37.5388766,0,No_Text,None
769883875299311,Itaewon,126.996942,37.5401585,0,No_Text,None
769929578666992,Itaewon,126.9976663,37.5409845,0,No_Text,None
772911768373254,Itaewon,126.9950159,37.5384914,0,No_Text,None
772963614822785,Itaewon,126.9976826,37.5392866,0,No_Text,None
780231660925296,Itaewon,126.9973887,37.5398014,0,No_Text,None
783054660609391,Itaewon,126.9972907,37.5407519,1,Mixed,E용금운
7852080124858887,Itaewon,126.9974976,37.5393351,0,No_Text,None
807222476876057,Itaewon,126.98666697,37.53561942,0,No_Text,None
811659133102529,Itaewon,126.99455243,37.5327379,1,Other,5082
814462650629857,Itaewon,126.9974585,37.5391954,0,No_Text,None
814614073616898,Itaewon,126.9976867,37.5409317,0,No_Text,None
815940477167214,Itaewon,126.9971401,37.5408251,0,No_Text,None
820230369660300,Itaewon,126.9974366,37.5397788,0,No_Text,None
822735586421633,Itaewon,126.9969998,37.5401187,0,No_Text,None
824910396244659,Itaewon,126.9968485,37.5404665,1,Hangul,트
828394504427630,Itaewon,126.99767561,37.5409814,0,No_Text,None
838076931708185,Itaewon,126.9975305,37.5399299,0,No_Text,None
8455247047825019,Itaewon,126.9975049,37.5389202,0,No_Text,None
848438417306606,Itaewon,126.9973401,37.5387948,0,No_Text,None
851482813779102,Itaewon,126.98665045764,37.538028804199,0,No_Text,None
872824443293032,Itaewon,126.98672516383,37.537653788919,2,English,STANDIHG | COFF
896394584252959,Itaewon,126.98669128,37.53586757,1,Other,|||
896884298280689,Itaewon,126.99023992907,37.531347964848,3,Mixed,2m | 전방1001 | 육과
899994607727310,Itaewon,126.98887639889,37.533034259002,0,No_Text,None
901754005291943,Itaewon,126.986918,37.53882,0,No_Text,None
9017833174993751,Itaewon,126.98712365561,37.539390790493,0,No_Text,None
9102009826595286,Itaewon,126.98722090864,37.539681098889,0,No_Text,None
915147686384463,Itaewon,126.98856879824,37.533348232346,0,No_Text,None
925790839445004,Itaewon,126.9875064,37.5404978,5,Mixed,"Mio | DashCam | 137업2203"" | 1250511 | 4"
9268242593282853,Itaewon,126.987137,37.534803,2,Hangul,2025032 | 1무
9292844240799674,Itaewon,126.98710228182,37.539337585828,1,Mixed,N담서
931230472423429,Itaewon,126.98731757312,37.539954130428,0,No_Text,None
942082987908213,Itaewon,126.98988493086,37.531861511512,2,Mixed,산구 | HRLRO
948071827536658,Itaewon,126.98672947698,37.538022244417,0,No_Text,None
959088476010934,Itaewon,126.996825,37.5402551,0,No_Text,None
961988935612425,Itaewon,126.9970933,37.5405237,0,No_Text,None
962270391210707,Itaewon,126.9869227,37.5408879,0,No_Text,None
962944745572051,Itaewon,126.9971706,37.5406369,0,No_Text,None
967924130645775,Itaewon,126.98661045,37.53896541,8,Mixed,302 | 필라페스 | 플라잉요가 | 래연금동 | 소낭 | 대PT | 구국의 | 95-7203
973189371613350,Itaewon,126.9880262,37.5341238,5,English,"Mio | DashCam | N37932419"" | 02510B111L08:25:10 | 32I"
975000444285874,Itaewon,126.9976046,37.5393431,0,No_Text,None
9801586009873971,Itaewon,126.98676942281,37.53844563746,0,No_Text,None
986150532690404,Itaewon,126.99786,37.5395053,0,No_Text,None
988391169460966,Itaewon,126.9972316,37.5402614,0,No_Text,None
988952092785797,Itaewon,126.9868547,37.538634,5,Mixed,Mio | DashCam | 세37업호194 | 025105110824:5? | 41
993039665608632,Itaewon,126.9867151,37.5371347,5,Mixed,"Mio | DashCam | 세373호142"" | 02510B110:25:08 | 12659121:"
993208388897314,Itaewon,126.9869577,37.5351338,4,English,"Mio | DashCam | N3732692"" | 0250B110R:25:2T"
996145565773428,Itaewon,126.98675984219,37.536343388477,0,No_Text,None
997251741744476,Itaewon,126.9976197,37.5409763,0,No_Text,None
1000164818200482,Jeju City,126.51370632405,33.50535430939,2,Hangul,하음나운 | 제주시
1002019194632749,Jeju City,126.51790104763,33.508819761392,0,No_Text,None
1007197617595630,Jeju City,126.49114661429,33.493018944023,0,No_Text,None
1011274500516339,Jeju City,126.50556436163,33.500252187209,0,No_Text,None
1011315277077961,Jeju City,126.4899328461,33.492161842879,0,No_Text,None
1012650148368840,Jeju City,126.5205136,33.5091845,3,Hangul,미용 | 에린친구 | 교배
1014709450097038,Jeju City,126.51572396522,33.507936477082,0,No_Text,None
1019524203091031,Jeju City,126.5007620949,33.498757653928,0,No_Text,None
1036244751451487,Jeju City,126.5056835727,33.500324715395,2,English,OBANK | 711-0444
1082699852818620,Jeju City,126.49396305443,33.496101710443,0,No_Text,None
1084864499478345,Jeju City,126.50491993776,33.500068233423,0,No_Text,None
1089317705505924,Jeju City,126.5060571341,33.500504658514,13,Mixed,TIAE | O | BANK | 711-0 | 무 | 터01어50%할래 | 핑크수리/위치교환/회런스 | 3+1 | 전품목 | 서비스 | 타이어U드 | 고격은 | 전국어디서
1090570192004637,Jeju City,126.48866646829,33.49127887948,0,No_Text,None
1090970321962923,Jeju City,126.49402048249,33.496187309401,0,No_Text,None
1098474524567394,Jeju City,126.50699425862,33.500945155322,0,No_Text,None
1099861531318698,Jeju City,126.49652212861,33.497429650638,1,Mixed,Hy드r
1099899827982062,Jeju City,126.50574760666,33.500320381879,0,No_Text,None
1100121027947965,Jeju City,126.5154053768,33.509456408641,1,Hangul,영원장
1102736601020021,Jeju City,126.51547450412,33.507644920765,0,No_Text,None
1104867060793484,Jeju City,126.50818208697,33.501545514807,0,No_Text,None
1111609820067660,Jeju City,126.49332243718,33.495245703748,0,No_Text,None
1117234776311126,Jeju City,126.51991348733,33.509135191359,4,English,HV2 | P | 102 | S
1125001638741142,Jeju City,126.51982562563,33.509124986121,10,Mixed,재활 | 070 | 1010흥 | 제/주/점 | SALE | 58 | 라려륜논로 | C | 핸슨소파 | 고마르코매트리
1125842812016098,Jeju City,126.4921697537,33.493760094404,0,No_Text,None
1127418818380077,Jeju City,126.51045157834,33.502563571975,0,No_Text,None
1129617458238059,Jeju City,126.52069263085,33.509216459984,9,Mixed,종합경기장 | 습0 | 용두암 | 물급 | 理 | S13dn | Yongduam | TBpdor | 더
1134463404570686,Jeju City,126.49480627079,33.496897836679,0,No_Text,None
1135175554472965,Jeju City,126.49976993489,33.498442478839,0,No_Text,None
1135720270913074,Jeju City,126.51524670764,33.507293588535,0,No_Text,None
1137157554269409,Jeju City,126.48902806163,33.491524522785,0,No_Text,None
1138843517246184,Jeju City,126.50877168759,33.51287370363,0,No_Text,None
1139536403979857,Jeju City,126.52083325172,33.509163587695,0,No_Text,None
1141050376939829,Jeju City,126.50194655112,33.49912437991,0,No_Text,None
1142663916859113,Jeju City,126.515651088,33.507999800162,2,Hangul,에/갈치/옥/조기 | 742915:
1144490403528767,Jeju City,126.5224135928,33.509332191754,0,No_Text,None
1154721709137264,Jeju City,126.50462685654,33.499982060814,0,No_Text,None
1162035372100115,Jeju City,126.51260713717,33.512043701756,2,Mixed,봉바융 | Yongduarn Rock
1163441194672028,Jeju City,126.49906163275,33.498214863924,0,No_Text,None
1165004877856258,Jeju City,126.51182840759,33.503351722785,0,No_Text,None
1167136077806143,Jeju City,126.51483239478,33.506649591297,0,No_Text,None
1168341744205314,Jeju City,126.52041834003,33.509117818891,0,No_Text,None
1169235557590856,Jeju City,126.51075697841,33.502702621252,1,English,TALA
1170038305196994,Jeju City,126.5213728,33.510712,0,No_Text,None
1170249603981417,Jeju City,126.49524108937,33.497044903313,0,No_Text,None
1172540833784890,Jeju City,126.50873394904,33.501765221656,0,No_Text,None
1174379303728963,Jeju City,126.5145765989,33.506398256911,1,Other,1|
1181211112850102,Jeju City,126.51977217219,33.509051512527,1,Hangul,의
1184097726278964,Jeju City,126.49471599513,33.496834427211,0,No_Text,None
1184148632999858,Jeju City,126.51901206218,33.508962433703,1,Hangul,기도식도
1185951865734196,Jeju City,126.50681639165,33.500860090092,0,No_Text,None
1191320651784426,Jeju City,126.518842625,33.5089337125,1,Hangul,진성도
1198108631600374,Jeju City,126.50687359802,33.500887828875,0,No_Text,None
1201247534201018,Jeju City,126.52039920772,33.509175258988,1,English,KimaKim
1205096857125545,Jeju City,126.48749331132,33.49062136072,1,English,70TLEL
1209321146717549,Jeju City,126.48759007715,33.490674103598,0,No_Text,None
1250029616907316,Jeju City,126.5199007,33.5104996,1,Hangul,2로러
1263382362649875,Jeju City,126.52005022177,33.511326360959,0,No_Text,None
1268918121686248,Jeju City,126.5198413,33.5104308,0,No_Text,None
1280167856274116,Jeju City,126.50201006256,33.499143603892,0,No_Text,None
1283767880104489,Jeju City,126.52150198653,33.50991400503,0,No_Text,None
1313382069582202,Jeju City,126.5006672908,33.498728361359,0,No_Text,None
1328335372500466,Jeju City,126.52053246658,33.510903699048,1,Hangul,크크크크
1341198049890930,Jeju City,126.51531168283,33.50739300922,0,No_Text,None
1351508095519014,Jeju City,126.48954929594,33.491891795403,1,English,L144I4!!
1382278565900721,Jeju City,126.5039471603,33.499744960297,0,No_Text,None
1391969691517075,Jeju City,126.51733450234,33.508750838641,0,No_Text,None
1396100451093033,Jeju City,126.49347861405,33.495451518551,1,English,MD T111S
1398095014306219,Jeju City,126.49177445097,33.493473052774,0,No_Text,None
1402252823625655,Jeju City,126.48888941799,33.491428412594,0,No_Text,None
1403892866995036,Jeju City,126.51800903193,33.5089482328,0,No_Text,None
1409945713214224,Jeju City,126.51169686237,33.503210962369,0,No_Text,None
1411462892847454,Jeju City,126.50955955383,33.502156602598,0,No_Text,None
1424270251539147,Jeju City,126.50588718616,33.500398842793,2,Hangul,3분 | 서비스
1454411158613333,Jeju City,126.51959977991,33.509033851574,0,No_Text,None
1458508368362141,Jeju City,126.48905293611,33.491542081812,1,Other,-
1460147588929652,Jeju City,126.51998429918,33.511412520288,4,Hangul,35 | 때대 | 커피 | 미려포심
1465247077750715,Jeju City,126.50675182547,33.513140230147,1,English,-11I5
1468941607632460,Jeju City,126.5204859348,33.510994855944,0,No_Text,None
1475156153083233,Jeju City,126.49752765391,33.497749748298,0,No_Text,None
1480011339616051,Jeju City,126.48731094374,33.490482425895,0,No_Text,None
1480582852896083,Jeju City,126.5002969217,33.498619105294,0,No_Text,None
1495143884438933,Jeju City,126.49380914607,33.495893662208,0,No_Text,None
1500823943862460,Jeju City,126.50092553391,33.498809032112,0,No_Text,None
1502083373995651,Jeju City,126.50418485784,33.499845661568,0,No_Text,None
1506202153635814,Jeju City,126.51400824603,33.505546778111,0,No_Text,None
1507753873486171,Jeju City,126.4910945973,33.492981160645,0,No_Text,None
1513600759368581,Jeju City,126.51511613006,33.507091072489,0,No_Text,None
1528405054375461,Jeju City,126.51771974923,33.508801258095,1,English,H
1533625213882253,Jeju City,126.51129869334,33.512536725326,7,Mixed,30 | 하려 | 현재속도 | 채 | toin | tech | 무입내크채주지사
1568655927012580,Jeju City,126.50720125769,33.50104187042,0,No_Text,None
1578947502647288,Jeju City,126.51783333344,33.508929232515,4,Mixed,류 | 과 | PG | ~
1580413323732023,Jeju City,126.52063113012,33.509323437784,0,No_Text,None
1584209329093208,Jeju City,126.49697631924,33.497583839163,0,No_Text,None
1585251578927087,Jeju City,126.49721076464,33.497653552913,0,No_Text,None
1589190302156487,Jeju City,126.52131270312,33.510766569009,1,Hangul,전자동차공업사
1600567187344616,Jeju City,126.49253708443,33.494170871073,0,No_Text,None
1604651613667748,Jeju City,126.49359045828,33.49560017577,0,No_Text,None
1605018120323279,Jeju City,126.51481196122,33.506764925627,0,No_Text,None
1607347726770977,Jeju City,126.50632722758,33.500635397735,1,English,TAE
1611902476536552,Jeju City,126.52031543208,33.511155685942,1,Hangul,3어장
1613264879966970,Jeju City,126.5199287,33.5105422,0,No_Text,None
1616594352497870,Jeju City,126.50638458021,33.500663053223,1,Other,33
1621155798660838,Jeju City,126.49915677522,33.49824424898,0,No_Text,None
1622471445203334,Jeju City,126.49144178841,33.493223809327,0,No_Text,None
1631470891449122,Jeju City,126.520743,33.5092091,0,No_Text,None
1636216537634362,Jeju City,126.5202445455,33.511194831072,1,Hangul,주차금지
1646969766351919,Jeju City,126.52031472617,33.510611927195,1,Hangul,바베이크
1666289344670240,Jeju City,126.52154878439,33.510586149989,0,No_Text,None
1678942713454558,Jeju City,126.5198389,33.5085028,0,No_Text,None
1691345768557207,Jeju City,126.52137248286,33.510722110711,1,Hangul,남
1716805109676556,Jeju City,126.5205525,33.5091889,1,Hangul,큰
1726649134411145,Jeju City,126.50168149734,33.49904231026,0,No_Text,None
1730028874188658,Jeju City,126.49278589247,33.494519250701,0,No_Text,None
1771355760026548,Jeju City,126.48792945728,33.490861474367,0,No_Text,None
1774313903062466,Jeju City,126.50213210635,33.499199392737,0,No_Text,None
1793378151182939,Jeju City,126.51849632639,33.508997319331,5,Mixed,스= | LE | - | 한진모 | 출차입구
1809328916233631,Jeju City,126.51463305881,33.506342274098,0,No_Text,None
1843017856137959,Jeju City,126.50521727863,33.500147553999,0,No_Text,None
1893162157867678,Jeju City,126.49160095807,33.49333455807,1,Other,/40-7171
1908551456460304,Jeju City,126.52097421881,33.510517486763,0,No_Text,None
1941507149958080,Jeju City,126.490356113,33.492437689785,0,No_Text,None
1965723067179628,Jeju City,126.51164656143,33.503165570701,0,No_Text,None
2076162196089316,Jeju City,126.50099623378,33.498830500133,1,Other,|
2113719428984357,Jeju City,126.51069501207,33.502674211394,0,No_Text,None
2207870886242604,Jeju City,126.49251765839,33.494159960443,0,No_Text,None
2210606176434555,Jeju City,126.519927,33.5097705,0,No_Text,None
2224282221253325,Jeju City,126.49555801811,33.497126372705,0,No_Text,None
2350277822133476,Jeju City,126.5199056,33.5099466,4,Mixed,보시PDR | 브러치 | 서트 | 버이커리H루
2399519986905989,Jeju City,126.51560263125,33.507953670671,3,Hangul,4317130평 | 064 | 7480812
2410514809337199,Jeju City,126.49284551788,33.49460811519,0,No_Text,None
2420550834818019,Jeju City,126.51503603201,33.50696437024,0,No_Text,None
2480183678833970,Jeju City,126.51127562459,33.502944747226,0,No_Text,None
2493288307770824,Jeju City,126.5223281,33.5093738,1,English,SS
2513536879063907,Jeju City,126.52127874801,33.510786191877,2,Hangul,영 | 751-7282
2520643148120192,Jeju City,126.51100767834,33.50281893949,0,No_Text,None
2537826999744087,Jeju City,126.49708024378,33.497613875937,0,No_Text,None
26291051063924411,Jeju City,126.5178194,33.5117472,2,Hangul,서문앙픔맛 | 오일장세일에장
2667834196729178,Jeju City,126.50820840425,33.50152254954,0,No_Text,None
272849279233126,Jeju City,126.5154783121,33.507802625559,0,No_Text,None
27406615982275061,Jeju City,126.5198979,33.5112979,0,No_Text,None
2804498106372506,Jeju City,126.5084226124,33.512920730573,0,No_Text,None
2898260047173351,Jeju City,126.5199368,33.5096328,2,Mixed,TEMPUR | 주화방
290405660808020,Jeju City,126.51921075364,33.508985007926,0,No_Text,None
290433927368838,Jeju City,126.49011760866,33.492293688274,0,No_Text,None
293288647152246,Jeju City,126.51228866794,33.503912396815,3,Hangul,전현신사며 | 창 | 152-16호
2945115182297207,Jeju City,126.50316665983,33.499496977948,0,No_Text,None
296879260164448,Jeju City,126.50778347452,33.501312039844,0,No_Text,None
298759496516893,Jeju City,126.51534507571,33.507446833508,0,No_Text,None
303379002821913,Jeju City,126.50154985878,33.499000903498,0,No_Text,None
312576448550341,Jeju City,126.51552513936,33.507716754348,0,No_Text,None
315458448238268,Jeju City,126.51244591562,33.512100649338,4,Hangul,행 | 대폰 | 조대 | 인
319389534368772,Jeju City,126.5129240531,33.504480454031,0,No_Text,None
3248566685288159,Jeju City,126.4936729471,33.495714983192,0,No_Text,None
329536336903626,Jeju City,126.50811889783,33.501480047826,0,No_Text,None
3315280745441946,Jeju City,126.48935969835,33.491757046927,0,No_Text,None
334278576079232,Jeju City,126.49715018711,33.497633591004,0,No_Text,None
3356364127996643,Jeju City,126.49303636869,33.494865026449,1,English,Gomarkot
336504452408658,Jeju City,126.51321956377,33.504849012238,1,Hangul,난
336862712834790,Jeju City,126.49912342727,33.498234034091,0,No_Text,None
338157498993947,Jeju City,126.51685603584,33.508687564024,0,No_Text,None
346144038109006,Jeju City,126.49428989557,33.496513120332,0,No_Text,None
3468780629932770,Jeju City,126.51376832478,33.511083382585,1,Other,36
348210658253727,Jeju City,126.52231067681,33.509368507131,4,Hangul,티오 | 명 | 탄속존 | 001
3524458974366138,Jeju City,126.50339212969,33.499566189505,0,No_Text,None
3533110550335319,Jeju City,126.51120644812,33.502978561123,3,Mixed,-MARAKAN | 더마리킨 | 청열방수금
354020111023355,Jeju City,126.51627150418,33.508399490587,0,No_Text,None
3567908553519483,Jeju City,126.50211753245,33.499175819853,1,Hangul,교1회한
3606540696230970,Jeju City,126.51635020052,33.508465541004,0,No_Text,None
3617404045256170,Jeju City,126.49146917241,33.493242309295,0,No_Text,None
362438586337837,Jeju City,126.4872836501,33.490508846302,0,No_Text,None
3627239517538452,Jeju City,126.51411535481,33.505770863854,0,No_Text,None
3652650371662696,Jeju City,126.51323076093,33.504763145718,0,No_Text,None
3709433412539402,Jeju City,126.5198759,33.5100855,0,No_Text,None
372686125086131,Jeju City,126.49158923852,33.493319923015,0,No_Text,None
3728406754104854,Jeju City,126.49392987843,33.496066235875,0,No_Text,None
373685655092381,Jeju City,126.52231021409,33.50932245982,0,No_Text,None
3833013413637046,Jeju City,126.51549195131,33.507669326964,0,No_Text,None
3971996829710488,Jeju City,126.51396623456,33.505503710195,0,No_Text,None
400592102954566,Jeju City,126.50620717863,33.500575632838,0,No_Text,None
404248649181281,Jeju City,126.49131052852,33.493133094197,0,No_Text,None
408218032104933,Jeju City,126.50983040813,33.50228141006,0,No_Text,None
410091891845166,Jeju City,126.49638371466,33.497377496935,0,No_Text,None
411399541733780,Jeju City,126.50445631304,33.499911258696,0,No_Text,None
416135744561974,Jeju City,126.49641439264,33.497387419179,0,No_Text,None
416154771211288,Jeju City,126.50559484961,33.500261687403,0,No_Text,None
416694674482700,Jeju City,126.48840583916,33.491123463898,0,No_Text,None
417496214558966,Jeju City,126.50476743663,33.5000252248,0,No_Text,None
417849847773257,Jeju City,126.51096428217,33.512586461496,1,Mixed,대자F인
423454297143741,Jeju City,126.4882636172,33.491044898089,0,No_Text,None
423769620597999,Jeju City,126.51897497906,33.509033853085,0,No_Text,None
425931603398278,Jeju City,126.51709921472,33.508724344383,0,No_Text,None
426642380117408,Jeju City,126.49242133936,33.494032638081,0,No_Text,None
427970160097387,Jeju City,126.51526714312,33.507474596371,0,No_Text,None
429111863064615,Jeju City,126.48946874183,33.491834747629,0,No_Text,None
432194626111856,Jeju City,126.49295735166,33.494758252229,0,No_Text,None
434256112559991,Jeju City,126.50139033291,33.498950863718,0,No_Text,None
436110115688741,Jeju City,126.51810609505,33.508843558386,0,No_Text,None
437070575691740,Jeju City,126.49752504756,33.497746197877,0,No_Text,None
4396375380642441,Jeju City,126.5211098,33.5109089,0,No_Text,None
444144484672627,Jeju City,126.51821039626,33.508927611446,5,Hangul,주정차금지 | 항금 | 출마시는 | 지국 | 고
446048358004925,Jeju City,126.49855962525,33.498059590806,0,No_Text,None
446836624543601,Jeju City,126.51046235183,33.50262622083,0,No_Text,None
448057817695107,Jeju City,126.48963291325,33.491924430136,0,No_Text,None
458024896784935,Jeju City,126.51208285636,33.503626777149,0,No_Text,None
463931842762803,Jeju City,126.4981540545,33.497935680435,0,No_Text,None
468329098946178,Jeju City,126.51695796795,33.508706552099,0,No_Text,None
471473711989652,Jeju City,126.50788108485,33.501359751168,0,No_Text,None
485651297150703,Jeju City,126.5091684891,33.501969125336,0,No_Text,None
493463103009047,Jeju City,126.50502237105,33.500086997169,0,No_Text,None
494904602884396,Jeju City,126.49401892367,33.496178265022,0,No_Text,None
640888874893681,Jeju City,126.51840008675,33.508986157025,2,Mixed,핵시건민대 | -터L
669170932011572,Jeju City,126.49616185996,33.497309054031,0,No_Text,None
7099608430143632,Jeju City,126.49990308066,33.498486693553,0,No_Text,None
7180549405386865,Jeju City,126.51441287652,33.506130945641,0,No_Text,None
7191304170974302,Jeju City,126.50289874378,33.499414033133,0,No_Text,None
7243292642449477,Jeju City,126.5112450093,33.50293036012,0,No_Text,None
725599836158036,Jeju City,126.50965915761,33.50224755947,1,Hangul,제중주권
728374699234059,Jeju City,126.50745818621,33.501160148276,0,No_Text,None
7367305873385374,Jeju City,126.50685322567,33.513131570699,2,Hangul,황금종속옷 | 12-3204
7395837990492490,Jeju City,126.51292278448,33.504572692644,4,Hangul,논 | 해외어램 | 751-0268-8 | 시개호관
741503097845838,Jeju City,126.51945853325,33.509073345743,2,Hangul,주정차금지 | 50
7418381501588748,Jeju City,126.48759828812,33.490632356667,2,Mixed,용 | Yong
7422845671144182,Jeju City,126.50635596582,33.500649514693,0,No_Text,None
743394374607795,Jeju City,126.49909239858,33.498224467089,0,No_Text,None
744104634586793,Jeju City,126.50342478021,33.499576127286,0,No_Text,None
7467856589995667,Jeju City,126.50998191544,33.502350352474,0,No_Text,None
747199434253187,Jeju City,126.4923631482,33.493958621214,0,No_Text,None
748004464074421,Jeju City,126.51436491904,33.505934344378,0,No_Text,None
7483738948400014,Jeju City,126.51280890695,33.504458724337,6,Hangul,여웅! | 어디로각가 | 침단 | 누수설비방수공사 | 교미주 | 0서
748452677467506,Jeju City,126.51915935831,33.509050304843,4,Hangul,문 | 성은 | 탑동 | 종합경계럼
749888743836074,Jeju City,126.49082980945,33.492796863118,0,No_Text,None
751766193813261,Jeju City,126.51142355478,33.503016210191,0,No_Text,None
7534020053310192,Jeju City,126.50706130774,33.501008230835,0,No_Text,None
753737940241374,Jeju City,126.48872738641,33.491318291406,0,No_Text,None
754606103501182,Jeju City,126.49119954897,33.493056445332,0,No_Text,None
755308420080069,Jeju City,126.519167455,33.50905112894,14,Mixed,CAF | #조 | #COFFEE | 재 | - | 스 | 국피명동서 | - | 세 | 1 | 십 | 드 | T1084755-211 | 152-911
756852426584391,Jeju City,126.50532732643,33.500195884656,0,No_Text,None
757836799820948,Jeju City,126.50900648777,33.501938946733,0,No_Text,None
758710709574206,Jeju City,126.49238205084,33.493959768359,0,No_Text,None
7695201873881060,Jeju City,126.51088168121,33.50276036982,1,English,TALFA
772626128347903,Jeju City,126.49483029236,33.49689426327,0,No_Text,None
7828347013893095,Jeju City,126.50644142789,33.500689885607,0,No_Text,None
788683846544859,Jeju City,126.50866844713,33.501734465393,0,No_Text,None
796169502609607,Jeju City,126.49694516902,33.497574289069,0,No_Text,None
797374112300414,Jeju City,126.51517291559,33.507335034181,1,Hangul,낭명모
798181085744052,Jeju City,126.49271555265,33.494431528025,0,No_Text,None
800979774989314,Jeju City,126.51849655846,33.50888798167,0,No_Text,None
801465495247820,Jeju City,126.51251465727,33.504075155847,0,No_Text,None
804301044750205,Jeju City,126.50451851366,33.499930930007,0,No_Text,None
8062337990452199,Jeju City,126.50491813786,33.500054762916,0,No_Text,None
808620904109718,Jeju City,126.50481857995,33.500024001466,0,No_Text,None
812668644123312,Jeju City,126.49054172866,33.492594770701,1,Other,04
813413650683612,Jeju City,126.51046606475,33.512652698953,3,Mixed,Goobne | 2025년도 | 주민참여예
813882757319194,Jeju City,126.51407202172,33.505613580413,0,No_Text,None
818868733482975,Jeju City,126.49735014104,33.497692656163,0,No_Text,None
822102306441465,Jeju City,126.49644554384,33.497396842305,0,No_Text,None
827193659938358,Jeju City,126.52021052545,33.511216612199,1,Hangul,숙연자
829508375503071,Jeju City,126.49918991079,33.498254575452,0,No_Text,None
829841385863173,Jeju City,126.49498592191,33.496955573972,0,No_Text,None
841707387993292,Jeju City,126.498285301,33.497975664424,0,No_Text,None
851758953444475,Jeju City,126.51432916561,33.505887406794,0,No_Text,None
861094929188199,Jeju City,126.49559161205,33.497136545159,0,No_Text,None
865928981937541,Jeju City,126.49098898422,33.492906352159,1,Hangul,두
880062850548690,Jeju City,126.50508662909,33.500107198276,0,No_Text,None
884913070069682,Jeju City,126.49311045245,33.494964414478,0,No_Text,None
904057541480365,Jeju City,126.50033913158,33.498624021386,0,No_Text,None
905597574658001,Jeju City,126.50085954517,33.498788573151,1,English,T
943836280856525,Jeju City,126.51139582633,33.503002158386,0,No_Text,None
946287483951958,Jeju City,126.51162149292,33.503144448266,0,No_Text,None
947058013870693,Jeju City,126.50670126691,33.50084085833,2,Hangul,금교 | 155
947918353478920,Jeju City,126.48994733342,33.492147317904,4,Mixed,멜로 | 61Y | 입드호대 | 50
950079056658073,Jeju City,126.51605964074,33.508914993228,3,Hangul,| | 한대우 | 호프
950135123453018,Jeju City,126.49349676198,33.495475040175,4,Mixed,Airport | 공항로 | Gonghang-r | 300
951241223164035,Jeju City,126.508764139,33.501779490092,0,No_Text,None
953181189694973,Jeju City,126.50749042037,33.513063605807,2,Hangul,9제주은행 | 어류주은장
954728170871985,Jeju City,126.52115528691,33.510317022886,0,No_Text,None
955198906247251,Jeju City,126.48894844348,33.491469328486,0,No_Text,None
958097402614411,Jeju City,126.51733245546,33.50883509047,3,Mixed,원 | 조아조아 | ~호PC
958460242487120,Jeju City,126.49500514091,33.49697724866,0,No_Text,None
958929605613748,Jeju City,126.51215450638,33.50377760267,1,Mixed,G04차
959818372483310,Jeju City,126.5142893707,33.505840502406,0,No_Text,None
960292575633015,Jeju City,126.51839367661,33.5088798,0,No_Text,None
962764181842351,Jeju City,126.48848866583,33.491170502998,0,No_Text,None
964765911716284,Jeju City,126.51253079027,33.504173124526,9,Hangul,보드누도 | 삼려방 | 음 | 남근9 | 702:8448 | 남삼먹터 | 늘은 | 생국흑실 | 류음
965626265346242,Jeju City,126.49769964285,33.497800222174,0,No_Text,None
966630821753955,Jeju City,126.50932579629,33.50208910118,2,Hangul,하 | 프렌즈
970134527496626,Jeju City,126.5193644124,33.509066610949,2,English,COFFEE | The
970325987635115,Jeju City,126.49628896391,33.497347983864,0,No_Text,None
973281904283679,Jeju City,126.49831587788,33.49798481066,0,No_Text,None
978787197238781,Jeju City,126.48722224201,33.490476186551,0,No_Text,None
979072914611918,Jeju City,126.5179083,33.5119306,0,No_Text,None
985106572959603,Jeju City,126.49970215372,33.498419652159,0,No_Text,None
987442059414588,Jeju City,126.49299730679,33.494812408917,0,No_Text,None
987953125655516,Jeju City,126.51508382586,33.507041428711,0,No_Text,None
992131768911294,Jeju City,126.50992321649,33.502324038981,0,No_Text,None
993585822345227,Jeju City,126.50865425726,33.512892687967,2,Hangul,초 | -
994443565435297,Jeju City,126.49082293578,33.492779897053,1,English,SIRIUIS
994946708138745,Jeju City,126.50303355721,33.499456000375,0,No_Text,None
997094775182344,Jeju City,126.51272544473,33.504291144728,1,Hangul,리미디어
999276911774138,Jeju City,126.49889909973,33.498164704797,0,No_Text,None
1008667596333876,Jongno,126.98523239846,37.578625089398,10,Mixed,정할 | 30년 | 전법가 | 극인나 | 함m한 | 36 | 기념식 | 국민초청행사831금 | 91토 | 831금
1012399185958532,Jongno,126.98616020484,37.577106241838,12,Mixed,대나무한의원 | 제료과목 | 보형탑가 | 한의원 | 소무문비인 | 자동카보힘 | 타납무 | DUNKIN' | DDoNU | 아마스빈 | 버블티 | TSfIe
1036481684361176,Jongno,126.98215431393,37.579118213932,1,Hangul,소소한
1044196393108537,Jongno,126.98298236551,37.572888536089,10,Hangul,9김산-안의워 | 고문 | 동요 | 공증 | 교통사고 | 순환장애 | 부주보사무 | 궁공 | 17115115 | :중
1046655233240192,Jongno,126.98432302318,37.576021220494,0,No_Text,None
1047920279709213,Jongno,126.98122484086,37.579777592279,0,No_Text,None
1054603392830245,Jongno,126.98315854623,37.575895688387,0,No_Text,None
1062359277626566,Jongno,126.98594587533,37.577238626198,18,Mixed,MBL | 차호가 | 공번농 | 743 | 0939 | 비방밥 | %14232 | 부 | 허섯비빔밤 | 스테이트 | 101 | 오크 | 치킨 | 456709 | 풀럭둥심 | 부하는1까지스만 | 거 | H0Oo
1064755780599631,Jongno,126.98111665,37.57981087,0,No_Text,None
1068920234677092,Jongno,126.98379594294,37.575874414444,0,No_Text,None
1071117523720008,Jongno,126.98362208909,37.579239479041,0,No_Text,None
1076851343965741,Jongno,126.98351441036,37.575798844866,0,No_Text,None
1079675600343873,Jongno,126.98372499976,37.5758583,0,No_Text,None
1094159964416020,Jongno,126.98510653788,37.579624364492,0,No_Text,None
1094543087696739,Jongno,126.98915128624,37.577427334264,3,Hangul,니스센터 | 민 | 중로구
1097939791672691,Jongno,126.9810354984,37.5798611,0,No_Text,None
1099572980536766,Jongno,126.98500963726,37.579337667864,3,Hangul,되게마라! | 모접 | 특전부사관
1100331557130312,Jongno,126.9862634532,37.576805511553,6,Mixed,후원 | 동우물인협류직인사 | 문화: | 02-765-301114선120 127 | HO:/m  OrOrOnOP | 무료행사
1119328828570886,Jongno,126.98501634962,37.580943914126,0,No_Text,None
1128068371010474,Jongno,126.98505734857,37.580182077899,9,Mixed,TSAL | Kuancjuo | 층 | 발c | 하XS | 요 | 부 | 공중주 | Market
1144272832688907,Jongno,126.98234192,37.57782766,0,No_Text,None
1165512544543863,Jongno,126.98313382491,37.575918161603,0,No_Text,None
1168201236941161,Jongno,126.98458316352,37.576106343395,0,No_Text,None
1174352469671287,Jongno,126.98502265928,37.580591318193,3,Hangul,선진관광 | 전서점! | 025206
1175554429554027,Jongno,126.98469795147,37.579338770288,0,No_Text,None
1175993549585556,Jongno,126.98498612504,37.580346864966,1,Hangul,주금
1191383901315278,Jongno,126.98366358566,37.578032709036,5,Mixed,누못회수 | 추천! | 690450I호 | 눈꿋빙수大스 | 지유가오카빙수는
1192034141231510,Jongno,126.98537045499,37.576573100812,2,Hangul,하 | 사은행
119776336788160,Jongno,126.98512422855,37.580857529737,0,No_Text,None
1206622817221965,Jongno,126.98215964206,37.578631474291,0,No_Text,None
1215632762922096,Jongno,126.9831065671,37.575940632902,0,No_Text,None
1223881248630014,Jongno,126.98438795948,37.576050938601,0,No_Text,None
1224420228878803,Jongno,126.98230930781,37.578222674888,0,No_Text,None
127958899355853,Jongno,126.99070367661,37.577584696775,0,No_Text,None
128652939208630,Jongno,126.98246453,37.57750115,0,No_Text,None
128753215864866,Jongno,126.98240263,37.57761058,0,No_Text,None
1340206133019395,Jongno,126.99,37.578333333333,0,No_Text,None
134272775413958,Jongno,126.98297919721,37.571654924698,0,No_Text,None
136511885082771,Jongno,126.98492256418,37.580008352322,0,No_Text,None
137087651782066,Jongno,126.98863528449,37.577464020463,2,Hangul,대터 | 스드
1373430839723053,Jongno,126.98494978265,37.580191420494,3,Mixed,O mo sp | 어Y운 | S
1396481560696329,Jongno,126.98288752045,37.573675845026,5,Hangul,안 | 국 | 서적사용중대장 | 3 | 구편문국종대
1414375168930456,Jongno,126.982164,37.57933151,1,Hangul,부로거
1425882937763804,Jongno,126.98664701137,37.575111865295,1,English,T010-S
1428469074470321,Jongno,126.98250478666,37.577411235302,0,No_Text,None
1433516743658086,Jongno,126.98396289087,37.579379181477,0,No_Text,None
1434465403585806,Jongno,126.98463651745,37.576132560995,0,No_Text,None
1437306606648969,Jongno,126.98596072448,37.577506655162,1,Hangul,북촌기발가움
145986750829045,Jongno,126.98655958997,37.577002683709,0,No_Text,None
147268644040272,Jongno,126.98509555202,37.578870643147,3,Mixed,인삼티 | 뿜론 | HOTDOGTRUGK
147963367338195,Jongno,126.98528458045,37.578868110597,0,No_Text,None
1493155157998468,Jongno,126.98146693322,37.579749857112,0,No_Text,None
150711673664307,Jongno,126.988975,37.571922222222,7,Hangul,한국종함부동산센터 | 종로 | 빈대떡 | 어께 | 종로 | 낙지 | 141부개집
150833773712018,Jongno,126.9865402775,37.575746354298,0,No_Text,None
1553668825537379,Jongno,126.9821722,37.578804340586,0,No_Text,None
157594419645499,Jongno,126.98475975083,37.579258987737,0,No_Text,None
1579401912256958,Jongno,126.98254672,37.57707175,0,No_Text,None
1579818076251021,Jongno,126.98134363893,37.5798111,0,No_Text,None
159354486108860,Jongno,126.98215083,37.57923048,2,Hangul,1극 | 0
1613344825529247,Jongno,126.98887108401,37.577475431109,1,English,T
1658766747665951,Jongno,126.98544340683,37.578329567157,1,Hangul,시
166069518763634,Jongno,126.98437330571,37.580264035043,1,Hangul,대스원
1670426836679131,Jongno,126.98104844,37.57982121,0,No_Text,None
167139008697717,Jongno,126.98604096748,37.576879753135,0,No_Text,None
169582871708316,Jongno,126.986008537,37.577303932006,3,Hangul,로또 | 간판 | 증한
170476804949927,Jongno,126.98420909069,37.579811503756,0,No_Text,None
1720910648706684,Jongno,126.9822194,37.578942808947,0,No_Text,None
1730159211630084,Jongno,126.98899166667,37.579228333333,0,No_Text,None
1757542407757419,Jongno,126.9830160136,37.574874985257,1,Other,-
176359664346053,Jongno,126.98354133777,37.579152800932,1,Hangul,가
1778692433102699,Jongno,126.98667833333,37.5802,3,Hangul,본금오고 | 고 | 2
178180174160205,Jongno,126.98371354758,37.579272921596,0,No_Text,None
179873760684774,Jongno,126.98591256629,37.577181548569,4,Hangul,- | 주 | 비방방 | 호프
179947110654208,Jongno,126.98225701,37.57825356,3,English,1 | ARE | 00N6
180434080613303,Jongno,126.98512729667,37.578815969542,0,No_Text,None
180470643955102,Jongno,126.982982538,37.571600284523,0,No_Text,None
181409613831941,Jongno,126.98702103341,37.577382861347,2,English,WINE | EASY
183861480270564,Jongno,126.98586549232,37.577248348988,1,Other,30
1847105835449727,Jongno,126.98503857107,37.579527595762,8,Hangul,중남정육점 | 3763- | 한우전문판대점 | 1763-898 | 한우한 | 매점 | 굴혼혼 | 전물판매점
187541316531690,Jongno,126.98501918075,37.580719710243,0,No_Text,None
188298109787830,Jongno,126.98805295211,37.577435157843,0,No_Text,None
1911228272364827,Jongno,126.98872510275,37.577468081278,0,No_Text,None
191551309349227,Jongno,126.99,37.578333333333,0,No_Text,None
193290015856947,Jongno,126.9870109597,37.577320412372,17,Mixed,삼선궁 | 한의은 | 한복이들이둥 | 중작복 | 6-771-300: | 북촌 | 유개농밀 | OO | 단팥방 | 드림디포 | 관평대동케 | 8 | 38 | 38 | 10 | 원영 | 0도
1947969182025111,Jongno,126.98705648756,37.574208134388,6,Mixed,회로 | 낙프크시 | 프 | 경은관 | A0무에 | |]
1949212235216848,Jongno,126.98896666667,37.572038888889,7,Mixed,금구강산 | 생94당 | 2F: | 나 | 3 | 나주 | 곰탕
195321999085440,Jongno,126.98495719274,37.580145357689,0,No_Text,None
1960785204373823,Jongno,126.98219222826,37.578998376098,0,No_Text,None
1984371358383304,Jongno,126.98499177245,37.579820699723,0,No_Text,None
2016338362427886,Jongno,126.98899166667,37.578633333333,0,No_Text,None
203209541407682,Jongno,126.98504360698,37.579396020612,0,No_Text,None
2033005123507610,Jongno,126.98499965759,37.580892792414,0,No_Text,None
210811213851774,Jongno,126.98894444444,37.572091666667,3,English,1 | 7 | 5p
213436620239611,Jongno,126.98502773573,37.579722351827,0,No_Text,None
215733569966894,Jongno,126.98571575192,37.577601447525,0,No_Text,None
218781076367526,Jongno,126.98852361732,37.577491399681,0,No_Text,None
218791339693959,Jongno,126.98491872454,37.579618148646,1,Hangul,인선6세일
2188052938232110,Jongno,126.98216024816,37.579055325094,0,No_Text,None
219379989527473,Jongno,126.98849543604,37.577284530717,1,Hangul,주치금지
2196289310507653,Jongno,126.9856273427,37.57777352307,0,No_Text,None
221101202682068,Jongno,126.98606533079,37.576875898036,1,Other,5
2212648798878382,Jongno,126.98249154,37.57736239,0,No_Text,None
222356026316310,Jongno,126.9844909662,37.580294539109,0,No_Text,None
223443452873336,Jongno,126.98502037602,37.580666516231,1,Hangul,集寄꼬
223562726194688,Jongno,126.98712114129,37.574115816034,8,Mixed,토 | 피도중도 | 수운화랑 | 포금 | 옥념 | 기스 | 6l6F | KRINSI
2296472677375236,Jongno,126.98241911166,37.577816988343,0,No_Text,None
232442225308871,Jongno,126.98315015269,37.579454958639,1,Other,38
240513501200939,Jongno,126.99067643759,37.577469368518,0,No_Text,None
242214487680010,Jongno,126.98375911897,37.57942715275,1,English,Coffee
244136724129692,Jongno,126.98893611111,37.572102777778,3,Mixed,'[/4/ | JSP | 금움워는
260232775798256,Jongno,126.98552518267,37.578158705416,1,Hangul,빈터
268510318353083,Jongno,126.98513100683,37.580778835298,1,Hangul,법률사무소북촌
270556681433876,Jongno,126.98506241495,37.57917268529,12,Mixed,HAB0 | 핫도그트럭&커피 | 공인중계사사무소강동 | 대일 | 부동산 | 진짜 | 허우 | 커피 | 맛을 | 보여줄게! | 762-2259 | -
2707622979512690,Jongno,126.98838097924,37.577464385151,0,No_Text,None
276375757531002,Jongno,126.9904116357,37.577536062105,0,No_Text,None
2766773793633537,Jongno,126.98154433192,37.579769311727,0,No_Text,None
2807140096122318,Jongno,126.98229290839,37.57827618396,1,Mixed,T무U보G
2825980247715327,Jongno,126.98505515806,37.58023121118,2,Mixed,MG새마을금고 | 가회
2836780049779889,Jongno,126.98381621983,37.579361310613,0,No_Text,None
2842248939374353,Jongno,126.98816326303,37.577440213366,0,No_Text,None
285369109845006,Jongno,126.99040103292,37.577539747106,5,Mixed,1 | T | 르두현엣응차르 | 이클린탁스 | 태극제약
285803233203919,Jongno,126.98673832081,37.574882817931,0,No_Text,None
286151043150116,Jongno,126.9849300572,37.579620155272,3,Hangul,한돈간 | 1763-2898 | 한우한돈전문판매점
286447912950626,Jongno,126.98138888889,37.580277777778,0,No_Text,None
286905329701118,Jongno,126.98277777778,37.578611111111,0,No_Text,None
287066672898041,Jongno,126.98290008903,37.574447081344,2,Mixed,제33기동대-2 | 예A시기E
2876586045988987,Jongno,126.98518964345,37.576374213237,2,Hangul,로5킬 | 질발
2879726858949773,Jongno,126.98592238682,37.576975356301,0,No_Text,None
2883113685281104,Jongno,126.98498851108,37.580742253699,1,Hangul,니스
2892008991086646,Jongno,126.98364673437,37.578007679442,4,Mixed,IRYUGAOKAST!! | 고낭교0 | 망고방수 | 판방스
2892989100920489,Jongno,126.98736164848,37.577441040636,0,No_Text,None
2910408772621280,Jongno,126.9855821431,37.578130868273,0,No_Text,None
292513925812506,Jongno,126.98521106318,37.576065303013,0,No_Text,None
292857782428321,Jongno,126.98215104,37.5791779,3,Hangul,쳐축입 | 더합커 | 구0
2929245797225026,Jongno,126.98249185959,37.5765722,0,No_Text,None
293574605584703,Jongno,126.98493682266,37.580186968727,0,No_Text,None
293866299104002,Jongno,126.98298729347,37.571386548034,0,No_Text,None
2939080343080094,Jongno,126.98286324138,37.573912733798,9,Mixed,화불교사 | 려롬 | 불교서적 | 불규용 | M든Y롬 | 2탁/ | 불코공들형래 | r- | 조
294383842315014,Jongno,126.98544744567,37.578068433982,4,Hangul,일된 | = | 려거 | -
294936868762968,Jongno,126.98743407947,37.57170239158,0,No_Text,None
295757392117623,Jongno,126.98917222222,37.571697222222,2,Hangul,사무소 | 포임트
297497571958298,Jongno,126.9853261045,37.579004721601,0,No_Text,None
2983120788576212,Jongno,126.9851099545,37.579781612106,0,No_Text,None
298426618392205,Jongno,126.98255059,37.57700266,0,No_Text,None
298967441726311,Jongno,126.98765641094,37.577474934523,0,No_Text,None
299551905233176,Jongno,126.98531287625,37.578771420256,2,Mixed,마F | 청기와
300390961622907,Jongno,126.98365828453,37.579375757709,0,No_Text,None
3011026435806559,Jongno,126.98171216441,37.575944150097,1,Hangul,우회전시
301885851482345,Jongno,126.98285421823,37.575028988246,1,Hangul,룸
302373311284988,Jongno,126.98712026529,37.577232689168,0,No_Text,None
308958313939794,Jongno,126.98923333333,37.571547222222,5,Hangul,보색강경주엄리다거 | 4/1/ | 연즈 | 스마르폰 | 잠대
310258154039916,Jongno,126.98418350692,37.579572263918,0,No_Text,None
314078656744489,Jongno,126.98303758652,37.574741258721,2,Hangul,기 | 은
317248186499029,Jongno,126.98583868291,37.577347515005,23,Mixed,비빙밥 | 건결 | 소고기성이빔 | 주비 | 동냉부방방6빔 | 머섯성방밥 | 4 | 차정상C25킨 | 오크칠 | 표거 | 스테이크 | 수 | 7: | 치킨 | 742-1917 | 단비130녁F | 부45-경0인 | C6층 | 홀릭 | TaK | 맛및는집 | 물러둥심 | 하식위
3173510749508363,Jongno,126.9859,37.580263333333,0,No_Text,None
317855396524670,Jongno,126.98504703936,37.580126564164,3,Mixed,9Mg새마올금 | 가회지점 | 편가입보장공대
320851576052691,Jongno,126.9833904809,37.57847466106,1,Hangul,소
321290722687280,Jongno,126.98539890736,37.578343121172,0,No_Text,None
322694664263147,Jongno,126.9821278,37.576667060938,0,No_Text,None
328927141993843,Jongno,126.98511560391,37.579280592296,1,Other,8
330142148708510,Jongno,126.989225,37.571513888889,9,Hangul,00200690 | 교육과목 | 보석감정주열리디지면 | 보석학원 | 연으 | 이려 | 00 | 40 | 살대여낸면
333249574813109,Jongno,126.98374138944,37.57767892102,0,No_Text,None
333571898112409,Jongno,126.98214516,37.57865234,0,No_Text,None
338096504501711,Jongno,126.98118498947,37.579778286565,0,No_Text,None
3464787767153980,Jongno,126.98114167414,37.579813875425,0,No_Text,None
3471424296292140,Jongno,126.98513615562,37.580906452971,2,Hangul,이 | 업종로구첨
362658038517121,Jongno,126.98539977913,37.578510735826,3,Hangul,원 | 북존 | 국가는길
363207005123229,Jongno,126.98224304,37.57830419,0,No_Text,None
364590988292409,Jongno,126.98254406,37.57718008,0,No_Text,None
3675331452721736,Jongno,126.98235112729,37.577146638272,0,No_Text,None
370231227878060,Jongno,126.98666666667,37.576111111111,0,No_Text,None
3720875134707340,Jongno,126.98500410637,37.580235644641,1,Other,=
3873426726219291,Jongno,126.9828431971,37.576341378571,0,No_Text,None
3888849624562276,Jongno,126.98363653608,37.578106879223,0,No_Text,None
3927748607303050,Jongno,126.98832944728,37.57726579684,2,Mixed,KCER | 다
3930697877008811,Jongno,126.98232808729,37.579546958489,0,No_Text,None
4015466291880079,Jongno,126.98348322375,37.578332323355,2,Hangul,- | 한동교회복단
4021502437931183,Jongno,126.98707013046,37.577416603618,5,Mixed,HUTNE | 된 | 순대국감자랑 | HOUS | UU35U
4042580389169370,Jongno,126.98396314299,37.579379554673,1,Hangul,원
405099622605236,Jongno,126.98224189137,37.576840382212,0,No_Text,None
426843043217265,Jongno,126.98394877995,37.575900882293,0,No_Text,None
4309488235770507,Jongno,126.98603151284,37.576972391468,8,Mixed,고무인 | 해상회문께영방 | 其理武 | 돈하서 | 동이시 | DUICH& BEAN | 자동고무인자동사인명함 | 상패
438650555860800,Jongno,126.98250171441,37.5773794838,0,No_Text,None
452652949130176,Jongno,126.98492227919,37.579370251956,1,Hangul,부하
456554952314394,Jongno,126.98190212904,37.575831764523,0,No_Text,None
458472022100924,Jongno,126.98648124975,37.576176655865,1,Hangul,폰카
459272148638834,Jongno,126.98724369403,37.577268813449,0,No_Text,None
460695170296951,Jongno,126.98288684802,37.576262238624,0,No_Text,None
462641271624127,Jongno,126.9863771541,37.57708262457,4,Mixed,무미지 | LxA106 | 보리르너로 | ORUSH!
463468398275096,Jongno,126.98499184725,37.58066161369,2,Mixed,""" | HY니DR"
467290367902047,Jongno,126.9849397186,37.580026790083,4,Hangul,삼경동 | 떡볶어 | 냉품 | 동부
468619981087410,Jongno,126.98514305145,37.57876906032,0,No_Text,None
469869494092423,Jongno,126.98479165781,37.579179887068,2,Hangul,: | 운균교국구
470730607316696,Jongno,126.98451212215,37.5802938392,0,No_Text,None
471372227311024,Jongno,126.9889174474,37.577451128934,1,Hangul,1리티테에서
471863140536731,Jongno,126.98492665436,37.579364208033,10,Hangul,일부동산 | 커피 | 북촌허 | 문소강빙수 | 2259 | 부조주 | - | 대도산 | 부동산 | 762-2:
471970933918122,Jongno,126.99041305959,37.577534291369,0,No_Text,None
472699034005235,Jongno,126.98396433516,37.579380275879,2,English,WOODIE | B1Z/:
474194273828696,Jongno,126.98326276244,37.579415031995,0,No_Text,None
474856540503335,Jongno,126.98212804,37.57860772,0,No_Text,None
479196933401077,Jongno,126.98406068046,37.579475921711,3,English,ONE AND | JGALLERY | WOOD
481329706537059,Jongno,126.9847907491,37.579256576736,0,No_Text,None
482364839483986,Jongno,126.98141633922,37.579778481542,0,No_Text,None
482780102957811,Jongno,126.98623873959,37.576404145251,2,Mixed,지화성 | P우르주차장
484736837789667,Jongno,126.9812876624,37.579781143781,0,No_Text,None
485543552863962,Jongno,126.98498750454,37.580818494693,0,No_Text,None
490134562130020,Jongno,126.9837165377,37.577843951802,1,Other,[/&
492266452202517,Jongno,126.98235584892,37.57944438788,0,No_Text,None
493460781701509,Jongno,126.98593571929,37.577156470262,0,No_Text,None
495195298347217,Jongno,126.9810929226,37.579823516668,1,Hangul,로
495972251442531,Jongno,126.98250329,37.57694769,0,No_Text,None
498531359768917,Jongno,126.98407934334,37.575959174917,0,No_Text,None
501154434263176,Jongno,126.98501224451,37.579947213294,6,Mixed,교동금요 | SACE | 1895 | 멋 | 미리 | 전통의
502508959342046,Jongno,126.98236712655,37.578022804067,0,No_Text,None
505088372222841,Jongno,126.9821865163,37.578490451107,0,No_Text,None
506247157217271,Jongno,126.98495901323,37.579919636299,1,Mixed,it은
506887090502587,Jongno,126.98794419062,37.577431196554,0,No_Text,None
510964606727235,Jongno,126.99041105441,37.577535306685,0,No_Text,None
512130689829950,Jongno,126.98662779799,37.577164653248,7,Mixed,능논공 | COFFEEG ONL | 유금구 | FECLAEAUS9S | 커피 | 궁006려E리0 | 4공
513450129676493,Jongno,126.98758585099,37.577484583225,0,No_Text,None
516449882863020,Jongno,126.98621458454,37.577140854204,18,Mixed,인회드 | 대나무 | 마 | 한의원 | 한 | 의원 | 상팡 | 동산 | 베바퀴노래 | 이니스프리 | BLF | 6 | 느느 | 사무실 | 장하 | 177 | 대남무한의원 | 5A
517453476274105,Jongno,126.98651797823,37.577117058864,3,Hangul,안 | 신한은행회용된 | 하브인도너즈
517548379619126,Jongno,126.98506541055,37.580298208125,0,No_Text,None
519121134098643,Jongno,126.98390756431,37.575894910305,0,No_Text,None
521976872158108,Jongno,126.99087579711,37.577479860316,0,No_Text,None
523615645715653,Jongno,126.98490860874,37.580021114501,4,English,45 | C | 5 | AIENTACABE?
523849345272729,Jongno,126.98336096406,37.578525691485,1,Other,62
525562368822196,Jongno,126.98626453702,37.577066642418,4,Mixed,리루인의친 | DONUTS | OUNKON | 신소조차
5305832886156225,Jongno,126.98397949966,37.579345135381,1,English,LOODIBRICK
532226414457257,Jongno,126.98292530177,37.579416048293,0,No_Text,None
536103845741416,Jongno,126.98157573009,37.5797389,0,No_Text,None
537784494265830,Jongno,126.98328782815,37.575670752758,8,Hangul,회 | 중로안학복지를만나다 | 종로구 | 사람중심명품도시종로 | 전물 | 판류의 | 中에 | 서겠습니다
551039649633723,Jongno,126.98681990078,37.574679645768,1,English,dhco
5522916131115897,Jongno,126.98254978,37.57714369,0,No_Text,None
5526361807434107,Jongno,126.98232049277,37.57950042496,3,Mixed,정 | 연RZA | 빙그레
554373842633528,Jongno,126.98830711177,37.577492670136,0,No_Text,None
562392204726849,Jongno,126.98513176364,37.58065955776,4,Hangul,성 | 원 | 머드츨력 | 전세
562882381345225,Jongno,126.98217108,37.57903294,7,Mixed,1734-6706 | -9222 | H어10-9112- | 중개사무소 | 움교 | 7 | 부동산
568367087465053,Jongno,126.98332939486,37.579466251982,0,No_Text,None
569327620697333,Jongno,126.98533634141,37.5786515267,0,No_Text,None
575145413455425,Jongno,126.99041541407,37.577533552838,1,Hangul,프드
579726516298907,Jongno,126.98499773268,37.576155671181,0,No_Text,None
582537816057798,Jongno,126.9813045805,37.579790790276,0,No_Text,None
600547151340046,Jongno,126.98609196256,37.577189408065,0,No_Text,None
609296653799250,Jongno,126.98577868831,37.577394026565,5,Mixed,도담 | NAV보주 | Wrh onsvs oade | 지시 | r대부10
641517877244146,Jongno,126.98434007493,37.580119681326,0,No_Text,None
746623252702343,Jongno,126.98408068315,37.576776144699,3,Hangul,공정무역가게 | 9: | 동전
756195264935088,Jongno,126.98636977478,37.57597641366,0,No_Text,None
761348387890425,Jongno,126.98212426,37.57849446,16,Mixed,경복궁 | 보리 | 프스 | 인사동 | 완마두국 | 한복의 | 해 | 1시간1000원 | 40=130 | 국1300001 | 하무24시간20000 | 日狀24빔 | 24h0r고day | 터24분126000 | 이 | 6647
765104147413114,Jongno,126.98921743975,37.577388703413,5,Hangul,?서울특별시 | 상종로 | 서울 | 수도과학관 | 로0179
766128314273809,Jongno,126.98773672036,37.577512059853,0,No_Text,None
773588480003354,Jongno,126.9850081451,37.579907974114,0,No_Text,None
782963785925072,Jongno,126.98478785326,37.579247146509,0,No_Text,None
785249778786648,Jongno,126.98519012155,37.579263039174,2,Mixed,중슈 | P
792082111441945,Jongno,126.98514331084,37.580981491189,3,Hangul,래을비스다 | 전동공애 | 과점
793218408280850,Jongno,126.9883546722,37.577496470506,0,No_Text,None
794961928080866,Jongno,126.98572145351,37.577630710115,1,Hangul,크
795581217743773,Jongno,126.99041978374,37.57753800326,0,No_Text,None
807520800181149,Jongno,126.98650454946,37.575573749068,6,Hangul,보성 | 고마술 | 상설전시를 | 낙일 | 효관 | -
809224139700751,Jongno,126.98287071668,37.573765839246,3,Hangul,을논 | 조을승 | 한성불교시
811620043126921,Jongno,126.9840437562,37.575893925313,1,Hangul,신한은행
815352172405728,Jongno,126.98635911921,37.577120981408,10,Mixed,10! | 365일바로바르코너 | 안국역점 | COFFEF | 비츠 | 커피 | 태년은 | 턱미를 | 그리 | LF도
815846465686422,Jongno,126.98517703183,37.579169891695,1,Hangul,등를
816202277377952,Jongno,126.98217054629,37.576814674792,0,No_Text,None
819319309017272,Jongno,126.98497762745,37.5804419922,3,Hangul,백년도중! | 트리플에이치과 | 031711-7765
821158828821350,Jongno,126.98478868494,37.579206075518,0,No_Text,None
822747388339416,Jongno,126.98745987416,37.57731238103,0,No_Text,None
822867163344115,Jongno,126.98221038952,37.578973752303,1,Hangul,52즈
823176044966419,Jongno,126.98518735868,37.578591093095,4,Mixed,경찰 | POL1- | J'! | !
824869261788887,Jongno,126.983037633,37.574590818261,2,Hangul,도 | 드리
824998556113978,Jongno,126.98122387312,37.579835198941,0,No_Text,None
834216183838958,Jongno,126.98534489801,37.578344297221,1,Hangul,[시<
838880585027980,Jongno,126.98137834731,37.579802523881,0,No_Text,None
848959295691709,Jongno,126.98249349,37.57734204,0,No_Text,None
864485384103152,Jongno,126.98590431229,37.576921676375,1,Other,1400-2
866514128770426,Jongno,126.98119658278,37.5797944,0,No_Text,None
877918672986785,Jongno,126.98884253549,37.577338558767,3,Hangul,40 | 절대감속 | 공사중
878964913661822,Jongno,126.9821222,37.576695541469,0,No_Text,None
885545746379225,Jongno,126.98240956192,37.57725508113,1,English,RAL
887606213290827,Jongno,126.9821083,37.576784845758,0,No_Text,None
892297415748319,Jongno,126.98122399575,37.5798056,0,No_Text,None
906357393266082,Jongno,126.98509404134,37.580079681772,12,Mixed,027142: | 인혹션 | 31-2 | 주명인옥선 | 62142-311-2 | 55개45 | 서울재동초등학교 | SOVEE BS | 멋 | 미래의 | 꿈 | 전통의
906653184843034,Jongno,126.9812586553,37.579583185796,1,Hangul,오설록
906717173206157,Jongno,126.99057838756,37.57750564874,0,No_Text,None
915618312615963,Jongno,126.98504238266,37.579071529749,0,No_Text,None
927169494684488,Jongno,126.98322656078,37.578883980417,0,No_Text,None
927723247798274,Jongno,126.98747878427,37.571124017505,1,Other,-
929478554506723,Jongno,126.98545031179,37.576611834935,0,No_Text,None
936903240475263,Jongno,126.98548380391,37.578053663365,1,Mixed,부D후로
940974663112872,Jongno,126.98541578214,37.578481249255,1,Other,5
941743226600934,Jongno,126.98508034931,37.580719374953,0,No_Text,None
943882359485628,Jongno,126.98545397118,37.57850709296,2,Hangul,- | 로카
955498055196452,Jongno,126.98747228064,37.573566712917,0,No_Text,None
957915098379171,Jongno,126.9853944532,37.578546308117,0,No_Text,None
957957768309037,Jongno,126.98538360809,37.578692241267,9,Mixed,예 | 원 | 765-780E | 늘고운 | 156-544개 | 731-573 | 의 | 12- | 서예
963462681090832,Jongno,126.98558674932,37.577865883854,0,No_Text,None
968870800527957,Jongno,126.98553610096,37.578221996137,0,No_Text,None
969166357190379,Jongno,126.98431410229,37.58002140401,0,No_Text,None
972386583507366,Jongno,126.98500285065,37.580793141489,0,No_Text,None
982328738971802,Jongno,126.98405301172,37.576822132596,8,Hangul,환복여행 | 도 | 화동침구 | 공인풍 | 개 | 동진사 | 627281 | 0108334
1001872865234797,Myeongdong,126.984633,37.566205,4,Mixed,므 | 용인푸르지오 | 원 | BUS
1003319968392890,Myeongdong,126.9805203,37.5628683,4,English,Mio | DashCam | 43733470 | 58494
10086006361475550,Myeongdong,126.9814789,37.5659971,0,No_Text,None
10095974213850777,Myeongdong,126.9843118,37.5660342,0,No_Text,None
1017032933812319,Myeongdong,126.984163,37.566185,25,Mixed,고무김 | 드: | NG | PRUGIO | 스터의 | 비전을 | 누리는 | 031282-2043 | 1브랜드의 | 미니신도시 | 푸르지오 | 1단지 | 100% | 페곰 | OPEN | 외 | 6개월 | 후 | 전매가능 | 스터 | 213라지 | 총3724세F | 즈 | 5다지 | 2043세대
1021956743029637,Myeongdong,126.9834946,37.561438,6,Mixed,건디션 | 5대 | 30 | COCYHOOD | baviplan | Shining mas?
1022860810007945,Myeongdong,126.982045,37.5659268,3,Hangul,한국은행 | 종모1가 | 지르2래
1023167666654372,Myeongdong,126.9864162,37.5661094,3,Mixed,동렁 | 중앙차로버스전용 | 9L
1023564826557573,Myeongdong,126.9844309,37.5660208,0,No_Text,None
1024177869558971,Myeongdong,126.984257,37.566173,14,Mixed,2무미크 | 마 | PRUGIO | 031282-2043 | 1단지 | 100% | 프궁곰 | 6개월 | 후 | 전매가능 | 총3724세대: | 중 | 3단지 | 2043세대
1025621949641783,Myeongdong,126.986411,37.5661177,3,Hangul,중앙차로버스전용 | 국내유일 | 6퓨원
1028360836113303,Myeongdong,126.9853499,37.5627762,1,Other,-
1030789932520632,Myeongdong,126.984294,37.5638355,2,English,the SAEIT | 900000
1030812998783889,Myeongdong,126.9814775,37.5659999,0,No_Text,None
1033569982008921,Myeongdong,126.987922,37.564477,2,English,50 | RBF
1033934498730772,Myeongdong,126.9846741,37.566003,0,No_Text,None
1035136265482259,Myeongdong,126.9789381,37.5656674,0,No_Text,None
1039158258409581,Myeongdong,126.9782711,37.5638294,1,English,LASSAGE
1040056481363372,Myeongdong,126.98771,37.565057,6,Mixed,남곡쿠 | 8110 | 천연가스버스 | 4411? | RBUS | 카카이
1040188314845876,Myeongdong,126.9840754,37.5612833,1,English,SRAO
1040264554880049,Myeongdong,126.9864117,37.5661201,2,Hangul,동명 | 중앙차로버스전용
1042870837935165,Myeongdong,126.9814846,37.5660198,0,No_Text,None
1045406457624083,Myeongdong,126.984347,37.566182,2,Mixed,'무학 | RBU
1047166467387451,Myeongdong,126.9841064,37.5660521,1,Other,8100
1051024573793454,Myeongdong,126.9783045,37.5638243,1,English,AASSAGE!
1051287886548591,Myeongdong,126.9833225,37.5635473,0,No_Text,None
1053068753695351,Myeongdong,126.9864153,37.5661255,3,Hangul,동명 | 중앙차로버스전용 | 2
1053379243403184,Myeongdong,126.9789225,37.565681,0,No_Text,None
1060679295952273,Myeongdong,126.98502410306,37.561611006072,8,Mixed,악국 | HOLIKASLE | 노경식성명외과 | 컴음음가 | 삼성부동산 | +로 | IcNally | 0aly
1061964838702234,Myeongdong,126.9864203,37.5661043,1,Hangul,중앙차로버스전용
1063010831826633,Myeongdong,126.9814774,37.565988,0,No_Text,None
1066873508913922,Myeongdong,126.9841637,37.5637223,3,Mixed,SL도 | 8 | Seconds
1067448142065053,Myeongdong,126.98183609045,37.560657681151,2,Hangul,중고차는 | 케야카
1067640201958980,Myeongdong,126.9843114,37.5660399,0,No_Text,None
1068691901858043,Myeongdong,126.9864155,37.566109,1,Hangul,증앙차로버스전용
1072236084970622,Myeongdong,126.9864105,37.5661337,2,Hangul,중앙차 | 로버스전용
1074200221285883,Myeongdong,126.9839897,37.5622362,2,English,Sunt-- | ARTRANEL
1077286704209843,Myeongdong,126.987748,37.564867,12,Mixed,날대문세무서 | 고측재남자근전품 | '은닉재산신고포상금 | 경수금텍에미라익고30역민지금 | 문의 | 0125-4반 | 국세청 | 고태이지 | 국민소동 | 3A는 | 치과 | 카카오
1080273417374283,Myeongdong,126.9864129,37.5661056,1,Hangul,중앙차로버스전용
1086314580056969,Myeongdong,126.986364,37.5660728,2,Hangul,래장 | 중앙차로버스전은
1088396839843841,Myeongdong,126.9864123,37.5661014,1,Hangul,증앙차로버스전용
1102490661971571,Myeongdong,126.98509271885,37.562706834477,7,Mixed,무등산 | 和 | 2 | OPEN | 7:00~23:00 | Porridge | 2
1126787755922149,Myeongdong,126.982552,37.566625,1,Hangul,9대1
1133992088523791,Myeongdong,126.98052702551,37.56272843717,4,Mixed,한남대교 | 10분 | FINUANCE TONER | HUR근R!
1147401887311859,Myeongdong,126.98501205502,37.561626838108,4,Mixed,부보요으바 | HOLIKE HOL | 삼성부동산 | 약국
1152561025857892,Myeongdong,126.9820622,37.5646186,2,English,JU29 | -
1155048902927257,Myeongdong,126.97937672814,37.563886313974,2,English,OTTTHHO | YRREP
1157730882716179,Myeongdong,126.982592,37.566208,11,Mixed,통제안내 | 202546 | 08:00~ | 11:00 | 시청 | 삼거리 | 동대문 | 라hY | 청계광장 | 마장2교 | 대르76OCL0:6
1158930249168463,Myeongdong,126.9790091,37.5639573,17,Mixed,"어00199y0 | 계 | P단2: | 올지로1가 | 산3호터널 | 테고F0 | 1515고1010 | 자 | 회신오시 | 위반자넹 | 형싱단속중 | io | DashCam | 025105110R:18:29 | 15K | N375502"" | 59141"
1161038582553135,Myeongdong,126.98579074787,37.561903122096,8,English,Gie | STONE | Goffee Bean | G0 | EMAGLINIC | A0NE | Spoks SOdS Sod | 150
1161802262282387,Myeongdong,126.9794565,37.5639216,4,English,Mio | DashCam | 025EI11-01::18:RG | 12%
1162138301795957,Myeongdong,126.98771,37.565057,3,Mixed,탄소발자국이 | 지속가능한 | BUS
1164133835735182,Myeongdong,126.9789053,37.565585,1,Mixed,092경I
1172788074310610,Myeongdong,126.97883665672,37.564400375392,2,Mixed,POLICE | 호더
1176737080917723,Myeongdong,126.9854235,37.5629259,4,Mixed,LE | 하모니 | EEIAEEDT | Fresh
1178280767419241,Myeongdong,126.9823,37.56523,1,English,F
1178845437224944,Myeongdong,126.982637,37.566782,7,Mixed,61118118: | 9300 | 단백질 | 커피믹스 | 제누 | RBUS | 대버P
1185462673379832,Myeongdong,126.9814766,37.5660051,0,No_Text,None
1187369013180155,Myeongdong,126.982622,37.567037,2,Mixed,무 | BLLS
1203184987834388,Myeongdong,126.98180723222,37.560687217318,0,No_Text,None
1209141160531396,Myeongdong,126.9864012,37.566076,2,Hangul,동렁 | 중양차로버스전용
1210541294145350,Myeongdong,126.9840621,37.5616776,2,English,NOWNEW | INNISFEE
1219598279895854,Myeongdong,126.9792348,37.5640058,0,No_Text,None
1220540929450884,Myeongdong,126.9789323,37.5656438,0,No_Text,None
1224134229172834,Myeongdong,126.9793052,37.5641265,0,No_Text,None
1236899674750246,Myeongdong,126.9792966,37.5641646,2,English,637 | GNG
1240769237834113,Myeongdong,126.9864114,37.5661323,1,Hangul,중앙차로버스전용
1246730402849648,Myeongdong,126.98394045012,37.560724223696,0,No_Text,None
1250981490068711,Myeongdong,126.9864123,37.566121,6,Hangul,- | - | 중앙차로버스진용 | 즈비스 | 터어어든 | 100-04서
1257031489282195,Myeongdong,126.986412,37.5661131,2,Hangul,동명 | 중앙차로버스전음
1257204362666172,Myeongdong,126.9814766,37.5660014,0,No_Text,None
1265355538546609,Myeongdong,126.9844485,37.5660215,4,Hangul,501 | 상도먹4건층구 | 810-7900 | 거도
1277881564042748,Myeongdong,126.9789469,37.5656439,0,No_Text,None
1278364693605432,Myeongdong,126.9851867744,37.562716470401,16,Mixed,Emart | 24 | PLLIC10US I8EA | 3f24 | 딜리셔스 | 아이디어 | :22:25 | 100 | 퓨金反 | J5RO! | 민생회복 | 소비쿠폰 | Smart | 24 | 편의점 | CVs
1279038857113596,Myeongdong,126.9811323,37.5659941,1,Hangul,전음
1281470546823195,Myeongdong,126.9864127,37.5661216,4,Hangul,중앙차로버스전용 | 472 | 주비스는 | 반드시
1285363896605076,Myeongdong,126.9839733461,37.562324514409,2,Mixed,이엽 | HAI
1298150951733836,Myeongdong,126.978231,37.563847,1,Hangul,화부비
1301032562030561,Myeongdong,126.9837333,37.5635649,0,No_Text,None
1306038180897437,Myeongdong,126.98427621196,37.563319604685,1,English,AMERICAM0
131030976444427,Myeongdong,126.98773559445,37.561096065452,0,No_Text,None
1320057192807842,Myeongdong,126.98539759196,37.562801900186,7,English,AAPP | - | R: | TONYMOL | GRAND | OPES | -
1320905246373586,Myeongdong,126.98505896196,37.562711983114,39,Mixed,연a1000 | 회십 | TRLTCTTY | 1925 | BarPOCIe | 1 | 0 | OPEN 1000 | TEL023780-3531 | 5포 | 조떡는 | 중암환전 | 무동산 | ~ | 는 | 피마 | 에기! | 사 | 67 | 먹는 | 년 | 기6 | 지 | 머러갈이 | 파마 | 합수록 | 건강애지는 | 02- | 2629- | 프 | 나 | Y | 중 | 앙환전 | +구 | 쿄품미방 | E담난 | Money | Exchange
1327290141644531,Myeongdong,126.97809099835,37.563794823236,0,No_Text,None
1331795008654532,Myeongdong,126.98547309541,37.562851172888,10,Mixed,붐을 | 여귄 | 비자 | 프로집 | 157530 | 50 | 사주카 | 수 | TonYM | SNA!!
1345777847265801,Myeongdong,126.98575239865,37.561865482509,2,Hangul,부동산 | 17-112
1354614486003368,Myeongdong,126.98398804316,37.562380720791,9,Mixed,아쇼 | g9 | G | M5I | 크부교 | 3 | ARIRANG | 김스에 | HGRGOG
1354640082330878,Myeongdong,126.982413,37.565972,1,Hangul,무크담51크드
1373636323817661,Myeongdong,126.97859302063,37.563795605114,0,No_Text,None
1377747466718484,Myeongdong,126.97995784986,37.563319127226,0,No_Text,None
1381948039891395,Myeongdong,126.982642,37.566162,5,Mixed,08:00 | 시청 | 4101% | 9면부르지오인대러스터 | RBUS
1391274758879544,Myeongdong,126.9841021,37.5624824,6,Mixed,채고기 | PAFI: | UE | 2F | We!DerO0 | 상가는
1397605581570143,Myeongdong,126.9792984,37.5641596,1,Other,0
1411126710207743,Myeongdong,126.9864122,37.5661057,2,Hangul,동똥 | 중앙차로버스전용
1413301603451626,Myeongdong,126.982508,37.566177,2,Hangul,마 | 름문기0
1419089559219138,Myeongdong,126.9840343,37.5621003,0,No_Text,None
1420478499087172,Myeongdong,126.9864149,37.5661118,2,Hangul,동풍 | 중앙차로버스전용
1420808149139922,Myeongdong,126.9864027,37.5660786,2,Hangul,동렁 | 중앙차로버스진용
1423038411937022,Myeongdong,126.9864141,37.566117,3,Hangul,동명 | 중양차 | 로버스전용
1425097995488469,Myeongdong,126.9866119,37.5642096,1,Other,-
1426030011914815,Myeongdong,126.9782907,37.5638309,1,Hangul,시십
1428865858453991,Myeongdong,126.97972324387,37.563623906711,0,No_Text,None
1429704028226343,Myeongdong,126.9816243,37.5659029,3,Mixed,172 | GSootf | 지금무료로르기세요
1436870190608644,Myeongdong,126.9802509702,37.562956171019,0,No_Text,None
1438618494253313,Myeongdong,126.9833756,37.5614652,4,Mixed,20 | BoX | 빅박스 | 미9
1444198420090384,Myeongdong,126.9866653,37.5642495,1,Hangul,즈즈르프트
1463089688015314,Myeongdong,126.9864262,37.5661135,1,Hangul,중앙차로버스전을
1464224767560024,Myeongdong,126.9821352,37.5648094,2,English,G | OLED
1466990770761854,Myeongdong,126.982628,37.566822,9,Mixed,HESE | 921151 | 9300 | 크코주로 | 부건부-070스41-3 | 커피미스 | 제누 | RBUS | 대버P
1474247066949626,Myeongdong,126.98550951499,37.562906774413,8,Mixed,MAASHALD | 살드마 | 2F | 하모니 | FRUITOELOON | Marsha | 시 | 하무님
1475531053659224,Myeongdong,126.98514630095,37.562704765217,16,Mixed,2 | 3r3rt | 24 | 다1! | 리셔스 | 디어 | 뼈 | Einat24 | 치 | 비쿠폰 | 의점 | CVS | 0 | PE/E | BBO | OPGNHAJD700
1482954566402460,Myeongdong,126.9850048,37.5627456,0,No_Text,None
1486510839381976,Myeongdong,126.9864117,37.5661292,2,Hangul,다 | 증앙차로버스전용
1487008619112702,Myeongdong,126.98403457247,37.562248426273,4,Mixed,년도 | LISSHF | UUT 5GN4 | PKRISIAN
1516624769774402,Myeongdong,126.9831312,37.5635147,0,No_Text,None
1556397448862120,Myeongdong,126.98531158959,37.561498797108,1,English,ONVERSE+
1571353737107348,Myeongdong,126.9837071,37.5635635,0,No_Text,None
1572843990065851,Myeongdong,126.987893,37.564573,2,Mixed,기내 | B니S
1579718646333987,Myeongdong,126.98510781219,37.562698787024,4,Mixed,품도 | idge | 스 | PRMY
1630021564379293,Myeongdong,126.9864124,37.56612,2,Hangul,동명 | 중양차로버스진용
1642006713354523,Myeongdong,126.97854588855,37.563833099442,0,No_Text,None
1648987125720667,Myeongdong,126.97853471163,37.563771674177,1,Hangul,트든
1664598507781504,Myeongdong,126.97834793118,37.56382545536,6,Hangul,샤 | 일본라멘사케 | 023182026 | 0 | 3+1 | 태지칼비뉴
1667356110862523,Myeongdong,126.98006031549,37.563238989926,2,Hangul,남대문로 | 1001
1681259409188533,Myeongdong,126.9864133,37.5661278,3,Hangul,동 | 종앙차로버스전음 | 한
1687730035216926,Myeongdong,126.9814841,37.5660176,0,No_Text,None
1692738851360100,Myeongdong,126.9789237,37.5656823,0,No_Text,None
1696119731203579,Myeongdong,126.9820257,37.5644992,2,Mixed,10U09 | 1024어시하프
1705271573491836,Myeongdong,126.98513533998,37.56269916598,3,Mixed,회 | 2F | 양념구이
1726578897963658,Myeongdong,126.9864125,37.5661285,2,Hangul,동명 | 증앙차로버스전음
1730298314194933,Myeongdong,126.97859271013,37.563828425737,1,Hangul,큰
1740037936696189,Myeongdong,126.98421842661,37.563306296616,1,English,3P
1756869245226987,Myeongdong,126.9814741,37.5659913,0,No_Text,None
1765514794000677,Myeongdong,126.9843075,37.5660435,0,No_Text,None
1774455726799151,Myeongdong,126.9864183,37.5661057,1,Hangul,중앙차로버스전은
1775446500020306,Myeongdong,126.985361,37.5630352,2,Mixed,관계나 | SUNSKIN
1791517418378660,Myeongdong,126.9782975,37.5638278,0,No_Text,None
1795298377867992,Myeongdong,126.9839051,37.5636178,0,No_Text,None
1799793594257061,Myeongdong,126.98495123703,37.560918453152,5,Mixed,평하 | 스 | 중 | IFEWOIK | 물시서
1808720643316920,Myeongdong,126.9830286,37.5580226,6,Mixed,Mio | DashCam | 02510511021:25 | 33KT | 서창7상3294: | 12년
1842673693162770,Myeongdong,126.97958009381,37.563729829423,0,No_Text,None
1843754366518526,Myeongdong,126.9814729,37.566009,0,No_Text,None
1870522753691388,Myeongdong,126.9799314,37.5634024,5,Mixed,"Mio | DashCam | 137업호486"" | 02510541 08:18:년5 | 25k"
1872064580251684,Myeongdong,126.9782205,37.5638467,0,No_Text,None
1880351792821466,Myeongdong,126.9867298,37.5642888,1,Hangul,마마
1891828741551353,Myeongdong,126.9843567,37.5660204,0,No_Text,None
1905525916910075,Myeongdong,126.9839742,37.5624347,9,Mixed,개피 | KDPE | KOR표표구 | Aavjphat | 7F | SALF | Dan ak | CaEe | Par
1911081046100455,Myeongdong,126.984285,37.5660485,1,English,RBUS
1940121476563964,Myeongdong,126.98526951613,37.561510514761,4,Mixed,ONVE | RSE자 | 부응 | Hrar
1946848946058168,Myeongdong,126.9814839,37.5659986,3,Mixed,만실엄075 | HAECH! | SEOUL
1954581585073705,Myeongdong,126.9836619,37.5613923,0,No_Text,None
1972143419990513,Myeongdong,126.9864565,37.5661148,1,Hangul,중앙차로버스전용
1976504202883461,Myeongdong,126.9789298,37.5656419,2,English,G | GTSTARNA
2001440730730077,Myeongdong,126.98172,37.566211666667,4,Hangul,군장병 | 하나은행에서 | 군필자필수품 | 만나요
2027317024134694,Myeongdong,126.98382494224,37.560714302022,0,No_Text,None
2065131690674379,Myeongdong,126.97823808233,37.563831601606,6,Hangul,민무사 | 일본라멘사케 | 02182028 | 11 | 31 | 돼지갈비류
2072202273277704,Myeongdong,126.982552,37.566625,3,Mixed,HoRo | Spriog | 수소비스
2115143912330940,Myeongdong,126.9864111,37.5661294,2,Hangul,<그 | 중앙차로버스전용
2116757902163177,Myeongdong,126.9781515,37.5638485,2,Mixed,로즈 | Salady
2118460425326993,Myeongdong,126.9814765,37.566002,0,No_Text,None
2154774914990266,Myeongdong,126.9867635,37.5643241,0,No_Text,None
2157411784671225,Myeongdong,126.9814764,37.5660056,1,English,KA
2204337163405015,Myeongdong,126.98398067729,37.562337896169,8,Mixed,파과티파티 | 시SSH스 | 45 | 한포스 | 4 | 년 | Stnita | Prtre
2278088685996338,Myeongdong,126.98512296523,37.562695173363,0,No_Text,None
2311892295907897,Myeongdong,126.98586607762,37.562198771052,3,Hangul,시5 | 동십 | 기회전
2344744989314983,Myeongdong,126.9851867744,37.562716470401,12,Mixed,Emart | UE | 24 | 224 | DfLIC1095 106A | 딜리셔스 | 아이디어 | 러갈비 | Ernart | 24 | 편의점 | CVs
2360172131011030,Myeongdong,126.9840278477,37.560720969262,4,Mixed,이미리단 | 010 | 2003-9534 | 든OR
2372827673062876,Myeongdong,126.9801271276,37.563108662224,0,No_Text,None
2402730360080558,Myeongdong,126.982622,37.567037,2,Mixed,HOTE | 건설근로자공제회
2415112952234370,Myeongdong,126.98512296523,37.562695173363,3,Hangul,돼지목심 | 양념구이 | 므
24217720474483920,Myeongdong,126.97827430865,37.563806974809,0,No_Text,None
24871658789139842,Myeongdong,126.98479199813,37.562056560666,14,Mixed,sh | 3% | 15 | CO | SL너! | STOR! | ROYAL SKIN | KFISH | PRETTYSKIL | WEATHERWEAR | ROYALSKIN | 5 | 70 | SA도
24884143491274306,Myeongdong,126.98551053203,37.562875598819,5,Mixed,사주카페 | 금오 | 오드무드>드 | T0YHOL! | FUN
2577978245741074,Myeongdong,126.984163,37.566185,4,Hangul,4101 | 37 | 사 | 카카오
2644512592555482,Myeongdong,126.98421828573,37.563319273177,1,English,BLUEELEPHAT
2660453810959346,Myeongdong,126.98400710021,37.562419233482,20,Mixed,: | KIMS HAIR | 아쇼 | | | 마 | 미동파티 | VITAMIN | 킴스헤어 | NUKHAN | 트 | 美춤 | 피티면 | 꽃 | TAXFTR은 | NUK: | 내래다 | Korca No | 에 | 경대 | 우물
2734878210042154,Myeongdong,126.9840031,37.5612849,1,English,SPAO
3104752229692823,Myeongdong,126.98595832504,37.562378008381,4,English,AEm | B | MI | 900
311066487053371,Myeongdong,126.9864036396,37.565839723634,3,English,AC | OEDINA | CFFEE
3176859545812928,Myeongdong,126.9853163,37.5631896,4,Mixed,닭갈비 | YOOGANE | 유가네 | SUPER PET
3975910402652806,Myeongdong,126.983767,37.566262,5,Mixed,1384 | 4107 | PR[IGIO | 용인푸르지오 | 원클러스터
4004679533106582,Myeongdong,126.9853253,37.5627526,3,Mixed,하모니Fres | 하모니 | FI모5F
4052603721625583,Myeongdong,126.9844567,37.5660223,0,No_Text,None
4104892419765979,Myeongdong,126.98410247231,37.561415667825,5,Mixed,FR시 | OUMEO YOU! | 찾 | SRA0 | 3치보
444297375392710,Myeongdong,126.981925,37.56059,2,Other,10 | 10
461357778296168,Myeongdong,126.98676336667,37.5658963,1,Hangul,블타
480416534889965,Myeongdong,126.9821086,37.5647002,0,No_Text,None
507322665737510,Myeongdong,126.9841346,37.5613475,0,No_Text,None
520262007747176,Myeongdong,126.9840149,37.5621842,2,English,MISSHA | Aha
547528617873840,Myeongdong,126.982597,37.566787,3,Mixed,FA5TFLF | 리기부 | 미리내집
550046318041899,Myeongdong,126.9789462,37.5657411,2,English,631 | CNG
552368487807508,Myeongdong,126.9864155,37.566113,5,Hangul,동콩 | 그 | 중앙차로버스전용 | 시 | 06
559703616540378,Myeongdong,126.98164,37.561013,1,Hangul,마
569554489430798,Myeongdong,126.98794642542,37.561040033238,6,Hangul,매달리지 | 않게 | 02공0욱 | 허공 | 정리고 | 러위우
578241722001346,Myeongdong,126.9814739,37.5659812,0,No_Text,None
593334226722512,Myeongdong,126.9782308,37.5638502,0,No_Text,None
596460596382270,Myeongdong,126.9789294,37.5656429,0,No_Text,None
601550785835841,Myeongdong,126.9789307,37.5656406,2,English,G | GTSTARMAL
601587929163877,Myeongdong,126.9864196,37.5661128,2,Hangul,동명 | 중앙차로버스전용
602132425786522,Myeongdong,126.9864008,37.5660762,2,Hangul,동 | 중앙차로버스진용
602541406285333,Myeongdong,126.9864175,37.5661085,1,Hangul,중앙차로버스전용
602697802760021,Myeongdong,126.98016105138,37.563064646187,0,No_Text,None
603926265970513,Myeongdong,126.9788819902,37.564353451488,1,Hangul,경찰
607293865163835,Myeongdong,126.9783641,37.5638316,1,English,MASSAGED
608668298655440,Myeongdong,126.97905635855,37.563887398088,0,No_Text,None
624977686043042,Myeongdong,126.98465727167,37.560812047346,5,Mixed,0U5 | 의문 | McDonaG | 9로하움념 | 르돈욱음
627303353729974,Myeongdong,126.9793032,37.5641366,0,No_Text,None
627891976531915,Myeongdong,126.97976100607,37.563520604246,0,No_Text,None
628258980069773,Myeongdong,126.97916683601,37.563866460569,0,No_Text,None
630107219339728,Myeongdong,126.9864132,37.5661215,2,Hangul,수 | 로버스전용
633907329249576,Myeongdong,126.9803204,37.5631045,7,Mixed,남대문로 | Madaemun | 0 | MioDashCam | 0251051108:20:10 | 137업3474 | 17
633975373030341,Myeongdong,126.9783206,37.5638259,4,Mixed,으 | /48 | ASSAGER | 160
634069472896063,Myeongdong,126.98398067729,37.562337896169,11,Mixed,동파티파티 | 요 | JISSH스 | 4용 | 한조 | Ih6보2 | SEOU | 카페 | r Ca | 동은 | HAR
636203069150992,Myeongdong,126.97834905993,37.563814165513,0,No_Text,None
640505798738935,Myeongdong,126.98257,37.566215,0,No_Text,None
640954012256893,Myeongdong,126.98398,37.56623,15,Mixed,The Bank of Korea | 우Y | 휴히Y | 6 | Cly | C에 | 나무김6 | : | 102 | 모 | OLOTTE | 1384 | R인푸르지오 | 우우AG10 | 인국로전
645026861912937,Myeongdong,126.9814755,37.5660066,1,Other,大4:
645302251302722,Myeongdong,126.9838884,37.5636152,0,No_Text,None
646886638177778,Myeongdong,126.98398345613,37.562355343952,8,Mixed,명동파티파터 | 스 | 시SSH스 | 4% | 퍼6 | 350UL | 한도 | A1R?
650236844699103,Myeongdong,126.9834011,37.5614604,7,Mixed,MASK | F0입 | 서미안봉병 | 게 | B0 | 크즈2F | SHINING MASK
652276194495413,Myeongdong,126.9864123,37.5661199,1,Hangul,중앙차로버스전용
652436601148196,Myeongdong,126.9787739,37.5638783,0,No_Text,None
653953647113152,Myeongdong,126.98187748931,37.56056157659,2,Mixed,고차는 | 1EI0!
656572266961514,Myeongdong,126.987813,37.564737,6,Mixed,세울지방국세성 | 개산서시 | 치과 | 사리F | 구무수권 | 피/리대/집!
664856063339931,Myeongdong,126.98553093492,37.561445964537,8,Mixed,RE | 돈 | PHot0 | COFI | STUDIG | EDIYA | H010 | SCATFG
672329675966874,Myeongdong,126.9789266,37.5657054,1,Mixed,CTSARMAO스
673269498487428,Myeongdong,126.98054181853,37.56264948776,0,No_Text,None
677717591444336,Myeongdong,126.981732,37.560895,2,English,:59 | LOULSVUITTON
682466254288763,Myeongdong,126.98525011661,37.561517932331,1,English,Hikaris
682895551242154,Myeongdong,126.9864117,37.5661138,2,Hangul,- | 중앙차로버스진음
684860253914223,Myeongdong,126.98037743795,37.562892076994,1,English,HYURDH!
686730407511039,Myeongdong,126.9864197,37.5661046,1,Hangul,중앙차로버스전용
686796027148777,Myeongdong,126.98543841091,37.561479210881,1,Other,30
688378714036594,Myeongdong,126.9814753,37.5660082,0,No_Text,None
693052479839860,Myeongdong,126.9814777,37.5659942,0,No_Text,None
693636790313743,Myeongdong,126.978223,37.5638477,0,No_Text,None
695537670115861,Myeongdong,126.9853892,37.5628363,2,English,Y | 4
696909149628876,Myeongdong,126.9782937,37.5638301,2,Mixed,시십 | ASSAGE
698222664962560,Myeongdong,126.98653878971,37.560988749077,0,No_Text,None
698638376409551,Myeongdong,126.9782725,37.5638292,2,Mixed,비 | LASSAGE
699505802822811,Myeongdong,126.9814826,37.5660135,0,No_Text,None
700142919662560,Myeongdong,126.9817186,37.565907,1,Hangul,을지로
700643385744607,Myeongdong,126.97849065775,37.563794501603,1,English,9RASS GE-
702431549159499,Myeongdong,126.9814816,37.5660032,0,No_Text,None
703870319020798,Myeongdong,126.9792433,37.5642518,3,Mixed,405 | 시로오주립시스S회D1 | NAVEH기O
704015195670474,Myeongdong,126.97831,37.5638252,4,Mixed,! | 호 | /ASSAGEE | 부9주부대시
708874561774597,Myeongdong,126.983867,37.5636128,0,No_Text,None
711935638382999,Myeongdong,126.9833724,37.5635606,0,No_Text,None
712690441082315,Myeongdong,126.982412,37.566145,2,Hangul,청기광 | 마장2고
715555371056688,Myeongdong,126.9814759,37.5660062,0,No_Text,None
716618257967595,Myeongdong,126.9814763,37.5659882,0,No_Text,None
720964810679528,Myeongdong,126.9852642,37.5627337,4,Mixed,NN | WN | 하모니 | Fresh
721344010373980,Myeongdong,126.9864196,37.5661047,1,Hangul,중앙차로버스전용
722862280770286,Myeongdong,126.98400520939,37.562463392884,8,Mixed,Sunoa | WhOS TAAT | | | KIMS HAIR | | | HEALTF | 19 | 미티
724598269972282,Myeongdong,126.984044,37.5617414,1,English,InniSFree
727711929908771,Myeongdong,126.979287,37.5641878,6,Mixed,H9910-16 | 물지로가 | 2207 | 울지로 | 부번화작으로 | 편주품음한성하세요
730115006333916,Myeongdong,126.9840743,37.5616373,2,Mixed,빠는닭 | NONNEW
733388072711137,Myeongdong,126.9789319,37.5656733,0,No_Text,None
733684792408024,Myeongdong,126.9864102,37.5661321,2,Hangul,동명 | 중암차로버스전옹
738774641985810,Myeongdong,126.9864097,37.5661325,2,Hangul,중암차로버스전움 | 건차
739568728570012,Myeongdong,126.9850605,37.5627334,2,Mixed,미야끼 | Calvin Klein
740949925063792,Myeongdong,126.9789242,37.5656838,1,English,CIS
742979631620859,Myeongdong,126.9789206,37.5656821,1,Hangul,스스
746382644759335,Myeongdong,126.9781977,37.5638497,0,No_Text,None
746421561653601,Myeongdong,126.986375,37.5660746,5,Hangul,"종양차로버스전은 | 무리가드에지름들 | 9200 | ""사실다 | 콜마가만든"
747732007679196,Myeongdong,126.9789434,37.5656636,0,No_Text,None
765509286450917,Myeongdong,126.98527233309,37.562742163869,4,Mixed,Ra대 | 0면수교 | NAG | -
767068812554426,Myeongdong,126.9782313,37.5638474,0,No_Text,None
769290742333527,Myeongdong,126.9830046,37.5634909,2,English,HOOM2OT | JOONSOIA
771287868852813,Myeongdong,126.98516193917,37.562707925038,20,Mixed,수라 | 게장 | 2F | Emart | 24 | 윌리서스 | 아이디어 | Cmart24 | 5P스 | 뼈 | 갈 | 매려간비 | 크스 | 소비국 | 편의점 | CVS | 理 | PEL | BBo | OPEN:AHTO7:OO
773147132361815,Myeongdong,126.98527233309,37.562742163869,3,Hangul,5912수고믿있어 | 시소문 | 고지도
777717268569025,Myeongdong,126.98555957388,37.561475578981,3,Mixed,COFF? | DILA | Kis5자사5116
778743784766705,Myeongdong,126.9858317418,37.562031097519,3,Mixed,마 | HRNF | 신작구
787405993609096,Myeongdong,126.9864419,37.5661137,3,Hangul,보 | 중앙차로버스전용 | 66
796214033059729,Myeongdong,126.98404382403,37.56227836631,5,English,RTRAVEE | hugo ion PARis | NAISSHIA | PARISIAN | ha
797002832925989,Myeongdong,126.98421828573,37.563319273177,1,English,BLUEE EPHANT
797499113455975,Myeongdong,126.98530716962,37.562746372743,5,Mixed,활급복장 | 金敬 | U-STAY | Rainbo | 改
804090595311225,Myeongdong,126.98421689108,37.563307654825,1,English,BIICKSIND
811868771238831,Myeongdong,126.98509271885,37.562706834477,11,Mixed,1/ | 차 | igdong Galbi | 무둥산 | 6! | 2FOPEN | 和記 | 7:00- | ~23:00 | Porridge | 明
824926273764547,Myeongdong,126.98524043612,37.562731216837,5,Mixed,16:22 | 金敬발 | WA | 하 | 구두수선협식
830342255936109,Myeongdong,126.98060832245,37.562640240841,1,English,YRDP
839477315075903,Myeongdong,126.98400332477,37.562458827946,6,Mixed,명하당 | 스낵전문점 | Sunoa | KIMS HAIR | WhOSTAAT | 스대
843075930234678,Myeongdong,126.98433412396,37.560768279129,0,No_Text,None
846738035179906,Myeongdong,126.98411488081,37.561415669368,3,English,FROMEASC | 0 | HS
847828497320006,Myeongdong,126.9820554,37.5645867,2,English,UR9 | P
924482749890660,Myeongdong,126.98039176624,37.56280087232,0,No_Text,None
941922717802826,Myeongdong,126.982547,37.566208,2,Hangul,경계광 | 마장2
950532920588258,Myeongdong,126.97969254771,37.563587518273,1,Hangul,비편증구
953468446986538,Myeongdong,126.98478699804,37.562045293601,1,English,16nS0
963825885732573,Myeongdong,126.982637,37.566782,1,English,HOIEL
964724249133798,Myeongdong,126.987955,37.564348,3,Mixed,BUS | PI드 | 카카오
967137978944065,Myeongdong,126.982563,37.56669,0,No_Text,None
9711715772276898,Myeongdong,126.9840981,37.5615763,1,Mixed,E매HEA!
9743180882447810,Myeongdong,126.9789497,37.5656465,0,No_Text,None
9770882219687253,Myeongdong,126.9853034,37.5627366,1,Other,6506%
981677727217116,Myeongdong,126.9781692,37.5638491,1,English,Salady
985990060313206,Myeongdong,126.987748,37.564867,1,Mixed,며U드
995944792477985,Myeongdong,126.982295,37.565118,0,No_Text,None
9966389423451397,Myeongdong,126.9840545,37.5617133,2,Mixed,大즈닭갈비 | INNISFree
999068915425031,Myeongdong,126.97895,37.5656474,0,No_Text,None
1000343634128753,Seogwipo,126.59971114419,33.260138553923,0,No_Text,None
1005243276949265,Seogwipo,126.59902529724,33.260055952264,7,Mixed,성산니 | 효돈 | ScONgSD | 1132 | 남원휘元 | Hyodon | NaTWON
1061192907743767,Seogwipo,126.54183178621,33.244473735862,0,No_Text,None
1077402862669987,Seogwipo,126.530260223,33.244768045,0,No_Text,None
1090688894754483,Seogwipo,126.52189623624,33.247250793119,0,No_Text,None
1107243163100865,Seogwipo,126.53042000355,33.244734407766,0,No_Text,None
1120069641837452,Seogwipo,126.53772834611,33.244923354364,0,No_Text,None
1125281657957281,Seogwipo,126.5975831614,33.259857457447,0,No_Text,None
1142498539556429,Seogwipo,126.51858471415,33.247591330975,0,No_Text,None
1142818422894144,Seogwipo,126.50724371088,33.249769333455,0,No_Text,None
1143837619451823,Seogwipo,126.50662699646,33.249911091553,0,No_Text,None
1165626610566185,Seogwipo,126.54261116696,33.244734630573,0,No_Text,None
116945783782685,Seogwipo,126.59738916043,33.259829038312,0,No_Text,None
1173816846392848,Seogwipo,126.51602719835,33.247905403839,0,No_Text,None
1180502269045188,Seogwipo,126.53946805316,33.244844764625,0,No_Text,None
1181363745670470,Seogwipo,126.53346988896,33.24409616803,0,No_Text,None
120040130129714,Seogwipo,126.53676591386,33.244632117324,0,No_Text,None
1204321116695898,Seogwipo,126.53052566759,33.24471674257,0,No_Text,None
1211997129239461,Seogwipo,126.52070142041,33.247367585714,0,No_Text,None
1217523678676713,Seogwipo,126.52818332407,33.245172640472,0,No_Text,None
1225282114575400,Seogwipo,126.50288676686,33.250081157507,0,No_Text,None
1236046496810220,Seogwipo,126.52740275229,33.245353668647,0,No_Text,None
124424616343509,Seogwipo,126.53934284776,33.244867326552,1,Hangul,스스스
1248396365630386,Seogwipo,126.506917652,33.249856784,0,No_Text,None
1248862778862046,Seogwipo,126.51762417137,33.247717762093,0,No_Text,None
125571576219332,Seogwipo,126.50592148162,33.249948365571,0,No_Text,None
1297691313960424,Seogwipo,126.5517714609,33.247758028335,0,No_Text,None
1313911962315494,Seogwipo,126.53236677512,33.244313668159,0,No_Text,None
134551415295373,Seogwipo,126.50486669241,33.249995028966,0,No_Text,None
134665541949738,Seogwipo,126.52853412424,33.245085356061,0,No_Text,None
136989365088969,Seogwipo,126.50907385882,33.249241464706,0,No_Text,None
1378146935877819,Seogwipo,126.54082553973,33.244230250137,0,No_Text,None
140209311482525,Seogwipo,126.50612094238,33.249953486002,1,Hangul,로
141004028014692,Seogwipo,126.51109913408,33.248666384647,0,No_Text,None
1410897092608081,Seogwipo,126.51089602832,33.248717780732,0,No_Text,None
141869611259153,Seogwipo,126.53000074275,33.244818623312,0,No_Text,None
1419297151751512,Seogwipo,126.51160136808,33.248529807268,0,No_Text,None
1457824994558367,Seogwipo,126.54045401397,33.244395814798,0,No_Text,None
149073177200782,Seogwipo,126.53530271642,33.244007341791,1,Hangul,소차
1499717510198731,Seogwipo,126.52660224621,33.245610051527,0,No_Text,None
153584703444010,Seogwipo,126.50929517681,33.24917672394,0,No_Text,None
1559888584212310,Seogwipo,126.50393059512,33.250019634829,1,Hangul,무6
1567711973422501,Seogwipo,126.50866850629,33.249363900193,0,No_Text,None
158818966187364,Seogwipo,126.55084579577,33.247594686346,0,No_Text,None
160883569305020,Seogwipo,126.54710521596,33.246347134508,0,No_Text,None
161911455938472,Seogwipo,126.52771953679,33.245271207278,0,No_Text,None
1633637853500831,Seogwipo,126.59980337845,33.260152831359,0,No_Text,None
164552832271122,Seogwipo,126.52542801181,33.246003771055,2,English,KIA | MOTORS
169857281719681,Seogwipo,126.52531316644,33.246134189741,1,Hangul,비보호
1706808386187359,Seogwipo,126.52974828879,33.244874374766,0,No_Text,None
171622921552771,Seogwipo,126.53840453383,33.244993840149,0,No_Text,None
171803191421782,Seogwipo,126.5070538001,33.249819119585,0,No_Text,None
173574194672438,Seogwipo,126.53891035087,33.244922644123,0,No_Text,None
174586124591556,Seogwipo,126.5301426236,33.244790374,0,No_Text,None
176475974380117,Seogwipo,126.51308555445,33.248268894918,0,No_Text,None
179140130754530,Seogwipo,126.54546831291,33.245491310545,0,No_Text,None
1801162740051674,Seogwipo,126.54792951874,33.246578295876,0,No_Text,None
181611560407972,Seogwipo,126.53140507371,33.244541466791,0,No_Text,None
1850529045130043,Seogwipo,126.51211933816,33.248386910568,0,No_Text,None
188806053114549,Seogwipo,126.59862282237,33.260010847368,0,No_Text,None
1923172927882985,Seogwipo,126.53740084206,33.24480823,0,No_Text,None
1941691159324513,Seogwipo,126.52543943837,33.246072306673,0,No_Text,None
195025185772274,Seogwipo,126.54290307052,33.244767973705,0,No_Text,None
198618058754460,Seogwipo,126.53443362532,33.243892140758,0,No_Text,None
199852178639874,Seogwipo,126.53500480979,33.243906554712,0,No_Text,None
203030784844180,Seogwipo,126.54031262386,33.244493612183,0,No_Text,None
203396358264850,Seogwipo,126.54907288738,33.247287709126,0,No_Text,None
2036960443147051,Seogwipo,126.50877575979,33.249336723414,0,No_Text,None
206331671147622,Seogwipo,126.54409327976,33.24498276999,0,No_Text,None
209809170749982,Seogwipo,126.52520788565,33.246195726723,3,Hangul,서호옹 | 성산 | 서귀포
211887787208081,Seogwipo,126.50152192363,33.250155287039,0,No_Text,None
217667706545842,Seogwipo,126.50969575199,33.249059675896,0,No_Text,None
220646052855752,Seogwipo,126.50543757507,33.2499767333,0,No_Text,None
222121922698587,Seogwipo,126.55035194847,33.247505531232,0,No_Text,None
224738529026888,Seogwipo,126.52918019372,33.24497159735,0,No_Text,None
227447145408332,Seogwipo,126.54658098145,33.246017279517,0,No_Text,None
232753468620397,Seogwipo,126.52690436971,33.245504850857,0,No_Text,None
238978854649360,Seogwipo,126.50168855015,33.250140492323,0,No_Text,None
243227614263706,Seogwipo,126.52497216778,33.246328866946,0,No_Text,None
247817087136056,Seogwipo,126.52467583633,33.246562484263,0,No_Text,None
248948617009505,Seogwipo,126.54529704495,33.245441339817,0,No_Text,None
251655873414068,Seogwipo,126.51079723728,33.248749549807,1,Hangul,사라에
253283013249326,Seogwipo,126.50819505302,33.249505763087,1,Other,10
2556335094675093,Seogwipo,126.59823203168,33.259963747666,0,No_Text,None
2565162403779472,Seogwipo,126.53606875019,33.244301534972,0,No_Text,None
2583313005306459,Seogwipo,126.5009026805,33.250186017181,1,Hangul,세주공인
2628888330591238,Seogwipo,126.5294639375,33.244932075,0,No_Text,None
2707030446255653,Seogwipo,126.51328502341,33.248247170131,0,No_Text,None
274986624309712,Seogwipo,126.54618155218,33.245775209268,0,No_Text,None
276450684187157,Seogwipo,126.53189243943,33.24442986067,0,No_Text,None
280279113818321,Seogwipo,126.51954850514,33.247495998108,0,No_Text,None
2804122543170530,Seogwipo,126.53155058653,33.244505378937,0,No_Text,None
2807035336180635,Seogwipo,126.55004707642,33.2474400974,0,No_Text,None
2810336459216151,Seogwipo,126.55128819265,33.247676648728,0,No_Text,None
2828523244081602,Seogwipo,126.53921974336,33.244880284909,0,No_Text,None
2849593208688492,Seogwipo,126.54155307361,33.244346890278,0,No_Text,None
2855495438006734,Seogwipo,126.52052788966,33.247383172414,0,No_Text,None
288509616247131,Seogwipo,126.53075212766,33.244693477707,1,English,CCU
2889532258031940,Seogwipo,126.52886833599,33.245016614981,0,No_Text,None
2907546596186566,Seogwipo,126.53461342423,33.243876445389,0,No_Text,None
2909338252654447,Seogwipo,126.51482372781,33.248048743195,0,No_Text,None
291478465961151,Seogwipo,126.51801273832,33.247672146926,0,No_Text,None
2943664399205363,Seogwipo,126.59883252505,33.26003691198,0,No_Text,None
2954126034866804,Seogwipo,126.52204422596,33.247234067982,0,No_Text,None
296202178839425,Seogwipo,126.50807449386,33.249540054362,0,No_Text,None
2969193909992255,Seogwipo,126.54843576869,33.246906261216,0,No_Text,None
297001188628221,Seogwipo,126.51142350555,33.248579944097,0,No_Text,None
299226845242729,Seogwipo,126.51387645161,33.248173137097,0,No_Text,None
300708395064494,Seogwipo,126.50369639072,33.25003385567,1,Hangul,늘로우
300945051520980,Seogwipo,126.54110228297,33.244191964971,0,No_Text,None
302404958183575,Seogwipo,126.51227842916,33.248358366536,0,No_Text,None
302513714754810,Seogwipo,126.53580051283,33.244183853307,3,Mixed,EVUP | 전동리보드래어/ | /판매/A5
302836908113999,Seogwipo,126.51882377879,33.247557087586,0,No_Text,None
303191901264597,Seogwipo,126.54008802857,33.244627961111,0,No_Text,None
303835414686657,Seogwipo,126.52446523858,33.246796248315,0,No_Text,None
304097244642533,Seogwipo,126.54589102722,33.245650506634,0,No_Text,None
3041064589503577,Seogwipo,126.54171222808,33.244413838424,1,Other,30
3046900478924204,Seogwipo,126.55262580646,33.247850744859,0,No_Text,None
305629441276015,Seogwipo,126.52036346847,33.247399406404,0,No_Text,None
306630294260745,Seogwipo,126.51841440994,33.24761971501,0,No_Text,None
3081250725437526,Seogwipo,126.52785524746,33.245245357627,0,No_Text,None
308785967352890,Seogwipo,126.52460213025,33.246637878579,2,Hangul,구어 | 피
309774117443045,Seogwipo,126.53263886667,33.244261683285,1,Hangul,내린수신
309822717267288,Seogwipo,126.55066494335,33.247563710282,0,No_Text,None
309998643966263,Seogwipo,126.50312423687,33.250067882782,0,No_Text,None
310147423971276,Seogwipo,126.5103855999,33.248866494321,0,No_Text,None
3118655358364816,Seogwipo,126.50626783998,33.249951901726,0,No_Text,None
313138153543272,Seogwipo,126.51426291592,33.248131445145,0,No_Text,None
313798083518309,Seogwipo,126.52281905986,33.247150935757,0,No_Text,None
315851903386091,Seogwipo,126.59961212333,33.260122026022,0,No_Text,None
316258703198335,Seogwipo,126.5449516743,33.245311914165,0,No_Text,None
318005099677564,Seogwipo,126.52165800254,33.247272577642,0,No_Text,None
318546759642293,Seogwipo,126.54872242903,33.247156190323,0,No_Text,None
318998859578095,Seogwipo,126.54481637639,33.245246097125,0,No_Text,None
321031282728954,Seogwipo,126.53636981204,33.244445920973,0,No_Text,None
321100572860092,Seogwipo,126.53179792268,33.244449463541,0,No_Text,None
321223432686669,Seogwipo,126.54066386115,33.244274164615,0,No_Text,None
321365419510782,Seogwipo,126.54668384899,33.246090277005,0,No_Text,None
323286629152914,Seogwipo,126.52428396566,33.247025417366,3,Hangul,전지훈련선수단여러문 | 서귀포시방문을 | 환영합니다!
324376925706579,Seogwipo,126.51561171853,33.247947002988,0,No_Text,None
329068981957804,Seogwipo,126.54319900847,33.244777585123,0,No_Text,None
330304858454637,Seogwipo,126.53366401673,33.244057865157,0,No_Text,None
332091401666501,Seogwipo,126.55278668179,33.247857815406,4,Mixed,中X大 | 中X大환反코 | 충문: | 고뉴:
334667311356535,Seogwipo,126.52552344071,33.245980561632,0,No_Text,None
335284357954987,Seogwipo,126.51998223488,33.247440606977,0,No_Text,None
335383228146421,Seogwipo,126.51544725876,33.247967199801,0,No_Text,None
336010121217812,Seogwipo,126.53660528762,33.244557732735,0,No_Text,None
339257780888998,Seogwipo,126.54359304254,33.244810937177,0,No_Text,None
346243283521379,Seogwipo,126.51778769674,33.247699610859,0,No_Text,None
3467423813359865,Seogwipo,126.52379637001,33.247048432678,0,No_Text,None
371953850920761,Seogwipo,126.53307087433,33.24418546209,0,No_Text,None
374681713939262,Seogwipo,126.53566580926,33.244136825797,1,Hangul,입이삽
3773992949392770,Seogwipo,126.53062993465,33.244717636687,0,No_Text,None
378360876871810,Seogwipo,126.50912392861,33.249224190628,0,No_Text,None
3797077657058153,Seogwipo,126.54821943467,33.2466973,0,No_Text,None
3799203730177591,Seogwipo,126.52618507032,33.245752645245,1,Other,|
380975273197952,Seogwipo,126.53398861697,33.243979011409,0,No_Text,None
3818207691640999,Seogwipo,126.5325238,33.244279026667,1,Hangul,달라동수산
3839583999423320,Seogwipo,126.50892990548,33.249282893276,0,No_Text,None
3871794919535651,Seogwipo,126.53411237574,33.243949914765,0,No_Text,None
3890485204405075,Seogwipo,126.54240897355,33.244689597107,0,No_Text,None
394523484982942,Seogwipo,126.53317831373,33.244161452836,0,No_Text,None
4021627577920576,Seogwipo,126.52395982053,33.247027453451,2,Hangul,원공학컴직물제전면시범 | 소드는
4026287944091376,Seogwipo,126.50954291064,33.249097002128,0,No_Text,None
4032697683481812,Seogwipo,126.54227159862,33.244654007799,0,No_Text,None
4044502622304779,Seogwipo,126.5032967392,33.25005969251,0,No_Text,None
4089501111110109,Seogwipo,126.51368016683,33.248197881377,0,No_Text,None
4103269316403028,Seogwipo,126.51915222727,33.247528305785,0,No_Text,None
4267846683234681,Seogwipo,126.52804507701,33.245204249509,0,No_Text,None
4276600842389898,Seogwipo,126.52260185686,33.247176003992,0,No_Text,None
4302660096419662,Seogwipo,126.52984458785,33.244849547664,1,Hangul,즈
4355668404466315,Seogwipo,126.51524524829,33.247989283932,0,No_Text,None
4480849825279573,Seogwipo,126.50921241998,33.249198594816,0,No_Text,None
450668466030028,Seogwipo,126.53826978476,33.244998165428,0,No_Text,None
457894621974431,Seogwipo,126.54560881829,33.245537880793,0,No_Text,None
460024041958040,Seogwipo,126.51817831475,33.247651219672,0,No_Text,None
467092977932768,Seogwipo,126.52148497934,33.247291552632,0,No_Text,None
471214517274971,Seogwipo,126.52093170845,33.24734851268,0,No_Text,None
472411980700576,Seogwipo,126.52900680117,33.244993452918,0,No_Text,None
472657150728721,Seogwipo,126.54950564112,33.247365295186,1,Hangul,주탁위험지역
473177580607451,Seogwipo,126.52590153018,33.245848926523,2,Hangul,한라봉밀김 | 수
474111460517890,Seogwipo,126.51717821722,33.247760037895,1,Hangul,호로
474699940469631,Seogwipo,126.54720996364,33.246394681818,0,No_Text,None
474701426968758,Seogwipo,126.54693095395,33.246253959923,0,No_Text,None
474811820501683,Seogwipo,126.50187162315,33.25012535,0,No_Text,None
477039640271861,Seogwipo,126.53094353649,33.244646536391,1,Hangul,드무린
477351536849855,Seogwipo,126.53202154257,33.244397189213,0,No_Text,None
478203486729912,Seogwipo,126.51172516127,33.248493976541,0,No_Text,None
479545793280554,Seogwipo,126.56110040407,33.245320126425,1,Hangul,수파식당
481903386365448,Seogwipo,126.54884543435,33.247215777099,0,No_Text,None
482048163070396,Seogwipo,126.59919891949,33.26007200202,0,No_Text,None
482459786204544,Seogwipo,126.52504086425,33.246280941061,0,No_Text,None
484460086335895,Seogwipo,126.52567522201,33.245933161722,0,No_Text,None
485017506095678,Seogwipo,126.59990837708,33.260170129067,0,No_Text,None
485213982793664,Seogwipo,126.52487255027,33.246397167935,0,No_Text,None
485439719204506,Seogwipo,126.528339652,33.245132970812,0,No_Text,None
485798355994463,Seogwipo,126.54937508947,33.247341945135,0,No_Text,None
489109382210484,Seogwipo,126.50447836271,33.249997264905,0,No_Text,None
489565272469877,Seogwipo,126.5067891788,33.2498813996,0,No_Text,None
491006812011094,Seogwipo,126.54462324302,33.245148010465,0,No_Text,None
493485471893721,Seogwipo,126.54215648806,33.244618331688,0,No_Text,None
493629118639122,Seogwipo,126.52677935029,33.245549189143,0,No_Text,None
494311115093683,Seogwipo,126.53165631195,33.24447790038,2,Hangul,요 | 피교
494352022017881,Seogwipo,126.5433632569,33.24478426608,0,No_Text,None
494780391672110,Seogwipo,126.50884439067,33.249313682463,0,No_Text,None
494828811715542,Seogwipo,126.54371903081,33.244839741011,0,No_Text,None
494972974985622,Seogwipo,126.51054396462,33.248825082312,0,No_Text,None
495649441576372,Seogwipo,126.51244193841,33.248337524179,0,No_Text,None
495873874890125,Seogwipo,126.53225736378,33.24433657204,0,No_Text,None
496787074702013,Seogwipo,126.52557871107,33.245965317448,0,No_Text,None
499609777757005,Seogwipo,126.54440052104,33.245065237288,0,No_Text,None
500126628009297,Seogwipo,126.53117070882,33.244601300902,0,No_Text,None
500285957775271,Seogwipo,126.50470137616,33.249998691034,0,No_Text,None
500814114685124,Seogwipo,126.50845359478,33.249426836528,0,No_Text,None
505569047281376,Seogwipo,126.53689472647,33.244688508085,1,Hangul,핵신지게치
510955470092682,Seogwipo,126.52709331786,33.245443951975,0,No_Text,None
511593373228265,Seogwipo,126.53806124785,33.244986443541,0,No_Text,None
511628080202417,Seogwipo,126.52333648997,33.247104779074,0,No_Text,None
512599489904196,Seogwipo,126.54751719515,33.246499042816,0,No_Text,None
514188512939543,Seogwipo,126.52226441137,33.247211453254,0,No_Text,None
514202219764736,Seogwipo,126.54277496773,33.244755030677,0,No_Text,None
514917073028002,Seogwipo,126.5457273878,33.245583737805,0,No_Text,None
515591006474223,Seogwipo,126.50271875505,33.250091413314,0,No_Text,None
516046112757793,Seogwipo,126.59720108182,33.259819536364,0,No_Text,None
516227769560501,Seogwipo,126.5157819955,33.247930282883,0,No_Text,None
520152889016351,Seogwipo,126.55232982162,33.247832708786,0,No_Text,None
521520019022053,Seogwipo,126.52601693899,33.245810070291,2,Hangul,분매음모 | 유욱교음
522103129151785,Seogwipo,126.50943930814,33.249130341628,0,No_Text,None
525648058489932,Seogwipo,126.5447274462,33.245200970842,0,No_Text,None
525652685111184,Seogwipo,126.53758900095,33.244867172106,0,No_Text,None
526242368375386,Seogwipo,126.55159471673,33.247725781673,0,No_Text,None
527280845102900,Seogwipo,126.5401953125,33.244570236806,0,No_Text,None
531152021230622,Seogwipo,126.52013934496,33.247426802326,0,No_Text,None
532476598117943,Seogwipo,126.59842637107,33.259986249349,0,No_Text,None
538457120865681,Seogwipo,126.50775291034,33.249642069852,0,No_Text,None
538929597098246,Seogwipo,126.54970403686,33.247392377066,0,No_Text,None
541619830555152,Seogwipo,126.55147171729,33.247704791729,2,Hangul,호근동 | 서귀로어자중북고
551083959600411,Seogwipo,126.54307739527,33.244775768768,0,No_Text,None
551815329316287,Seogwipo,126.51679639143,33.247806784462,0,No_Text,None
556785251972478,Seogwipo,126.54504847542,33.245349151501,0,No_Text,None
568502497450432,Seogwipo,126.53379533031,33.244029102756,0,No_Text,None
576647300235302,Seogwipo,126.5235287344,33.247086424726,0,No_Text,None
593192208323011,Seogwipo,126.53211327434,33.244372807872,0,No_Text,None
594692151515425,Seogwipo,126.52472690576,33.246512119784,0,No_Text,None
622466652053772,Seogwipo,126.53291484371,33.244217699401,0,No_Text,None
6261219207236900,Seogwipo,126.51640213986,33.247862926607,0,No_Text,None
656259538546523,Seogwipo,126.53556268486,33.24410522988,0,No_Text,None
664471171057720,Seogwipo,126.52132186355,33.247305194737,0,No_Text,None
739159366877296,Seogwipo,126.54643923245,33.245919133469,0,No_Text,None
759889104698349,Seogwipo,126.53855207163,33.244979892908,0,No_Text,None
760912051250169,Seogwipo,126.54835684746,33.246825508475,0,No_Text,None
767218213991864,Seogwipo,126.54126728349,33.244227846753,1,Other,0%
769314977283539,Seogwipo,126.5197794248,33.247471292992,0,No_Text,None
773711093516313,Seogwipo,126.52109458646,33.247330629683,0,No_Text,None
773796946635211,Seogwipo,126.51009057777,33.248941430167,0,No_Text,None
782540355966255,Seogwipo,126.55250836879,33.247845838217,0,No_Text,None
783267012378022,Seogwipo,126.50980758964,33.249026065339,0,No_Text,None
787443938827590,Seogwipo,126.54632846856,33.245850189452,0,No_Text,None
798961677714005,Seogwipo,126.53599894258,33.244266751113,0,No_Text,None
800817324196510,Seogwipo,126.55021833074,33.247477810049,0,No_Text,None
801214467456846,Seogwipo,126.53617264708,33.244349755253,0,No_Text,None
805537630082070,Seogwipo,126.59802508249,33.259934041449,0,No_Text,None
819966035587406,Seogwipo,126.55192207418,33.247783807143,0,No_Text,None
821387352107812,Seogwipo,126.53473019982,33.243874698915,0,No_Text,None
822306935051818,Seogwipo,126.55204113122,33.247801014286,0,No_Text,None
823509061903962,Seogwipo,126.51118920952,33.248646225794,0,No_Text,None
826002791345233,Seogwipo,126.53541466189,33.244049835721,0,No_Text,None
827821248091879,Seogwipo,126.55116747587,33.24765734967,0,No_Text,None
835787187065280,Seogwipo,126.52244993612,33.247196336611,1,Hangul,일주동로
838476110413543,Seogwipo,126.53726108775,33.244776183333,0,No_Text,None
838937353378649,Seogwipo,126.51192857122,33.24843550572,0,No_Text,None
843485713044387,Seogwipo,126.52450308484,33.246734709524,1,Hangul,600일주동도00
847878759407642,Seogwipo,126.51284621854,33.248293484292,0,No_Text,None
852124925405463,Seogwipo,126.51026710712,33.248898120212,1,Hangul,부화실
853351318867024,Seogwipo,126.52454446968,33.246690185714,0,No_Text,None
856399785089625,Seogwipo,126.54058127125,33.244314105,0,No_Text,None
874419846473420,Seogwipo,126.55220883425,33.247820699309,0,No_Text,None
878048202751095,Seogwipo,126.54918607864,33.247302746214,0,No_Text,None
879201669299220,Seogwipo,126.54519668532,33.245404541284,1,Other,50
884841065396773,Seogwipo,126.53649454661,33.244510939621,0,No_Text,None
893030118220775,Seogwipo,126.51623005895,33.247881944313,0,No_Text,None
899920400565107,Seogwipo,126.51663278835,33.247829463745,0,No_Text,None
903203403859748,Seogwipo,126.54420177304,33.245016741282,0,No_Text,None
909207299870118,Seogwipo,126.54809594286,33.246641242857,0,No_Text,None
911924009585910,Seogwipo,126.54893612137,33.247248919084,0,No_Text,None
912260589565090,Seogwipo,126.52575456325,33.245901245646,0,No_Text,None
913912866120335,Seogwipo,126.52297085548,33.247136030976,0,No_Text,None
928890534630095,Seogwipo,126.5057826352,33.249955920696,0,No_Text,None
933006074207001,Seogwipo,126.52440705005,33.246929440676,0,No_Text,None
933496110557691,Seogwipo,126.50737521709,33.24974569543,0,No_Text,None
936508593838558,Seogwipo,126.54449964697,33.245091748485,4,Mixed,외 | 개 | Ocd이금다 | -
937109973799319,Seogwipo,126.53489847292,33.243885241171,0,No_Text,None
937294500400810,Seogwipo,126.54600924478,33.245700217366,0,No_Text,None
957306395044927,Seogwipo,126.54737252353,33.246469241176,0,No_Text,None
959536981485735,Seogwipo,126.54200412681,33.244564642301,1,Hangul,무작고장고
965055530999945,Seogwipo,126.5498387637,33.247404119313,0,No_Text,None
976478936447342,Seogwipo,126.53709151072,33.244743891682,0,No_Text,None
977131326476461,Seogwipo,126.52408123168,33.247032281386,0,No_Text,None
977314833097303,Seogwipo,126.50834828824,33.249457582353,1,Hangul,인간염대주
985115045565592,Seogwipo,126.50112672802,33.250174504274,0,No_Text,None
1003823614440535,Seongsan Ilchulbong,126.93483459582,33.461615362764,0,No_Text,None
1041556107309740,Seongsan Ilchulbong,126.93097516514,33.466125827728,0,No_Text,None
1053357319772872,Seongsan Ilchulbong,126.93473753824,33.463643298052,6,Mixed,OR | 특산품 | 김하드기 | 모A | 김규살리 | 퓨리
1066057983917234,Seongsan Ilchulbong,126.92710746142,33.456277222671,0,No_Text,None
1076253946798798,Seongsan Ilchulbong,126.93524474208,33.461506991372,0,No_Text,None
1077153423348813,Seongsan Ilchulbong,126.92643632113,33.455572958979,0,No_Text,None
1079551999811225,Seongsan Ilchulbong,126.93111746226,33.463109142689,1,English,SUNPISE HOTEL
1082770119447151,Seongsan Ilchulbong,126.9301147696,33.46651745208,0,No_Text,None
1095039095119889,Seongsan Ilchulbong,126.93107237365,33.463000318227,2,English,SUNRISE | HOIEL
1098666021210693,Seongsan Ilchulbong,126.93442283495,33.464337773399,2,English,KA | MOLO
1099168500579054,Seongsan Ilchulbong,126.92843424707,33.457725017102,0,No_Text,None
1100759351193375,Seongsan Ilchulbong,126.93036853284,33.46640116509,1,Other,50
1101540973666341,Seongsan Ilchulbong,126.92898522286,33.458751799113,0,No_Text,None
1103522294033021,Seongsan Ilchulbong,126.93328354871,33.461149568827,4,Hangul,시일출소반망 | 해오름 | 식당 | 비린
1104160287491400,Seongsan Ilchulbong,126.93550313767,33.462068288183,0,No_Text,None
1109227143684395,Seongsan Ilchulbong,126.92582410529,33.455010032182,0,No_Text,None
1109558770349069,Seongsan Ilchulbong,126.93269135118,33.465631538966,2,Hangul,소심한이층 | 아시엇김고동어외락새우회
1114699136455928,Seongsan Ilchulbong,126.9292313042,33.461168030803,1,Hangul,부
111735510990109,Seongsan Ilchulbong,126.93499378102,33.461549578613,0,No_Text,None
1118486532684402,Seongsan Ilchulbong,126.92754767494,33.456757680509,0,No_Text,None
1124740005519316,Seongsan Ilchulbong,126.93071210363,33.462642467474,0,No_Text,None
1125214875362088,Seongsan Ilchulbong,126.93415546185,33.466301340624,2,Hangul,서귀포시 | 철주
1126114238585957,Seongsan Ilchulbong,126.93535246136,33.465575892916,1,Hangul,난도로
1129466988378731,Seongsan Ilchulbong,126.93491854759,33.463516925339,4,Mixed,RESVALURAN | 2리 | 작러 | 흘지
1133335377872198,Seongsan Ilchulbong,126.93265064981,33.465589047832,4,Hangul,소심한 | 이중 | 68성산동용로리 | 아시핏고등어회딱새우회
1138033070721085,Seongsan Ilchulbong,126.93196554517,33.465171575188,0,No_Text,None
1143042996201138,Seongsan Ilchulbong,126.93552674936,33.46203472186,0,No_Text,None
1147280116697316,Seongsan Ilchulbong,126.93022147491,33.461723803284,0,No_Text,None
1147668585730213,Seongsan Ilchulbong,126.92903091288,33.458356795317,0,No_Text,None
1149239148875929,Seongsan Ilchulbong,126.93563437562,33.462475264519,0,No_Text,None
1151118155906746,Seongsan Ilchulbong,126.93449208993,33.466142054214,0,No_Text,None
1151653279355985,Seongsan Ilchulbong,126.926692041,33.455838151686,0,No_Text,None
1160052162016649,Seongsan Ilchulbong,126.9305496375,33.46139070281,0,No_Text,None
1163664487958344,Seongsan Ilchulbong,126.92741331019,33.468785029088,0,No_Text,None
1165103261096943,Seongsan Ilchulbong,126.92523009431,33.454441096004,0,No_Text,None
1168518353561492,Seongsan Ilchulbong,126.93176663643,33.463736234156,0,No_Text,None
1169209150662387,Seongsan Ilchulbong,126.93035938222,33.46229279047,0,No_Text,None
1174451473710603,Seongsan Ilchulbong,126.93523296657,33.462867915189,6,Mixed,98 | 커피 | 만두 | 고급세단 | BULLAHS | 해녀짬뽕
1175543280490904,Seongsan Ilchulbong,126.93120285724,33.463192880489,1,English,SUNPSE HOTEL
1181448356367749,Seongsan Ilchulbong,126.93292274868,33.46601169355,3,Mixed,편고 | 창플게스므하무스 | D10-3828-2238
1181593316587424,Seongsan Ilchulbong,126.93191619958,33.460703349967,4,Mixed,AFE SEAHC | 부기를시오 | 계단이음 | 15예하면
1192888298363086,Seongsan Ilchulbong,126.93200152853,33.464216722055,2,Hangul,: | 프
1194848701928813,Seongsan Ilchulbong,126.92786633332,33.457110496676,0,No_Text,None
1200379677627093,Seongsan Ilchulbong,126.93144700623,33.463435612654,2,Mixed,소품하피 | 리나G건구축사업신청서집수게시
1201518920287823,Seongsan Ilchulbong,126.93061781367,33.462569805907,0,No_Text,None
1351818951857947,Seongsan Ilchulbong,126.9315044698,33.4610079132,2,Hangul,세영수산 | 영수
1352745755394890,Seongsan Ilchulbong,126.93495680362,33.461506667066,0,No_Text,None
1356262621719702,Seongsan Ilchulbong,126.93564008458,33.462419438318,1,Hangul,휴게?
1359219358094143,Seongsan Ilchulbong,126.93488961938,33.463538576036,11,Mixed,화요리 | 성산포교호 | 0RestoUr대! | 지교 | 흑돼지 | 질러~ | 공대교국 | 문약금 | 효운 | 김차로 | 782-2803
136448471848826,Seongsan Ilchulbong,126.93191327395,33.465494354073,0,No_Text,None
1367281457317957,Seongsan Ilchulbong,126.9321090634,33.464766751619,0,No_Text,None
137458488414847,Seongsan Ilchulbong,126.93571970038,33.462589392133,0,No_Text,None
1382326722477701,Seongsan Ilchulbong,126.93505265884,33.46154188466,0,No_Text,None
1386233055076013,Seongsan Ilchulbong,126.9337857269,33.463793366152,2,English,2 | HOUSE
140236214792954,Seongsan Ilchulbong,126.92698214065,33.455990904651,0,No_Text,None
1404615109906458,Seongsan Ilchulbong,126.9333463773,33.463260151037,1,Hangul,양약
1411210992852502,Seongsan Ilchulbong,126.93412735389,33.461920341678,2,Hangul,성산일출봉 | 칼국수
1414887169136631,Seongsan Ilchulbong,126.9353699521,33.461710669323,0,No_Text,None
1421516194914586,Seongsan Ilchulbong,126.93462442699,33.462480712883,0,No_Text,None
1422148421470330,Seongsan Ilchulbong,126.931966819,33.4615329187,0,No_Text,None
1423290774702331,Seongsan Ilchulbong,126.9273793392,33.456581310547,0,No_Text,None
1439452976673216,Seongsan Ilchulbong,126.93312799915,33.466361405054,0,No_Text,None
1451424561916671,Seongsan Ilchulbong,126.93561555373,33.462411919108,0,No_Text,None
1454914725414924,Seongsan Ilchulbong,126.928693516,33.46857764347,3,Mixed,CAFE COJI | 세 | 3장주
145771904234678,Seongsan Ilchulbong,126.9277986989,33.457039216484,0,No_Text,None
1464538340767511,Seongsan Ilchulbong,126.92920242861,33.467033945665,0,No_Text,None
1470645110500495,Seongsan Ilchulbong,126.93464874458,33.463700807091,15,Mixed,프스 | 편 | ' | 고 | 화도가 | 소 | 급정 | 주치 | 비I | 유채함수 | 그라몸차 | Pastccr | 김물자 | POSTLOL | 108f1eT
1477063072919823,Seongsan Ilchulbong,126.93103851341,33.460458077408,2,Hangul,성산 | 성산혼임!
1487237995544093,Seongsan Ilchulbong,126.93564718999,33.462451606582,2,Mixed,5TA유임! | 제주고모잠
1488599458707981,Seongsan Ilchulbong,126.93501384936,33.463446922976,6,Mixed,UESE | RESLHURA | 큰러목 | 손어우름 | 제주측되지전문 | 흑래지
149580857141271,Seongsan Ilchulbong,126.93511788686,33.462900472074,2,Hangul,청운식당 | 가2-주
1501230664123971,Seongsan Ilchulbong,126.9316562784,33.463582084576,3,Hangul,성산뷰 | 요망진 | 태라스
1518979058446421,Seongsan Ilchulbong,126.92851765797,33.457813276508,0,No_Text,None
1529913234258047,Seongsan Ilchulbong,126.93558603096,33.462258159148,0,No_Text,None
1531426370747609,Seongsan Ilchulbong,126.92646139261,33.468797628584,0,No_Text,None
155877586428021,Seongsan Ilchulbong,126.93353786085,33.463504327851,6,Hangul,품근 | 가 | 금문음 | 천해항 | 한라봉 | 생상차지민
1574004266503635,Seongsan Ilchulbong,126.93217651276,33.460791865764,6,Hangul,야외테이불인비! | 전 | 망 | 6 | 근고기전문점 | 1십고
1577189013061117,Seongsan Ilchulbong,126.93208814526,33.460760420923,0,No_Text,None
1579296832859564,Seongsan Ilchulbong,126.9316776551,33.460630215045,0,No_Text,None
1607755650058887,Seongsan Ilchulbong,126.93464957984,33.464535979965,1,Hangul,술집
160880792659314,Seongsan Ilchulbong,126.92676369842,33.455905309109,0,No_Text,None
1613848882720112,Seongsan Ilchulbong,126.93452466503,33.461709597367,1,English,Bl
1630087924416470,Seongsan Ilchulbong,126.93014275072,33.461800111291,1,Hangul,물
1632228916960381,Seongsan Ilchulbong,126.93443160138,33.463851254832,0,No_Text,None
1647591759403703,Seongsan Ilchulbong,126.93515702134,33.46328423661,2,Hangul,세 | 성산진미식당
1647943042687904,Seongsan Ilchulbong,126.93570301158,33.462659631854,14,Mixed,모 | STARBUCKS | 젠측 | 맛맛본이 | J무j내 | Omegiddeok | 전국택비 | 한라동 | 카드환염 | 처대향 | 한라몸 | 다 | 카 | STAREUCKS
1655103228636082,Seongsan Ilchulbong,126.93110522601,33.460426678541,0,No_Text,None
171197981597794,Seongsan Ilchulbong,126.93197279054,33.465545288276,0,No_Text,None
1757430291334749,Seongsan Ilchulbong,126.93101490206,33.460899659381,1,Hangul,0명문고속관광
1760795811078030,Seongsan Ilchulbong,126.92999645434,33.46193422948,0,No_Text,None
178513650823291,Seongsan Ilchulbong,126.92899720088,33.459124860472,0,No_Text,None
179206510748518,Seongsan Ilchulbong,126.9282942,33.457577034366,0,No_Text,None
1797625104081995,Seongsan Ilchulbong,126.93451592012,33.464409439285,3,Hangul,동 | 네술집을 | 성산리사무소
1810374942792415,Seongsan Ilchulbong,126.93018054131,33.461764523115,0,No_Text,None
181105127223217,Seongsan Ilchulbong,126.93257371104,33.46538684898,0,No_Text,None
1812254022591141,Seongsan Ilchulbong,126.93507420282,33.463397546165,8,Mixed,국화요군 | 소어우름 | 장 | 재주이입시지문 | 파 | 다 | TH퓨F | 지
1814391642391474,Seongsan Ilchulbong,126.92717644226,33.468786743561,0,No_Text,None
1825725427947509,Seongsan Ilchulbong,126.93367005355,33.46128893435,5,Hangul,뚝배기전문점 | 한음식집 | 궁공자멍 | 흑쇄지연단곤고기 | 지문점
182596190404924,Seongsan Ilchulbong,126.93539518893,33.461856301419,0,No_Text,None
183989960158602,Seongsan Ilchulbong,126.93561524615,33.462356130769,4,Mixed,Cut | 제국독산품 | 방씀니 | 지주골릿트산품
184621013529291,Seongsan Ilchulbong,126.93472787172,33.462513219751,1,Other,5
1847802075736542,Seongsan Ilchulbong,126.93435789669,33.46391653044,0,No_Text,None
1859658400867988,Seongsan Ilchulbong,126.93293871918,33.462740371037,0,No_Text,None
1868072183656660,Seongsan Ilchulbong,126.93415733435,33.46195128544,8,Hangul,는 | 동차뜬 | 산일출봉 | 손 | 칼국수 | 15000원 | 머0빈오 | 맛임추한다환션
1874958099634819,Seongsan Ilchulbong,126.93511300666,33.461541314861,0,No_Text,None
1924357444680385,Seongsan Ilchulbong,126.93498760297,33.461500074651,0,No_Text,None
1940416789749088,Seongsan Ilchulbong,126.93053320252,33.462466426748,0,No_Text,None
1961121194345476,Seongsan Ilchulbong,126.93096655827,33.460949918481,5,Mixed,11II!! | 형국 | 페물국회가 | 갈치조럼 | 고동대조름
198572598770758,Seongsan Ilchulbong,126.93403354229,33.464209382487,0,No_Text,None
207515097853942,Seongsan Ilchulbong,126.93142790389,33.4633665053,0,No_Text,None
2113308269038762,Seongsan Ilchulbong,126.92732708794,33.456522336931,1,Hangul,카카오
2163109720730168,Seongsan Ilchulbong,126.93496348909,33.46497835137,2,Hangul,오마 | 하도
2166334520382051,Seongsan Ilchulbong,126.934199914,33.464056753248,0,No_Text,None
219994276270114,Seongsan Ilchulbong,126.93000380961,33.46197006718,0,No_Text,None
220817799505277,Seongsan Ilchulbong,126.93313821366,33.462384196211,1,Hangul,민박
224252562451179,Seongsan Ilchulbong,126.9254205001,33.454603845327,0,No_Text,None
226210893910188,Seongsan Ilchulbong,126.92848157756,33.468704526474,2,Mixed,양보 | YELD
2283506385374096,Seongsan Ilchulbong,126.93493241133,33.461460238896,0,No_Text,None
228393165293933,Seongsan Ilchulbong,126.92841060081,33.457532080366,0,No_Text,None
2286179384918507,Seongsan Ilchulbong,126.93502436826,33.462994033471,2,Hangul,1964192211 | 운칙당:
228761178584920,Seongsan Ilchulbong,126.93586108975,33.462483670553,4,Mixed,오 | DUNOn | 양숙이 | 제주초콜릿토산품
2335492799994711,Seongsan Ilchulbong,126.93537519886,33.465609867966,2,Hangul,유디발 | 55
2340206702842039,Seongsan Ilchulbong,126.92906413829,33.467210194134,0,No_Text,None
240735341156696,Seongsan Ilchulbong,126.93452804107,33.462373462883,3,Mixed,O585 | innistree | 의구
2449105268608815,Seongsan Ilchulbong,126.93309357464,33.466305346626,0,No_Text,None
249279356993862,Seongsan Ilchulbong,126.93363593287,33.463603200401,2,Other,- | -
2513262712198979,Seongsan Ilchulbong,126.92506689682,33.468809963805,0,No_Text,None
2528086574027946,Seongsan Ilchulbong,126.93483182592,33.461285741305,0,No_Text,None
260113009133346,Seongsan Ilchulbong,126.93204731708,33.464887051037,0,No_Text,None
260309579213851,Seongsan Ilchulbong,126.93517028251,33.462284299125,5,Mixed,불투 | 홀스 | P방 | 6rp | ~1개7
272258964647352,Seongsan Ilchulbong,126.93279523985,33.462553436132,0,No_Text,None
282405274922361,Seongsan Ilchulbong,126.93137623104,33.460512855221,10,Mixed,무리NSON치CAFE | 점/심/[특/션 | 교등어회 | 구이점석 | 고등어회 | 딱새우회 | 아나고회 | 물회 | 한지회 | 발운평
2827086224096351,Seongsan Ilchulbong,126.93503538339,33.462982845301,5,Mixed,Juja L5caLS60 | SRC0-1914 | 0대: | 청운식당 | 스남
2854399394819653,Seongsan Ilchulbong,126.93216685267,33.462365932609,0,No_Text,None
286575522919625,Seongsan Ilchulbong,126.92885448415,33.458273778142,0,No_Text,None
2889966941156585,Seongsan Ilchulbong,126.92900994959,33.458916113713,0,No_Text,None
290952277285393,Seongsan Ilchulbong,126.93203611994,33.464178135888,0,No_Text,None
292412325931659,Seongsan Ilchulbong,126.93571483439,33.462625743478,14,Mixed,STARBUCKS | 0께3음 | 원중장 | 일출 | 청과 | 한라봉 | 항금향 | 카드환 | 각종집과도 | 소 | 010-7533-4966 | 50 | STARBUCKS | 고
294751718796983,Seongsan Ilchulbong,126.92810736055,33.457375513085,0,No_Text,None
298367535167674,Seongsan Ilchulbong,126.92921538137,33.461161565015,0,No_Text,None
302370571564296,Seongsan Ilchulbong,126.92520841236,33.454407047043,0,No_Text,None
3027559887480837,Seongsan Ilchulbong,126.93424597613,33.46415712568,0,No_Text,None
303999171312348,Seongsan Ilchulbong,126.93572568371,33.462126758243,2,English,KPA | MOUOtc
304279812708598,Seongsan Ilchulbong,126.93278850831,33.465779935049,1,Hangul,지경제
305498214388687,Seongsan Ilchulbong,126.93144090121,33.460931255533,1,Other,18
306690442305049,Seongsan Ilchulbong,126.93493677904,33.461575142567,1,Hangul,용
307020030933686,Seongsan Ilchulbong,126.92585781457,33.45486774521,0,No_Text,None
307201805582170,Seongsan Ilchulbong,126.93388117631,33.466427064388,0,No_Text,None
309832224048833,Seongsan Ilchulbong,126.9319164302,33.463956750547,0,No_Text,None
313812856970194,Seongsan Ilchulbong,126.93374757671,33.462201240833,1,Hangul,민화
319650012875932,Seongsan Ilchulbong,126.92530656169,33.454498864166,0,No_Text,None
322919239199954,Seongsan Ilchulbong,126.93259899376,33.462293872475,0,No_Text,None
324048573752379,Seongsan Ilchulbong,126.93312727967,33.461098414838,4,Hangul,고 | 매 | 프 | 개
325791602295527,Seongsan Ilchulbong,126.92686549167,33.456012883333,0,No_Text,None
327119310081260,Seongsan Ilchulbong,126.93460301915,33.464490291938,3,Mixed,동네술집 | 모극남 | T782-4694
329068979867719,Seongsan Ilchulbong,126.93508342372,33.462937529975,2,Hangul,851 | 음는공을
3291517777820440,Seongsan Ilchulbong,126.93546127751,33.461960814147,0,No_Text,None
3318918568408098,Seongsan Ilchulbong,126.93481732414,33.464733558654,1,Hangul,밀출
3323561307946862,Seongsan Ilchulbong,126.9349999401,33.461532007442,0,No_Text,None
333083808162109,Seongsan Ilchulbong,126.93359364461,33.464562611754,2,Mixed,PC | 콩
334187709307123,Seongsan Ilchulbong,126.92658013123,33.468796310984,0,No_Text,None
3397617303861560,Seongsan Ilchulbong,126.93511327481,33.462922313004,3,Hangul,커피 | 만두 | 2층
341912011811823,Seongsan Ilchulbong,126.93255081266,33.465500161249,1,Hangul,께아바하을리호
347091738345411,Seongsan Ilchulbong,126.92743790637,33.456639483313,0,No_Text,None
3574497599470777,Seongsan Ilchulbong,126.93201557223,33.465118059151,0,No_Text,None
3600345646897017,Seongsan Ilchulbong,126.93466657979,33.461337418813,0,No_Text,None
3615161255400172,Seongsan Ilchulbong,126.93557288098,33.462220885167,0,No_Text,None
3707865959433600,Seongsan Ilchulbong,126.92847500095,33.457777219745,0,No_Text,None
3709020032705946,Seongsan Ilchulbong,126.93041187775,33.461530769744,0,No_Text,None
3716796048640054,Seongsan Ilchulbong,126.92999258284,33.461929934239,1,Other,|
3762505310545604,Seongsan Ilchulbong,126.93271036816,33.465271838657,0,No_Text,None
377492716936637,Seongsan Ilchulbong,126.92748896521,33.456545851889,0,No_Text,None
3784528985128275,Seongsan Ilchulbong,126.92689596446,33.456055746872,0,No_Text,None
3791292204326702,Seongsan Ilchulbong,126.93545386897,33.462742543544,9,Mixed,MEGA | 1500 | MEGI | CUFFFE | BIG52E | 25HOT | 11: | :11 | 11161문
3795085654059698,Seongsan Ilchulbong,126.93526499665,33.461512002772,0,No_Text,None
3901400206646325,Seongsan Ilchulbong,126.93533298012,33.462241022892,0,No_Text,None
394478031733670,Seongsan Ilchulbong,126.93160329147,33.463548378465,0,No_Text,None
394788626763304,Seongsan Ilchulbong,126.93073447038,33.461202213733,0,No_Text,None
399191196367741,Seongsan Ilchulbong,126.93160361255,33.460605786119,6,Mixed,리 | 옥성마무로우 | 하나고고 | 부료 | 아난~G0 | 064A4543123
400429476122985,Seongsan Ilchulbong,126.9357100849,33.462629788679,16,Mixed,STARBUCKS | 두모분어 | 제주 | 비측 | 보에기떡 | 전국택배 | 전국 | STARBUCKS | 만라돔 | 타트환 | 전단 | 카라망 | 한라몸 | L러E | 한지너공 | 모핌어
401473975985450,Seongsan Ilchulbong,126.93098280949,33.462912205415,1,English,BAKERYCAFE
402640709204367,Seongsan Ilchulbong,126.93030331496,33.461638957034,0,No_Text,None
408368045294709,Seongsan Ilchulbong,126.93403482819,33.461748782619,3,Hangul,해송 | 갈치협 | 10-7178-5
408986078754934,Seongsan Ilchulbong,126.93496208383,33.461442393484,0,No_Text,None
4105838509496006,Seongsan Ilchulbong,126.92890675641,33.460385012821,0,No_Text,None
412215008114381,Seongsan Ilchulbong,126.92891888551,33.458453299611,2,Hangul,김 | 그
415913397818445,Seongsan Ilchulbong,126.92887853344,33.460313923436,0,No_Text,None
417553394210945,Seongsan Ilchulbong,126.93103727658,33.463028224677,0,No_Text,None
421301730646033,Seongsan Ilchulbong,126.93336236335,33.466657698078,0,No_Text,None
427927916509972,Seongsan Ilchulbong,126.92853098324,33.468693388214,1,Hangul,드!
429993068103585,Seongsan Ilchulbong,126.93467194029,33.46366362513,2,Hangul,스는 | 품으금간
440669745119956,Seongsan Ilchulbong,126.92951062461,33.461450727953,1,Hangul,나
443291824941592,Seongsan Ilchulbong,126.93504533114,33.46296973696,4,Hangul,원: | 115411146 | 영은식당 | 마
444162914769785,Seongsan Ilchulbong,126.9356639842,33.462509705473,7,Mixed,양숙이 | 제주초콜릿 | 제주인 | P | 짬 | 호에기때 | 말밀스
445069387888903,Seongsan Ilchulbong,126.93210788546,33.464566653881,0,No_Text,None
447222157692982,Seongsan Ilchulbong,126.93418335193,33.46412906228,2,Hangul,경장0하 | 가세요!
447356197863672,Seongsan Ilchulbong,126.93479378435,33.46163044695,1,Hangul,물든
447730504607410,Seongsan Ilchulbong,126.93447067283,33.461728957562,4,Mixed,해녀민떡 | A | 해녀 | 민백
448083891066522,Seongsan Ilchulbong,126.93114543854,33.460665314335,2,Hangul,235 | 일주로
449173277520114,Seongsan Ilchulbong,126.93524474208,33.461506991372,0,No_Text,None
449178387497188,Seongsan Ilchulbong,126.93477390188,33.461503896886,11,Mixed,KIGHT | ISLAND | PROJECT | 아트! | ISLAND | PROJECT | 1955 | HAVEA | NICE | DAY | CKUPT
450986464044874,Seongsan Ilchulbong,126.93490812537,33.461428021597,9,Mixed,JEJL | 눔교 | BPIGHT | Makers cafe-- | GS25 | ISLAND | PROJECT | E | 195도
453664187306743,Seongsan Ilchulbong,126.93555761444,33.462182546624,0,No_Text,None
455108163627389,Seongsan Ilchulbong,126.93133150611,33.463258524909,2,Mixed,돌아 | ULDASE HOTL
457410548666328,Seongsan Ilchulbong,126.93169769511,33.461235008383,0,No_Text,None
458985649893838,Seongsan Ilchulbong,126.93244511024,33.460876740876,0,No_Text,None
461302619892065,Seongsan Ilchulbong,126.93541129024,33.461808632767,0,No_Text,None
467023671230834,Seongsan Ilchulbong,126.92647492686,33.455607040072,0,No_Text,None
467529839035023,Seongsan Ilchulbong,126.92810180489,33.46876819502,9,Mixed,성산일춤봉 | SeongSSn chubo Tull Core | 1119 | 서귀포 | 우구F | Seogwipo | 고성宮 | Seongsan Harbor | GoSeOng
475364150414496,Seongsan Ilchulbong,126.93385667563,33.462182156514,0,No_Text,None
476358213591247,Seongsan Ilchulbong,126.93448737487,33.462323547739,4,Hangul,동정도색다 | 아미스 | 불어탕 | 얼이
478295570121100,Seongsan Ilchulbong,126.92890702418,33.458388592308,0,No_Text,None
480283053027805,Seongsan Ilchulbong,126.93333367633,33.464775736585,0,No_Text,None
481518353069128,Seongsan Ilchulbong,126.9295121763,33.461482147665,0,No_Text,None
482692926390793,Seongsan Ilchulbong,126.93266008269,33.465316614428,0,No_Text,None
484629199451809,Seongsan Ilchulbong,126.93556827943,33.462180572236,0,No_Text,None
489030799016343,Seongsan Ilchulbong,126.93191439232,33.465237121037,0,No_Text,None
498381758120961,Seongsan Ilchulbong,126.93203404881,33.461619460714,0,No_Text,None
499893144757629,Seongsan Ilchulbong,126.93419040536,33.464072112754,0,No_Text,None
500211727770323,Seongsan Ilchulbong,126.93466317615,33.463670675551,2,Hangul,표이금간 | 상가전모
508124583699739,Seongsan Ilchulbong,126.93299647741,33.462811706788,1,Hangul,전마트용
508653223614016,Seongsan Ilchulbong,126.93519787073,33.461318968683,1,English,ALA
509508826893482,Seongsan Ilchulbong,126.9290250022,33.46087123006,0,No_Text,None
516846309671717,Seongsan Ilchulbong,126.93368571278,33.463664788999,3,Mixed,F애 | 34구 | CAfe
518179525849159,Seongsan Ilchulbong,126.92898926064,33.460783347353,0,No_Text,None
521094175557152,Seongsan Ilchulbong,126.92588098578,33.455041308333,0,No_Text,None
531618384523606,Seongsan Ilchulbong,126.93240255938,33.462188354738,0,No_Text,None
5457201297686099,Seongsan Ilchulbong,126.93411691459,33.462074983546,10,Mixed,원추편봉 | 뻔전 | 1782-220 | 파리바게뜨 | 입승봉주차잠대 | O | 로 | - | 든배기 | 흑돼지
548980596507299,Seongsan Ilchulbong,126.93207144543,33.464766397459,0,No_Text,None
5514620921912410,Seongsan Ilchulbong,126.93380900955,33.464384944335,0,No_Text,None
560435884942678,Seongsan Ilchulbong,126.93502667692,33.462991446154,0,No_Text,None
579178263021253,Seongsan Ilchulbong,126.93568788219,33.462481070807,2,Hangul,양숙이 | 제주초콜릿토산품
580692909577306,Seongsan Ilchulbong,126.92938290213,33.461346255868,0,No_Text,None
594008758169896,Seongsan Ilchulbong,126.93329766693,33.463194115984,0,No_Text,None
605971447465570,Seongsan Ilchulbong,126.93507252939,33.463094326713,1,Other,惠多
610456996578277,Seongsan Ilchulbong,126.93484082681,33.461222703612,0,No_Text,None
629228038476666,Seongsan Ilchulbong,126.93318764109,33.46306121571,0,No_Text,None
675359958008875,Seongsan Ilchulbong,126.93200093604,33.460730519323,5,Hangul,제주 | 태기 | 구 | 다 | 2
678109677718863,Seongsan Ilchulbong,126.93340314205,33.466648238458,1,Hangul,려구고호구
714684847275231,Seongsan Ilchulbong,126.92896677487,33.459491517159,0,No_Text,None
7253507114759502,Seongsan Ilchulbong,126.93191099775,33.465447211052,0,No_Text,None
733087494054611,Seongsan Ilchulbong,126.93503632957,33.463436961739,4,Hangul,생산포교호 | 흑 | 도 | 신
7365001180288236,Seongsan Ilchulbong,126.93352120822,33.461235423728,3,Mixed,동람르방 | 4-784-608F | 옥배기전문점
737170411932226,Seongsan Ilchulbong,126.93362027831,33.466545201298,0,No_Text,None
7415291735228535,Seongsan Ilchulbong,126.92895843804,33.467402332404,0,No_Text,None
742613884608267,Seongsan Ilchulbong,126.92928743256,33.466952596788,0,No_Text,None
742786516401887,Seongsan Ilchulbong,126.93352272266,33.464617301084,3,Mixed,미금 | HOTEL | 성산
743730516304105,Seongsan Ilchulbong,126.93275400572,33.462522192726,1,Hangul,공인증
744882240966113,Seongsan Ilchulbong,126.93360055677,33.461263390448,2,Hangul,너우 | 뚝배기전문점
7473728576054663,Seongsan Ilchulbong,126.92878960407,33.468065477447,0,No_Text,None
747712214142019,Seongsan Ilchulbong,126.92912963722,33.467120976255,0,No_Text,None
747762605917767,Seongsan Ilchulbong,126.92806132625,33.457151276991,0,No_Text,None
748195750756780,Seongsan Ilchulbong,126.93280168972,33.460985219667,3,Hangul,무주차장 | 설힉 | 주제주뚝배기
751481340446043,Seongsan Ilchulbong,126.92880598421,33.467974751957,0,No_Text,None
752508966993025,Seongsan Ilchulbong,126.93400768246,33.461686685262,1,Hangul,소쿠리
7547176305402730,Seongsan Ilchulbong,126.93438888643,33.461762658585,4,Hangul,너 | 해송 | 전용주차장 | 외부차량주차금지
7612103708865222,Seongsan Ilchulbong,126.930802627,33.46273236726,0,No_Text,None
764855147488863,Seongsan Ilchulbong,126.92759590619,33.456655169331,0,No_Text,None
767426115519605,Seongsan Ilchulbong,126.93559815866,33.46229234087,1,Hangul,퓨게소
771754975091362,Seongsan Ilchulbong,126.93186479727,33.463938915945,1,Hangul,타거
7759611154106808,Seongsan Ilchulbong,126.93225722677,33.465594425524,0,No_Text,None
777442097409665,Seongsan Ilchulbong,126.93033927481,33.461602108783,0,No_Text,None
787470762992712,Seongsan Ilchulbong,126.93043145682,33.462382320921,0,No_Text,None
789360456462738,Seongsan Ilchulbong,126.93410316648,33.4618987354,3,Hangul,편치름회 | 성산일봉 | 칼국수
790273811914536,Seongsan Ilchulbong,126.92893351122,33.459933390204,0,No_Text,None
7907628039256598,Seongsan Ilchulbong,126.93320444857,33.461125693843,3,Hangul,물고기관 | 해오름 | 식당
796470719066121,Seongsan Ilchulbong,126.93397713498,33.461627379287,3,Hangul,세트 | 어구0 | 차장
797190999019340,Seongsan Ilchulbong,126.93062208198,33.46255374157,0,No_Text,None
797564408542530,Seongsan Ilchulbong,126.93472095754,33.461484742882,6,Mixed,BRIGHT | SPOTB | 임대 | 4 | 385: | GS25
798182617790617,Seongsan Ilchulbong,126.9319552873,33.465144184127,1,Hangul,드르들은
798508151766000,Seongsan Ilchulbong,126.93470033196,33.46147404724,4,Mixed,SPOLB | 742- | 임대 | 8855
816186962628149,Seongsan Ilchulbong,126.9253595864,33.454378396375,0,No_Text,None
824394591822611,Seongsan Ilchulbong,126.93554880632,33.462105451976,0,No_Text,None
8407225055960113,Seongsan Ilchulbong,126.9286818932,33.468728255693,4,Hangul,16호0 | 민주당 | 국민을 | 지키겠습니다
849894875598918,Seongsan Ilchulbong,126.93559754872,33.462352024359,0,No_Text,None
872084424641823,Seongsan Ilchulbong,126.93466095132,33.461379463214,0,No_Text,None
876196814524479,Seongsan Ilchulbong,126.93460514219,33.4637309074,5,Hangul,한도기 | 팥피 | 향수 | 04 | 차석
879637082615229,Seongsan Ilchulbong,126.92778179296,33.45684982334,0,No_Text,None
893871132415253,Seongsan Ilchulbong,126.92622103831,33.468799092338,0,No_Text,None
923542375110302,Seongsan Ilchulbong,126.92676678,33.45575634,0,No_Text,None
942340857364769,Seongsan Ilchulbong,126.93196497355,33.464123987979,0,No_Text,None
942535827543738,Seongsan Ilchulbong,126.93432647882,33.463944672719,2,Mixed,우리마트 | 1T7841918
946082056193111,Seongsan Ilchulbong,126.93509115109,33.461510623814,0,No_Text,None
950905932414690,Seongsan Ilchulbong,126.9289112021,33.460146774251,0,No_Text,None
952675716363410,Seongsan Ilchulbong,126.92721663488,33.45640364405,0,No_Text,None
955961906233845,Seongsan Ilchulbong,126.93109542555,33.46081641351,0,No_Text,None
956573432392422,Seongsan Ilchulbong,126.93141412638,33.463342738439,0,No_Text,None
958769959088214,Seongsan Ilchulbong,126.93466986918,33.461400022435,1,Hangul,삼무고
959303065390057,Seongsan Ilchulbong,126.9342869038,33.461812469666,4,Mixed,클투민밤 | 비승전흡주차킴 | 1F | 10-3692-1438
959436088738477,Seongsan Ilchulbong,126.92545869593,33.454660417024,0,No_Text,None
960974088889202,Seongsan Ilchulbong,126.93496501426,33.461556384477,1,Hangul,대용
961679732220320,Seongsan Ilchulbong,126.92837216368,33.468726918284,2,Hangul,20 | 즈
967677614702588,Seongsan Ilchulbong,126.93526499665,33.461512002772,0,No_Text,None
970923794044083,Seongsan Ilchulbong,126.93252413056,33.465480995086,3,Hangul,생산람승동 | 하는 | 가시칫
972187971141491,Seongsan Ilchulbong,126.93509014467,33.461543454787,0,No_Text,None
973639757768271,Seongsan Ilchulbong,126.93503455622,33.465075933018,0,No_Text,None
974467517591159,Seongsan Ilchulbong,126.93108704134,33.466073565825,0,No_Text,None
977406936433798,Seongsan Ilchulbong,126.93342507842,33.463345170891,2,Other,7372 | 784
977989019606841,Seongsan Ilchulbong,126.9282022495,33.457478085887,0,No_Text,None
986694496373700,Seongsan Ilchulbong,126.93193519614,33.465486274698,1,Other,____________
1003762611866246,Seongsu,127.0570415,37.5444735,0,No_Text,None
1004624711100817,Seongsu,127.0570469,37.5444798,2,Hangul,전인지역 | 고금
1005152668214836,Seongsu,127.0564811,37.5451834,1,Hangul,금지무역
1008950643932984,Seongsu,127.05515428497,37.539150900001,2,English,ACQUA | SAN
1009462740510531,Seongsu,127.0570463,37.5450417,7,Mixed,보무 | 무물 | 7aL | ChiG | F | Mattac | 두미로
1020143076675448,Seongsu,127.0561723,37.5452129,0,No_Text,None
1027380282570038,Seongsu,127.0547598,37.5445524,4,Mixed,마포 | 2LLELSN | 시지무소 | 사무시
1030756222290670,Seongsu,127.056827,37.54445,1,Other,1025
1036347464975788,Seongsu,127.055945,37.544795,1,Hangul,10:2구크급
1070704050661750,Seongsu,127.0577521,37.539594299999,0,No_Text,None
1074122397018462,Seongsu,127.0581812,37.5420562,2,English,MUSINSA | MUS EUM
1079501836454522,Seongsu,127.0576351,37.5406928,0,No_Text,None
1083721092722535,Seongsu,127.0577475,37.539780899998,0,No_Text,None
1084809966377251,Seongsu,127.0562791,37.54101,3,Hangul,질식 | 위험공간 | 등
1087841058942937,Seongsu,127.0581575,37.542001900003,2,Hangul,마리긋즈 | 소품샵
1089504075470372,Seongsu,127.0513805,37.548472920156,0,No_Text,None
1094587331656895,Seongsu,127.0574558,37.539603799998,0,No_Text,None
1098324044796768,Seongsu,127.0577028,37.540096299998,0,No_Text,None
1102824671000629,Seongsu,127.0576753,37.540214700001,0,No_Text,None
1115812139636134,Seongsu,127.0578604,37.541083800003,4,Mixed,프르 | 461-4771 | 1oFo-- | 1300%
1123858775517140,Seongsu,127.0572481,37.539615699998,0,No_Text,None
1126186331409465,Seongsu,127.0565407,37.5441838,0,No_Text,None
1135624893767485,Seongsu,127.0590083,37.548752299999,3,Other,< | 1 | 0
1135874164112599,Seongsu,127.0528816,37.546936300002,2,Hangul,한술고 | 티
1142281153121741,Seongsu,127.0574475,37.546108360836,6,Hangul,신텅신투표 | 유리취 | 대우 | 현대 | 71 | 대
1147544079923739,Seongsu,127.0580659,37.541690099998,3,Mixed,Youssofu | K부동산 | So디
1155378761810849,Seongsu,127.0580164,37.5432736,4,Hangul,않지게차 | 466-123 | 유심지게차 | 464-3330
1159853395400258,Seongsu,127.0570775,37.5449101,4,Mixed,하다는 | 조미떡 | 641{ | CAT11U신단
1160295809110620,Seongsu,127.0556749,37.5453731,2,Mixed,9니E | G52
1161436188532762,Seongsu,127.055945,37.544795,2,Hangul,크2 | 10담2구당구담
1162187905514782,Seongsu,127.0528249,37.546979700002,2,Mixed,3AMFONN | 음으울음
1166535734962373,Seongsu,127.0560121,37.544758,1,Hangul,1무
1169412428192192,Seongsu,127.0579421,37.5475881,5,Mixed,무008 | 견인지역 | 1001 | 싱수릉 | 'PAR
1172619197604435,Seongsu,127.0578021,37.5466901,5,Hangul,부동산 | 4989 | 300 | 예스 | 부동산
1174405297011076,Seongsu,127.0566881,37.5451474,3,Hangul,경생시만한영복열할인 | 6000원 | 1000원
1179127673138739,Seongsu,127.0561723,37.5452129,0,No_Text,None
1187924452738270,Seongsu,127.0597323,37.5431951,3,Hangul,뜨요부모지요대 | 463 | 445
1188553879428513,Seongsu,127.056892,37.544445,3,Hangul,고무 | 10:251 | 모도
1190017892803293,Seongsu,127.0555167,37.5442881,1,Hangul,세0
1190252272615457,Seongsu,127.0554642,37.544873,0,No_Text,None
1192592185811057,Seongsu,127.0566539,37.5441944,5,Mixed,ERA | 10 | MOM'S | 이소부 | 463=0
1195094285752360,Seongsu,127.0572178,37.5448778,12,Mixed,대 | 모보 | 정신텔과 | 금이층집 | 마대크 | TERLALC | Chicken | ULOC | ChIcKEn | 라차 | 느니 | 3
1195900528805549,Seongsu,127.05709,37.544575,1,Other,10:2455
1201153937932949,Seongsu,127.0517487,37.547933100002,3,Mixed,YOWN | 부동산 | 중가
1202782250674525,Seongsu,127.0579512,37.547806699999,0,No_Text,None
1203117724755095,Seongsu,127.0573067,37.5450223,22,Mixed,누마니은대 | 청수역지 | 무농후R | 2702 | 모I | 누어니인병 | 무 | 성수역지짐 | 동아니은병 | 성수이로 | 109 | C0ngSU-TS | 하나은행 | 청주역 | 90008궁공로금 | 음 | PALIS'S | COFFEE | 하이나은당 | 고 | 이 | 대
1203987550472502,Seongsu,127.0578475,37.539272600002,3,Hangul,어린이보호구역 | 정차금자 | 견인지역
1212781379685162,Seongsu,127.0579541,37.5413635,3,Mixed,IR | 6적 | NICKF
1212786766279551,Seongsu,127.05805555556,37.5476244,2,English,Cer | APE
1217059786671230,Seongsu,127.056902,37.544443,3,Hangul,고무 | /2 | 10:25:0
1217398359152461,Seongsu,127.0576306,37.546536,34,Mixed,공인동께사사무소 | 예스 | Research | 중개면인주 | 중 | 가 | Light | Realestate | Rea! | Y | 부동산리서치 | 49 | 3 | 89-668 | 차치 | 409-30 | FawChamnvittCokT | 예스 | 부동산 | 2003참빛부옹산리서지 | I | SINCC | wriChenivittcoK | IPAR | 시 | 수 | 개 | D | 정수 | 롯테태슬 | 가 | 자산관리 | 사무실 | 오피스텔
1219286892910273,Seongsu,127.056045,37.544758,0,No_Text,None
1234784891400865,Seongsu,127.056691,37.5445764,0,No_Text,None
1248132632727774,Seongsu,127.0573518,37.5443688,0,No_Text,None
1260727327826142,Seongsu,127.0578498,37.5395,0,No_Text,None
1322607085655673,Seongsu,127.0559165,37.5442199,3,Hangul,주정 | 금지 | 성동경찰
1330676094835441,Seongsu,127.0581731,37.5485471,2,Other,30 | 20011
1331547514838998,Seongsu,127.057787,37.546828,1,Hangul,맹시
1343375350202520,Seongsu,127.0557342,37.5453533,6,Mixed,냉대크노티워 | YOUFIG | Du스 | /타R | 에려친서 | GS25
1344597763477614,Seongsu,127.057073,37.544537,1,Hangul,1무245
1357387265393895,Seongsu,127.0581743,37.5487573,3,Hangul,무 | 치유리면팅 | 친우유리:
1366156684390953,Seongsu,127.0562431,37.5452217,10,Hangul,그을 | 극위문 | 벌이 | 순우리말 | 임니다 | 료 | 닭목수부위 | 신무보부지문 | 농옹스기전골 | 집
1366157348052142,Seongsu,127.0548429,37.5444472,4,Mixed,세본7부동산 | 0924873777 | 성광빌딩 | 467F377
1366459381140181,Seongsu,127.0556247,37.5453831,1,English,4040NG
1368983030814542,Seongsu,127.0584963,37.5434581,1,Hangul,수작
1370047066932468,Seongsu,127.0576527,37.539526,0,No_Text,None
1372184217007564,Seongsu,127.0560045,37.5442078,2,Hangul,고 | 세0
1381538929689335,Seongsu,127.0573651,37.5451481,1,Hangul,성롤트
1383349392676073,Seongsu,127.055562,37.5453832,7,Mixed,CHEESEST | 8운 | 28 | 봉방 | 알고싶은 | 음품를 | 무음
1394694488213478,Seongsu,127.0546859,37.5450551,2,Hangul,신속한피면에 | 답입니다
1417261108931450,Seongsu,127.0578384,37.541040900002,0,No_Text,None
1424407201519507,Seongsu,127.0580984,37.543341099999,5,Mixed,XON르H | 15덕 | AnNiVEfSarY | SINCE | 2009
1435178537859462,Seongsu,127.0564811,37.5451834,2,Hangul,3조조갈구수 | 바오전
143541811904392,Seongsu,127.0581788,37.5481145,0,No_Text,None
1436936817026178,Seongsu,127.0552645,37.5396716,0,No_Text,None
145986901337336,Seongsu,127.0575264,37.544822099999,12,Mixed,비수술적통증치료 | 대치 | 리 | 도수시료 | 惠티 | 이층점 | AAaLLaCCO | Chicken | 0LCLS | CicO | 포장마자 | 육모10
1468603120749987,Seongsu,127.0513098,37.5485405,0,No_Text,None
146967688215350,Seongsu,127.05784739983,37.5473925,0,No_Text,None
1479518379201121,Seongsu,127.05450980392,37.543455,17,Mixed,유 | 미상사 | 유미상사 | 눈표카요파비중나는 | 화포식당 | 유미상사 | 전문점 | ansae | Tr | 499409T | 12268-5191 | 라F | 곳을울공늘은미고고사 | 베오 | 슈큰리어 | 해-6 | 핫
1487384568842767,Seongsu,127.0531685,37.546683399774,3,English,ESPACE | 516 | 1230
1496632557968011,Seongsu,127.054618,37.544818,2,Hangul,1:하대 | 연구
1511857136104295,Seongsu,127.0558047,37.5407008,0,No_Text,None
153118394249546,Seongsu,127.0578973,37.5469888,0,No_Text,None
1540070116950427,Seongsu,127.0546859,37.5450551,14,Mixed,WEST | 코렌노러 | Fial | PT | Spe | NAIL 4SEASO! | 교전문 | GUNGSEOCHAE | 멘다 | 부약손마사지 | OLIVE | YOUNG | 약 | 구너모거
1560084235050739,Seongsu,127.05622216667,37.542278333333,3,Mixed,비보호 | CHANEL | CHAHE
1573367060009328,Seongsu,127.0558731,37.544807,1,Hangul,1무구구2
1579342796090434,Seongsu,127.0546859,37.5450551,1,Hangul,아
1579605492753596,Seongsu,127.0569427,37.5450216,17,Mixed,10I | mattaCCo | Chicken | aLaCCC | Chicken | SP | 두피문전 | 성수 | 룸 | 상담및여익02-4 | 피부/색 | 지방든 | 페 | 면 | 010-2255-5012 | 160거학네속명: | 안티에
1584057842095392,Seongsu,127.0577934,37.5473778,2,Mixed,성수동 | IPARK
1586953185349833,Seongsu,127.057827,37.54707,0,No_Text,None
1603807337688572,Seongsu,127.0578251,37.5465431,32,Mixed,10 | 트 | | | 회계 | 주티모아여행시 | 성수이로 | 물는우8 | 02-499-7100 | 127 | 13 | T469 | 555요 | 주 | 부동산 | 부동 | 사무소 | 989 | 4989 | -30 | 본무사손원락 | 동산 | 9-7311 | 무AR | 4997310 | 19 | 지설산염 | 7311 | 재자상담 | 어증개 | 교단품r | 대관리 | 터
1605542230199644,Seongsu,127.054677,37.544732,2,Hangul,1매2 | 대격
1607189263412419,Seongsu,127.0512374,37.548712600003,0,No_Text,None
1608693169952969,Seongsu,127.0555956,37.540481100001,0,No_Text,None
1616163999197966,Seongsu,127.055178,37.539182699997,2,Hangul,지물장식 | 성진교화
161805803285858,Seongsu,127.0581352,37.548022099999,0,No_Text,None
1624265331679308,Seongsu,127.0552736,37.539645700001,1,English,TOMN
1635099551159862,Seongsu,127.05683883333,37.53902,4,Mixed,번가 | 미용실 | Kongbu! | 44번지
1637698790102627,Seongsu,127.0556023,37.5404964,0,No_Text,None
1656982111740081,Seongsu,127.0579962,37.5414916,0,No_Text,None
1658812014892489,Seongsu,127.0522099,37.5475356,8,Hangul,진짜무쇠삼견 | 맛 | 진무삼서울성수점 | 떡주 | 예막 | 가믿 | 02-498-6633 | 1833-2024
1690418075689258,Seongsu,127.0578686,37.5437232,4,Mixed,모 | 스습도 | B4SS | SI5G
1705560343689697,Seongsu,127.0570463,37.5450417,15,Mixed,공황 | '수면 | 02-499-078 | 할맛닭고 | 동남학166 | mattacco | mattacco | Chicken | Chicken | Chicke | 1교1L2CRC | Mattac | 0 | 마 | LABOSper
1707452216787274,Seongsu,127.0581619,37.548765,5,Hangul,무 | 고무 | 59 | ! | 치유리변명
1709646619652988,Seongsu,127.0566539,37.5441944,0,No_Text,None
1763742474357598,Seongsu,127.0570463,37.5450417,12,Mixed,몽증 | 유지대인습정 | 서음암파 | 운군구오 | 의학과 | WaH | aG | 드 | 망부과! | 먹태 | 정SS | 지료제르테
1793091504598702,Seongsu,127.0570309,37.544125,3,Mixed,1029B5 | 마 | 건화정신차산담소
1806179516544514,Seongsu,127.057696,37.540826899999,7,Mixed,학교앞 | 여 | 50아니 | Smoking | 출입문50n | /10만원의과태료 | 1성동구
1812068619269278,Seongsu,127.0580491,37.541669899998,3,Mixed,AK부동산 | 파업 | 이
1816645858836805,Seongsu,127.0577838,37.539623799997,0,No_Text,None
1823825041748661,Seongsu,127.0583723,37.5435558,3,Hangul,10 | 구0 | 195
1827152391458688,Seongsu,127.057113,37.5447471,10,Mixed,Lotto | 복권판점 | 부서기는 | 래F | 금유오피스 | 소호사무실 | 임무 | 1-백인실 | 사업자동록 | 계막
1827316181121713,Seongsu,127.0522702,37.5474735,0,No_Text,None
1842472192758837,Seongsu,127.0577656,37.543712600003,0,No_Text,None
1844127359679375,Seongsu,127.0581301,37.5483471,1,Hangul,로켓배송!
1864141921013783,Seongsu,127.057333,37.5450798,2,Hangul,공증치고 | 1만
1883936895458767,Seongsu,127.0577366,37.539951900012,0,No_Text,None
1884994498999996,Seongsu,127.056811,37.5451003,7,Mixed,과 | 1무 | 5 | 159-73736 | MtiMf | TNESS | 062-45-19
1888324794878024,Seongsu,127.0584885,37.5487828,0,No_Text,None
1892110584569471,Seongsu,127.0579776,37.5414304,2,English,RIRGCKEK | KNICIKE
1932254000563377,Seongsu,127.0552232,37.539423399907,0,No_Text,None
1935886783613619,Seongsu,127.057085,37.5445599,1,Other,10:2456
1962127407463407,Seongsu,127.0576298,37.546493900002,1,Other,116
1978138999342264,Seongsu,127.0551848,37.5443022,0,No_Text,None
2044406059261921,Seongsu,127.0515577,37.548107300002,0,No_Text,None
2045926199223859,Seongsu,127.0555717,37.5442871,5,Hangul,는 | - | 주정 | 금지 | 성동경찰
2059592337847160,Seongsu,127.0566328,37.5450451,8,Hangul,개0503기금 | 세비스 | 9 | 다 | 10도 | | | 송 | 연+9업
2095312877535643,Seongsu,127.05428269992,37.545570300001,9,Mixed,성수옥아궁지 | U+ | 1566-7548 | 부료제공 | 릅뉴곤 | - | 직화로구워맛있게랩다 | 고S2 | 동십사이용고간
2095329334272504,Seongsu,127.0568732,37.5444469,1,Hangul,10:25금
210980718169559,Seongsu,127.05723429952,37.544404300001,2,English,i5S9 | Eddymml
2110963606033222,Seongsu,127.055917,37.544802,1,Other,:9
2112660935777190,Seongsu,127.0577048,37.540069265924,1,English,ODDOOODOROODO0
2127377070944914,Seongsu,127.0576357,37.5395208,4,Hangul,장안 | 리소 | 63 | 6공든
2129336357424567,Seongsu,127.0527937,37.547001399998,2,Mixed,출퓨에 | 카AfFOHM
2135961439935939,Seongsu,127.0587763,37.548802,2,English,GSSH | KICRGOING
2157151908078322,Seongsu,127.0569311,37.5449511,3,Hangul,주스 | 고국 | 임래문의
2167327920291725,Seongsu,127.0551566,37.5391532,3,Mixed,ACOUA | SA신! | 경진교회
2168786373636066,Seongsu,127.0561804,37.5452349,11,Hangul,고 | 그 | 속에 | 영혼을 | 막도 | 지국수 | 극대 | 지얼이조개 | 금복수복가 | 애물칼국수 | 껏법의조개
2207818246226417,Seongsu,127.0582994,37.542157400002,0,No_Text,None
225545509910292,Seongsu,127.0582872,37.548680199997,4,Mixed,느폰 | 버스드템 | 101 | SITF
231866525937159,Seongsu,127.0582167,37.548933699999,0,No_Text,None
234674029736750,Seongsu,127.0530785,37.546781,9,Mixed,ESPACE | 021515 | 1730 | 건립공사 | 90SK | R10107공 | 1402 | 010-4104 | -1635
248103665052690,Seongsu,127.0528533,37.546958700003,1,English,ATASLATFORM
251497381318943,Seongsu,127.0577048,37.540069265924,0,No_Text,None
2565024746979578,Seongsu,127.0572552,37.5444232,6,Mixed,킹 | 카 | 노래 | 연습장 | 키미슈즈 | KimmeShoes
264847023290122,Seongsu,127.0536231,37.546311899998,2,Hangul,어린이주일 | 꿈인랜드
266376866464957,Seongsu,127.0577005,37.540111700001,0,No_Text,None
2696103950550579,Seongsu,127.0542905,37.545613899998,0,No_Text,None
2704518929740468,Seongsu,127.057725,37.5461971,1,Other,30
2768077120007555,Seongsu,127.0552483,37.539490100001,1,Hangul,주
286147304451303,Seongsu,127.057728,37.5392984,0,No_Text,None
2937517266430057,Seongsu,127.0562431,37.5452217,21,Hangul,_ | 2025 | 협의조개념 | 1펄의조 | 대표메뉴 | 대무0 | 10조개맛집 | 자신하거관터한 | 바 | 지탁칼국수 | 해 | 바지락칼국수 | 캔벽의 | 물칼국 | 수 | 녹게전큼 | 해픔칼국수 | 개전금골 | 갯벌의조개 | 번논 | 퓨면
2955162854791212,Seongsu,127.0577826,37.5396988,0,No_Text,None
330963940007878,Seongsu,127.0552549,37.539702200002,0,No_Text,None
336796635708980,Seongsu,127.0577325,37.539216599997,0,No_Text,None
3369067750033618,Seongsu,127.0583709,37.548685800002,2,Hangul,금모 | 101
3451756418387500,Seongsu,127.0580184,37.5437,0,No_Text,None
3484875155157357,Seongsu,127.0526857,37.547088700003,1,English,ATDDOIRTF O oR
355146137021278,Seongsu,127.0551763,37.539241100002,2,Hangul,동경지물장식 | 성진교회
3578239945802823,Seongsu,127.0557385,37.5452817,0,No_Text,None
3592815837636000,Seongsu,127.0551277,37.5391446,2,English,ACOUA | SANTA
3603887776498097,Seongsu,127.0577402,37.5398975,0,No_Text,None
3687342221583519,Seongsu,127.0577356,37.5393878,0,No_Text,None
3727532374156115,Seongsu,127.0577415,37.5394195,0,No_Text,None
373123478374408,Seongsu,127.0576476,37.540360899999,0,No_Text,None
3774892759504817,Seongsu,127.0573882,37.539612,0,No_Text,None
3786215248296159,Seongsu,127.0593081,37.5433847,0,No_Text,None
3871705806430303,Seongsu,127.0572178,37.5448778,11,Mixed,하나은행 | 나하나은항 | 스4번: | 나로충분합니다 | 성수역지광행문 | As CAHCOSA | 환편도승금도 | 아나손영RP | 목본학원 | 금매 | 나온혈
392925490328783,Seongsu,127.0512344,37.548564699999,0,No_Text,None
3934328046836468,Seongsu,127.0569914,37.545011,22,Mixed,0-22 | 202 | 19 | 때무 | mattacs | Mattacco | Chicken | mattacco | Chicken | Chicken | 이어 | 두피문진 | Css | M41LFES | MP | 0구공날 | 감은 | MUaCCO | MattAFCO | 1a1t2CCo CHECrE! | MaLr린GCo | 하는
3948319158728855,Seongsu,127.0559935,37.541104199998,1,Other,-
396286236570259,Seongsu,127.0577239,37.5400275,1,English,01000h00
396680373344145,Seongsu,127.0577224,37.5394986,0,No_Text,None
398388589832470,Seongsu,127.0569698,37.5397064,1,Hangul,주자금지
403979039129044,Seongsu,127.0513337,37.548418803419,0,No_Text,None
404607485833243,Seongsu,127.0555636,37.5404696,0,No_Text,None
4051005015178845,Seongsu,127.057113,37.5447471,18,Mixed,155107 | 건n95미-T0 | 동리공마린리으교 | 한국어 | 인재개발원62869 | B108 | 국비무료 | 풀스택 | 인공지능 | 교 | 클라우드 | 파이싼 | 세c010! | 4E6A | SUBI | 모운 | 05 | 교요
409648335257584,Seongsu,127.0552995,37.5401135,6,Mixed,TOM N TOMS COFFEE | Aod!StuIo | 소감미전문점 | 회식환영 | 톨키지프리 | 주차가
410406328592154,Seongsu,127.0552598,37.539682199998,0,No_Text,None
416738061145868,Seongsu,127.0573882,37.539612,0,No_Text,None
419841124333534,Seongsu,127.057722,37.5395324,2,Hangul,동심 | 78
420230500716275,Seongsu,127.0513305,37.548306300001,0,No_Text,None
422517537145289,Seongsu,127.054314,37.5456776,8,Mixed,승PT | 껌수목 | 이지 | 생수본짐 | 02-466-1880 | DOSKN | B?rbbin | 33
425512596747234,Seongsu,127.0529116,37.546912899999,3,Hangul,수한솔고빙 | 466 | 8955
427709326617657,Seongsu,127.057713,37.5395176,0,No_Text,None
434770212580744,Seongsu,127.0552484,37.539762100002,0,No_Text,None
436669209047197,Seongsu,127.057728,37.539997249725,0,No_Text,None
442638311709297,Seongsu,127.0582179,37.543419899998,5,Mixed,XON | 5격 | ANNIVErSary | SINCE | 2009
443220551526595,Seongsu,127.0579837,37.541445,2,English,RIROCIKER | KNICIKE
443628367783740,Seongsu,127.0578218,37.539547099997,0,No_Text,None
449502380787689,Seongsu,127.0573754,37.53961,6,Mixed,대한민국대모수합 | DIA | DND | 대한인국대회 | 수부우 | 대한안국대수합생우
451331134038870,Seongsu,127.0542896,37.545619299998,2,English,HVAAF | 3?
453276743901919,Seongsu,127.0568564,37.5397124,1,English,LOCo STUDI0
454500893902772,Seongsu,127.0535209,37.546392799416,2,Hangul,빛의자녀학교 | 꿈인랜드
455624203669014,Seongsu,127.0571276,37.5396668,1,Hangul,아파트
461321869654609,Seongsu,127.0577423,37.539427800002,0,No_Text,None
462842622672897,Seongsu,127.0577016,37.540103900001,1,Hangul,신
463840319173425,Seongsu,127.0564856,37.544225399997,4,Hangul,리 | 레이저 | 163-6544 | 월부동산
464149056179385,Seongsu,127.0577432,37.5409676,1,Mixed,가R
466622252383306,Seongsu,127.0553153,37.5401568,2,Hangul,소양 | -
471243234997123,Seongsu,127.0545674,37.5434535,5,Mixed,연세의원 | 2F | 국제식 | 김대서 | 화포식
483757623977519,Seongsu,127.054214,37.5458486,2,Hangul,만두 | 부종송
487210603870651,Seongsu,127.0523851,37.5473665,9,Mixed,Y공z | 역 | 이 | 나지게차 | 1657080 | 삼일 | 려 | 앓지게차 | 466-123
514331578167544,Seongsu,127.0598607,37.5430905,10,Mixed,0공울 | 경복피혁 | 중개컨셜팅 | T02463- | -4455 | F499-4937 | 소모지지 | 469-0414-5 | 010-3310-0410 | 463-4455
519216823674447,Seongsu,127.0580674,37.5477836,3,Mixed,내껌금금 | 부옹스 | STUMPHILLS
527484115910815,Seongsu,127.0545674,37.5434535,3,Mixed,2F | 국제식 | 대설
527899439333465,Seongsu,127.0573021,37.544389300002,8,Mixed,래연습장 | 키미슈 | 즈 | KimmeShoes | 레미수유 | 50000 | 80000 | 현금가
528101016651441,Seongsu,127.0562897,37.5452095,13,Hangul,신선하 | 대왕조가 | 차라 | 부부 | 고3311 | 면일부동산 | 498 | 2888 | 비 | 원부동산 | 부동산 | 최감맛집 | 3
528537022497007,Seongsu,127.0577883,37.539752200002,2,Mixed,노타 | LC01E1A2의
538542082598624,Seongsu,127.057545,37.5456879,3,Hangul,1:1 | 린 | 부리다!
541789765617367,Seongsu,127.0581743,37.5487573,3,Hangul,15두 | 65일리스 | [-7106
5557356914368677,Seongsu,127.0574526,37.5446975,10,Mixed,래 | 북촌 | SUBIIY! | 생몰시 | 트사증수터시 | 몽시음종모효 | 24시간 | 1치 | 오음하트듬음듬 | 올종모보보
556269576563775,Seongsu,127.0581407,37.548474,0,No_Text,None
577970185298157,Seongsu,127.0546859,37.5450551,8,Mixed,OWE | 품AR용 | 서울올업피부과원 | 건국약국 | 건국 | 약국 | 에스타 | 철
587359544332954,Seongsu,127.054715,37.54462,1,Mixed,미S
597633192180810,Seongsu,127.057431,37.5459284,9,Mixed,010-3024 3949 |  gnl com | 교 | 박종일 | 부동산 | 복권판매점 | 유운 | proto | [[
6056566807742539,Seongsu,127.0584343,37.548611111111,3,Hangul,퓨리 | 유리션동 | -
607003182373098,Seongsu,127.0554642,37.544873,16,Mixed,Y | HEBBE | 연습장 | 성인컴퓨터방 | 전화방 | 를 | 코현노교 | BAR | Special | PT | 히닥4말의다 | 내 | OL! | 크은 | S?BccdIne | 노래영습장
626759250343949,Seongsu,127.0546986,37.5450549,13,Mixed,HES! | 24시간 | 1여노래 | 연습장 | EWESTPC- | Special PT | GUNIGSEO? | TOSVISDTN | 11PT전문 | 휴약손마사기 | 4터 | SYOUNG | 어블루클럽
627867716707580,Seongsu,127.05593,37.544802,1,Other,10
640813475478150,Seongsu,127.0574302,37.5452884,2,English,CBL4! | 15/:
643655688369651,Seongsu,127.0568213,37.544178,2,Mixed,만로카A맥 | ERAR
644746955180756,Seongsu,127.0550025,37.544985,2,Hangul,202 | <신호시
649997331104759,Seongsu,127.0559289,37.5452468,0,No_Text,None
651144584293721,Seongsu,127.0585954,37.543421,0,No_Text,None
657001107080429,Seongsu,127.0560543,37.5442082,4,Hangul,주정 | 금지 | 성동경찰 | 사주의
675595674925432,Seongsu,127.0553763,37.5453974,6,Mixed,고 | 3659 | 바다포차 | 사랑 | 카있는 | 1110표A!
676078924860686,Seongsu,127.0576081,37.5458632,1,Hangul,하늘라안으원
680861174470661,Seongsu,127.0562526,37.5441416,0,No_Text,None
681260734066234,Seongsu,127.0574642,37.539574900003,0,No_Text,None
687746600357311,Seongsu,127.0573067,37.5450223,4,Hangul,9:21:5 | 수승적동증치료 | 명하은한 | 시스
689755770177905,Seongsu,127.0559596,37.5442149,1,Hangul,세0
7158359847623783,Seongsu,127.05166666667,37.548009340339,0,No_Text,None
720123579762695,Seongsu,127.0584861,37.548673,12,Hangul,지유대 | 구대 | 자유리 | 전면유리션럼 | 써루프 | 수입차유리 | 자유리씬팅 | 음理 | 곰모 | 마스아릴 | 얼치다기능 | 동제어
728266282714867,Seongsu,127.0576363,37.5406076,0,No_Text,None
729034388775031,Seongsu,127.0580132,37.547540199997,1,Other,-
729881902143833,Seongsu,127.0573582,37.545548,1,English,Swall
730145538508511,Seongsu,127.0575946,37.546337700001,2,Hangul,유늘 | 북시
7325699854219818,Seongsu,127.0516246,37.548043900002,0,No_Text,None
738252558480132,Seongsu,127.0576533,37.540562099999,0,No_Text,None
739917251663352,Seongsu,127.0558934,37.540946299999,8,Mixed,FRIENDS | SCREEN | 프렌즈스크린성수짐 | B7 | FRIENDS | SCREEN | 더물에이스크린 | 024892011
746472387106987,Seongsu,127.0586447,37.5488015,2,Other,15 | 10005
746540730977713,Seongsu,127.0572416,37.539618600003,0,No_Text,None
749046360717508,Seongsu,127.0574765,37.539589300003,0,No_Text,None
763578702197569,Seongsu,127.055173,37.5392838,1,Hangul,성진교회
775639334542856,Seongsu,127.0535877,37.5463386,2,Hangul,어린이주일 | 꿈인랜드
775734794653904,Seongsu,127.05122490004,37.5486435,0,No_Text,None
777393410598396,Seongsu,127.0586044,37.548772299998,5,Mixed,미유리 | 자유리션딩 | CLExL | 미소아열릴 | 풍제어
7780350765317426,Seongsu,127.0576847,37.5401806,0,No_Text,None
781675737260788,Seongsu,127.0576475,37.540637,0,No_Text,None
798874565629641,Seongsu,127.0552643,37.5395288,0,No_Text,None
805323134280074,Seongsu,127.0557722,37.540678600002,0,No_Text,None
806378587497352,Seongsu,127.0580851,37.5417125,2,Mixed,LOCI! | 사무동
806815317443279,Seongsu,127.0580409,37.541648200002,1,Hangul,지상상플래넛
808451413979858,Seongsu,127.0534616,37.546446700001,1,English,HOLINESSCHURG
810840984241020,Seongsu,127.0522099,37.5475356,11,Hangul,무쇠삼겸 | 다 | 진무삼서울성수점 | 맥주 | 가 | 예약 | 가맹 | 02 | 498-6633 | 1833- | -2024
815858943780424,Seongsu,127.0579158,37.541274699998,0,No_Text,None
818129736848433,Seongsu,127.0571986,37.539612899997,0,No_Text,None
847689176545557,Seongsu,127.0577656,37.543712600003,0,No_Text,None
8710826075658196,Seongsu,127.0584768,37.5488258,5,Mixed,DE | E05 | 사유리 | 종산나1 | 음금군풍
877060420058609,Seongsu,127.0581955,37.548158299998,0,No_Text,None
880144309865261,Seongsu,127.0575877,37.546352899999,15,Mixed,6 | 아F | 쟁딸 | 기로 | 만든 | EZER | 6 | 고차르 | 모후2시까지 | 기울시즌한정설 | 후000원다 | -only Lake vot | 기 | 스마트폰으로 | 497-1236
887927595876645,Seongsu,127.0576295,37.546477,0,No_Text,None
895233025118383,Seongsu,127.0577664,37.547142915845,0,No_Text,None
900825504450839,Seongsu,127.0572975,37.544444444444,1,Hangul,성수이로
903603454871039,Seongsu,127.0527664,37.547021300005,1,Other,000000
9259554960833000,Seongsu,127.0553615,37.5453982,2,Hangul,회 | 삼성
927492755090735,Seongsu,127.0582094,37.5482095,2,Mixed,S문점 | 주서로사불부
929338144733476,Seongsu,127.057678,37.547268899999,2,Mixed,성수동 | PARK
938369714171569,Seongsu,127.0584901,37.548739298725,1,English,Ubu
939154347994644,Seongsu,127.0576179,37.539524099999,3,Hangul,661 | 63 | 금연구
939185244351667,Seongsu,127.0572134,37.5396172,0,No_Text,None
940064805411304,Seongsu,127.05875283333,37.546241666667,2,English,DERMA | GAELD50
9428158980613231,Seongsu,127.05593,37.544802,2,Hangul,개미5미가 | 10:27:39
945269254265250,Seongsu,127.0576715,37.540931400002,0,No_Text,None
9455197281203924,Seongsu,127.0581731,37.5485471,2,Mixed,구리2램프성수AMB | GUF2성수AME
950785379892875,Seongsu,127.051327,37.5489964,0,No_Text,None
953197603196775,Seongsu,127.0533391,37.546539699998,0,No_Text,None
954903546857533,Seongsu,127.057085,37.5445599,12,Mixed,니한국 | 11조 | 성 | 한국T2A렁형60969-10 | 리 | 국비무료 | 취엄고 | 스터 | 옥2운금 | 하Ecb | G | 신부인과
957251458515732,Seongsu,127.05721947195,37.544415299998,4,Mixed,L하IAIO | 유금거음 | 5층 | 34-2
957324432799128,Seongsu,127.0579689,37.5414116,10,Mixed,KNIOKE | RBOCKER | BAGE | 2탕F | 발레 | 9 | - | 본1만든 | 010-275 | 1T-US50
959036799283174,Seongsu,127.05778052805,37.539614700001,0,No_Text,None
964038345719882,Seongsu,127.054705,37.544638,2,Hangul,10 | :조
964644082321318,Seongsu,127.0565215,37.5450668,4,Mixed,C9의중 | 문 | 1 | 주차금지
966857182283836,Seongsu,127.0570415,37.5444735,0,No_Text,None
968340044777957,Seongsu,127.0517105,37.547973400002,0,No_Text,None
970715330830458,Seongsu,127.0578558,37.541062700001,8,Mixed,프트 | 461-47 | 느여어 | 준의 | 듣기교실 | 1 | KITSCHDOYA | 려리는
972202250410586,Seongsu,127.0584165,37.548668700003,2,Hangul,버스트뎀 | 01
974017924327238,Seongsu,127.0558697,37.540826,4,Mixed,1F | 사무용품점링크오피스 | 어 | 출자주의
975955250931456,Seongsu,127.0577613,37.539722222222,0,No_Text,None
976341530942907,Seongsu,127.0576334,37.540721699999,0,No_Text,None
976613914598045,Seongsu,127.056058,37.544762,0,No_Text,None
978024373675226,Seongsu,127.0579567,37.541378099997,5,Mixed,WALET PARKING | RIBO | KNICIKE | 본니한반4000 | 10-2752-06
982902896031932,Seongsu,127.0571462,37.5396624,1,Hangul,국표
985630173540310,Seongsu,127.0595791,37.5432764,1,Other,[
987135916469216,Seongsu,127.0529667,37.546874600003,1,Hangul,시
992269555937915,Seongsu,127.0577307,37.5395578,1,Hangul,장인타운
994687432616173,Seongsu,127.0561247,37.5441899,4,Hangul,는 | 주정 | 금지 | 성동경찰
996109972615274,Seongsu,127.056028,37.544758,1,Other,2925032
997687912317602,Seongsu,127.054715,37.54462,0,No_Text,None
